candidate_id,candidate_name,question_id,question_order,question_title,text
fujigaki,藤垣裕子,q01,1,世界や日本の将来を展望しつつ、今後の大学、特に東京大学の果たすべき役割をお聞かせください。,"人類にとって大学とは何か。ヒトは他の動物と異なり、文化や教育・学習を通じた世代間情報伝達機構をもつ。大学で学ぶことの人類にとっての意味は、知的遺産の継承の担い手になることであり、大学とは人類が生み出してきた世代間情報伝達装置のうちで重要なものの1つである。そして、元オックスフォード大学長のリチャードソン氏が入学式式辞で述べたとおり、大学とは「経済推進の源であり、文化の守護者であり、社会変革の駆動者であり、民主主義の基礎であり、新しいアイディアの創造者」である。

激動する国際情勢の中で、そして日本の中で、大学が果たすべき役割はやはり「学術」の基盤をしっかりと継承し発展させていくことであろう。日本の大学が財政基盤構築のうえで参考としている米国では、国民の「学術」「科学」への信頼がゆらいでいる。一方で日本社会では米国ほど信頼がゆらいでいるわけではないが、日本学術振興会がJapan Society for the Promotion of Science、日本学術会議がScience Council of Japanと訳されているように、科学と学術の境界があいまいである。私は、アカデミア(学術界)のもつ力とは、解法(Solution)に凝り固まった頭を解放(liberate)する力であると考える。具体的には、緊迫する国際情勢を別の角度から分析する力、営業利益とは距離を置いて基礎研究を充実させてイノベーションを導く力、そして、史実や古典や他の文化との比較から我々の「あたりまえ」を相対化する力、そして学術的見地から政府に助言する力である。

東京大学は、日本を代表する大学の1つであり、海外から「One of the top universities of the world」と言われるような大学である。今後の学術を牽引する役割をもつと考える。"
ohkoshi,大越慎一,q01,1,世界や日本の将来を展望しつつ、今後の大学、特に東京大学の果たすべき役割をお聞かせください。,世界は、地球温暖化の加速、紛争等の地政学的緊張、格差や分断など、複雑で相互に関連する地球規模の課題を抱えている。日本においては、少子高齢化による社会・産業基盤の弱体化、科学技術力の伸び悩みなどの構造的課題がある。このような世界と我が国の状況下において、東京大学が果たすべき役割は、世界最高水準の教育・研究による真理の探究と知の創造を基盤として、新たな学知を生み出し、その学知を科学技術イノベーション・新たなる価値創造・社会変革に繋げることと、世界と日本の将来を担う高度人材をあらゆる分野に規模感をもって輩出することにある。
someya,染谷隆夫,q01,1,世界や日本の将来を展望しつつ、今後の大学、特に東京大学の果たすべき役割をお聞かせください。,"いま日本を含む世界は、地政学的な緊張、気候変動、格差の拡大と分断の深化、生成AIに代表される技術革新のインパクトなど、複合的な課題に直面している。正解のない時代において、長期的な視野で学術を創造し、人類社会へ知を還元する大学の役割は大きい。 東京大学は、世界の公共に奉仕する総合大学として、最高水準の教育と研究を担い、次代のリーダーを育て、より良い未来を構想する責務を負っている。

この責務を果たすための前提となるのは、信頼である。いま東京大学には社会から厳しい目が向けられ、教育研究の現場が元気を失っている。本学の真価が十分に生かされていない現状に、私自身も強い悔しさを覚えている。事実を直視し、透明性と説明責任を徹底させることで、公明正大で公共性の高い大学として信頼を回復し、自ら資源を生み出して教育研究に再投資する成長へと転じたい。同時に、本部と部局との間に生じたさまざまな溝を埋め、学内の信頼関係を再構築し、一丸となって本来持つ力を発揮できる環境を取り戻したい。"
sugano,菅野暁,q01,1,世界や日本の将来を展望しつつ、今後の大学、特に東京大学の果たすべき役割をお聞かせください。,"現在の世界情勢は分断と対立、民主主義の後退、そして対立が大規模な軍事衝突につながるリスクが高まっている危機的な状況に向かいつつあると考える。また、自由主義経済の歪みの顕在化と地球環境の悪化(気候変動、生物多様性の低下等)に、AIの想定を超える急速な進展が相まって先行きが見通しにくい状況となっている。

日本については、上で述べた状況に加えて人口減少、急速な高齢化、地方の衰退、食料・エネルギー自給における脆弱性、移民とどう向き合うか等様々な課題が付け加わり、課題先進国と言われる状況にある。

このような中での大学、そして東京大学の役割については以下のように考える。混沌とした現状の的確な分析と、それをベースにした将来進むべき方向、また課題解決に向けた方策について議論・検討する場として、大学はますます重要な役割を果たさなければならない。米国の大学ではリベラルと保守の間の分断が深まり、政治による大学自治への介入が行われる事態に至っている。東京大学は様々な考え方、思想を許容し、自由な議論を行い、将来像を示すことで、分断に向かう流れを止める役割が期待される。また、様々な課題が顕在化することを見越して、長期的な観点から見た将来像と、課題解決に関する方策の実装についての研究を行いつつ、この課題解決策を実現できる人間の教育・育成を行うことが大きな役割であると考える。"
yamamoto,山本隆司,q01,1,世界や日本の将来を展望しつつ、今後の大学、特に東京大学の果たすべき役割をお聞かせください。,"1 世界や日本における 不確実性 とリスクの増大は、パンデミックや気候変動などにより明らかになっている。その中で 資源の取り合い の状況は、法の支配や民主政の危機が言われるまでに激しくなっている。日本は、2040年頃に人口減少・高齢化のピークを迎える。しかし既に各地域でインフラ、生活基盤の維持にも困難な状況が見られる。このように 社会そのものの持続可能性が問われる状況 は、世界や日本の将来において収束しないであろう。

科学技術の開発・活用は、課題に対応するために不可欠である。しかし、技術の開発・活用は新たな課題を生む面もあり、その課題への対応に新たな知が必要となる。

このような状況において、大学の果たすべき役割は、目前に現れている課題に対する解を示すことを超えて、 将来の社会課題に向けて多様な知を準備し新たな知を持続的に創出する ことにある。そして、社会の課題についても、研究上の課題についても、開かれた姿勢で 新たに問い、問い直し続ける ことにある。AIの開発・普及は、大学による知の創出を不要にするものではない。大学による知の創出の真価を、厳しく問うものである。

2 東京大学は、もともとは国家の近代化のために設けられた国立大学である。その後、リベラルアーツ教育の導入、さらに、社会連携、国際化を推進してきた。多様な社会の要請に応えるために、いわば接ぎ木を重ねて走り続けている面がある。しかし、こうした 東京大学の多面性は、世界や日本が置かれた状況に対応する強みに転換できる ものでもある。 世界と日本の社会の中で、 多様な知からシナジーを生む開かれた場 となることが、東京大学の役割である。現在東京大学で計画されている GRI、学術ユニット、UTD等の改革を、 単なる組織単位の変更、組織の分断、資源の取り合いにしてはならない 。それぞれの 目的を骨太に明確化 し、多様な知からシナジーを生むプロセスとして、 標語にとどめるのではなく、一貫した説明ができる制度に作り込まなければならない 。"
fujigaki,藤垣裕子,q02,2,東京大学の教育に対するお考えをお聞かせ下さい。,"東京大学は,国内外の様々な分野で指導的役割を果たしうる「世界的視野をもった市民的エリート」(東京大学憲章)を育成することが,社会から負託された使命である。実際、優れた潜在的能力をもつ学生が多く集まり、20~30年後には日本の中枢を担う人材となっている。彼らの能力を伸ばすため、そして健全な倫理観と責任感,主体性と行動力を身につけた市民的エリートを育成する環境を整えることが肝要であると考える。東京大学憲章にあるように、「東京大学の教員は、それぞれの学術分野における第一線の研究者として、その経験と実績を体系的に教育に反映する」責任がある。"
ohkoshi,大越慎一,q02,2,東京大学の教育に対するお考えをお聞かせ下さい。,"東京大学の教育は、学生に対して知識の伝達にとどまらず、自ら問いを立て、深く考え、未知の課題に挑戦する能力を身に付けさせるものでなければならない。その理念に基づき、高度な専門的知識、広い視野と洞察力、実践力、創造力、国際性、開拓者的精神などを涵養する必要がある。学部教育では、教養教育と専門教育を有機的に接続し、広い知の体系を知り、自らの専門の意義を知る力を養う。また、大学院教育では、高度な専門教育と実践的な研究を通じて、新しい学知、科学技術イノベーション、価値創造に関する力を鍛え、社会変革を担う高度人材育成を行う。

これからの教育では、各分野の専門教育に加え、海外派遣プログラム、産学官連携インターンシップ、アントレプレナーシップ教育、SDGsおよびGX教育、DX・量子・AI・統計データサイエンス教育なども重要である。新設UTokyo College of Design(UTD)による国際的な学士・修士一貫プログラム、構想中の新二学部(コンピューティング学部、ディープテック学部)に加えて、WINGSとSPRING GXを連携させた全学的な修士・博士課程学生支援システムWorld-leading Innovative Graduate Study Program Plus(WINGS+)の構築、海外大学との博士課程ダブルディグリー、学業と実務経験を連結させた「回転ドア制度」などの新しい産学官人材育成循環モデルが重要である。"
someya,染谷隆夫,q02,2,東京大学の教育に対するお考えをお聞かせ下さい。,"東京大学における教育の使命は、人類社会の変革を先導する次代のリーダーを輩出することであり、その基盤となるのが学部教育 である。教育の本質は、一人ひとりの個性を見いだし、才能を伸ばし、自立した人間として社会に送り出すことである。AI時代の教育では、技術に振り回されることなく、その力を使いこなしつつ、AIには代替できない「問う力」「決める力」「実行する力」のインテリジェンス(理知・叡智)を伸ばすことが重要である。

AIは既存の知識の整理に長けているが、常に正しい結果を導きだすとは限らない。既存の知識や常識を問い直すために必要なのは、確かでゆるぎない基礎学力である。東京大学はこれまで通り基礎学力を重視し、根拠に基づいて論理的に問い続け、問題の本質を見抜く「問う力」を鍛える。成果への道筋は一つに定まったものではない。異なる価値観を持つ人々との合意形成を主導し、責任を持って選び取る「決める力」には、早い段階からのリベラルアーツを通じて培う広い視野での教養と、分野を越えて知を融合させる力が必要である。さらに、決めたことを前に進め実現させる「実行する力」は、自らの体験を通じてしか鍛えられない。東京大学は、キャンパス内の学びに加え、社会、地域、産業界、行政、スタートアップ、海外での経験など、キャンパス外での多様な活動を教育機会として重視する。

学生や若手研究者を海外へ送り出し、世界から多様な人材を迎え入れる。大学と社会を柔軟に往還できる仕組みを、その学習・教育研究の過程において整える。こうした学びを通じて、世界の変革を先導するリーダーと、専門を通じて社会の中核を担う人材を育てたい。"
sugano,菅野暁,q02,2,東京大学の教育に対するお考えをお聞かせ下さい。,"大学教育にかかわった経験はなく、専門家ではない前提で考えを述べたい。東京大学の教育は前期課程の教養教育(リベラルアーツ)と後期課程の専門分野教育に分かれており、専門分野を深堀りする前に基礎的・総合的な判断力を養うことができる、他大学にない仕組みとなっており、東京大学の強味であると考える。

一方、科類に応じて後期課程における専門分野がかなりの程度規定されてしまう。現在、そして将来において科類の枠組みが固定的でなく、複数分野にまたがった学修の重要性が増す中、現在の東京大学の教養・科類システムで対応するには窮屈かも知れない。科類を大ぐくりにすることも検討すべきと考える。

専門分野の学修においては生成AIが長足の進歩を遂げる中、一方方向の授業ではなく、ディスカッションを取り入れ、大学外、海外に出てのアクティブ・ラーニングをもっと取り入れることで、大学の中に閉じこもることなく、外部との接触を通じて、学びを刺激的かつ多様なものとすることが必要であると考える。更に、教育の対象として社会人を含めたリカレント教育を強化拡充するべきと考える。"
yamamoto,山本隆司,q02,2,東京大学の教育に対するお考えをお聞かせ下さい。,"1 東京大学の教育には、専門教育と教養教育をともに重視するという明確な特徴がある。そして、教育が最先端の研究を反映し、また、 教育の場が研究を発展させるというプロセス が、東京大学の魅力となっている。現在、総合知・分野横断の重要性が標語として説かれる。しかし、それぞれの分野の専門性を深めない知を寄せ集めても、社会課題は解決しない。むしろ、専門家、高度専門人材の育成の強化は喫緊の社会的要請である。東京大学が取り組むべき課題は、専門教育を縮小して総合知の教育を拡大することではない。むしろ、 多様な専門知を深化させ、専門教育を強化すること、こうした専門知・専門教育をつなぐプロセスを活性化させること にある。 他方で、留学生および外国人教員(国籍の区別ではなく、バックグラウンドの多様性の意味で用語を用いる)の少なさが、かねて指摘されている。この点は、単に比率の問題ではない。東京大学が 日本人学生を含めて国際的に活躍できる人材を育てる教育の機能を高めること、教育の場としての東京大学の評価を国際的に高め広げること が、課題である。

2 以上の課題に対応する方策の一つは、大学が 学生に道標を示しながら、個々の学生が学際的または国際的な学修を選択する余地を実質的に広げること である。ダブルディグリー、サブメジャー、教育プログラム、交換留学、WINGS等、既に取組みがあり、さらに検討も進められている。学生がこれらを選択することが標準的なプロセスになるように、 個々の質が高い学際的授業および英語による授業を全学で拡充させること 、および、授業日程やカリキュラム編成等を 実務上調整すること を、迅速かつ着実に進めなければならない。

もう一つの方策はUTDにある。英語で学際的な学部・修士課程の一貫教育を行う UTDは、東京大学全体の教育の国際化・学際化を先導する開かれた場 にしなければならない。そのことが、UTDの教育の質の向上に資する。単に他部局の学生定員を減らして新しい特殊な部局を作ったという伝説にしてはならない。そのためには、部局の教員がUTDの教育を、UTDの教員が部局の教育を行い、また、UTDの学生が部局の専門教育を、専門教育を受ける部局の学生がUTDの教育を受けるという 循環のプロセス を築くことが必要である。そして、UTDに先導されて東京大学全体の教育の質と魅力が高まっていることを、国際的に発信し、優秀な学生を惹きつけなければならない。"
fujigaki,藤垣裕子,q03,3,東京大学の研究に対するお考えをお聞かせ下さい。,東京大学には、世界トップレベルの研究者が多く集まっており、どの分野のことでも学内の同僚に聞けば知見が得られるという点で恵まれた環境にある。世界最先端の研究が自由にできるよう設備・予算・研究環境を整えることが必要である。同時に、分野連携も充実させる必要がある。2011年の東日本大震災の際、「日本は長年科学技術立国を謳っていたのにもかかわらず、何故あのような事故を起こしてしまったのか」という問いが海外の研究者から多く投げかけられた。原子力研究も地震研究も津波研究も世界トップクラスの研究をしていながら、何故それを生かせなかったか。理由は、地震・津波研究の最新の知見が原子力研究に伝わっていなかったため、そして学術と行政の間がうまく連携されていなかったためである。日本が世界のなかでのプレステージを保ち、本学の国際的プレゼンスを向上させるためにも、異分野間や、研究と行政の間をつなぎ、多様な知の結集を社会の中で生かすことは必須であると考える。このことは、世界の公共性への奉仕につながる。
ohkoshi,大越慎一,q03,3,東京大学の研究に対するお考えをお聞かせ下さい。,東京大学の研究は、研究者一人ひとりの好奇心と深い学識に基づく自由な発想を源泉として新たな学知を創造することである。その学知を価値創造へとつなげ、世界と我が国の未来の可能性を切り拓くものでなければならない。本学には、自然科学、人文社会科学、医学、工学、農学、薬学、情報学、法学、経済学など多岐の分野にわたる世界屈指の基礎研究力がある。この基礎研究力をより一層深化させるとともに、これまでに無かった新しい研究分野を開拓する。更に、その研究力をGX、AI、半導体、宇宙・海洋、マテリアル、ライフサイエンス、医療、公共政策などにおける課題に展開し、科学技術イノベーションと新たな社会的価値へとつなげることが重要である。
someya,染谷隆夫,q03,3,東京大学の研究に対するお考えをお聞かせ下さい。,大学の使命は、知を創造し、継承し、人類社会の公共へ還元することである。 アカデミアの基本は、研究者自身の好奇心に基づく探究と、多様な学術の尊重 にある。東京大学では研究者の裁量を最大限に尊重し、若手が独自性を確立し、中堅・シニア研究者が経験を活かせる環境を整え、全世代が創造的に協働する研究組織を築く。 それぞれの研究の本質を最も深く理解しているのは、日々探究に取り組んでいる現場である。本部は、部局の専門性と自律性を尊重し、現場のアイデアを支援・加速する役割を担わなければならない。法制度が未整備な先端・境界領域では、研究者個人が制度上のリスクを抱え込むことのないよう、本部が制度的・社会的な課題への対応を担い、その低減に最大限努める。研究者が安心して未知の領域へ挑戦できる環境を整え、東京大学の研究力を最大限に引き出す。世の流行の価値基準におもねらず、人類文化の遺産である思想・歴史・言語・社会などの研究の重要性を社会に明確に示すことも、東京大学の大切な使命である。
sugano,菅野暁,q03,3,東京大学の研究に対するお考えをお聞かせ下さい。,"研究活動に従事したことはなく、専門家ではないことを前提に考えを述べる。

昨年ノーベル賞を受賞した日本の科学者が繰り返し述べているように、日本の基礎研究に対する資金不足は危機的な状態にあると考える。政府の政策に若干変化が見られるが,基礎研究、そして人文社会科学の研究に対する財源確保は大変重要である。

東京大学の研究分野は非常に幅が広く、かつバランスがとれており、これを維持しながら拡大強化していくことが必要と考える。

一方で、研究の分野、研究の進め方などはAIの発展もあって急速に変化してきており、変えるべきところと変えるべきでないところの見極めをしっかりやっていくことが重要である。政府は17分野のような中長期的な戦略分野の研究を重点的に支援する方向だが、東京大学としては、こういった分野のみに集中するのではなく、広い裾野を持った研究ポートフォリオを維持・強化すべきと考える。

また、研究において従来の分野を超えた取り組みが、複雑化する社会のニーズにこたえるために必要となってくる。更に、研究の成果である「知」を大学内にとどめるのではなく、社会に還元する活動を活発化させるべきと考える。"
yamamoto,山本隆司,q03,3,東京大学の研究に対するお考えをお聞かせ下さい。,"1 学知は、トップダウン・ボトムアップという決められた一方向の道筋により発展するものではない。異なる研究、異なる観点を認識するプロセス から、研究上の発見、シナジーが生まれる。研究資源の配分に関わる意思決定は、効率的・迅速に行う必要がある。しかし、こうしたプロセスがなければ、新たな学知を生み出す活力は削がれる。以下では、東京大学の研究の活力を高めるプロセスにつき、2点述べる。

(1) まず、東京大学の研究者が取り組んでいる研究、築いている研究上のネットワーク、捉えている国内外の研究動向につき、 全学で量的・質的な情報を収集し共有・交換するプロセス を整備しなければならない。このことは、大学として、研究資源の配分を行う上でも、国際化・社会連携を推進し横展開する上でも、研究者間・教育研究部局間の連携を進める上でも、基礎となる。

(2) その上で、現在議論されている学術ユニットが、チャレンジングな、いわば尖った研究を行うための研究者のグループ(緩やかな組織)として活用される。学術ユニットは、大学本部が現状の教育研究部局の単位やその責任を分割したり統合したりするという小手先の方策により、かえって東京大学の研究力を削ぐものになってはならない。教職員の人事・雇用関係、学生との関係、施設管理等につき 教育研究の現場で責任を持ち、問題が発生した時に対応するには、継続的な組織体制が必要である。これが教育研究部局である 。これに対し、 学術ユニットは、大学本部と教育研究部局とが一体となって、チャレンジングな、尖った研究計画を策定し、研究を進捗させ、評価することに特化したグループとなる 。だからこそ、 柔軟に設置・廃止し、構成を変更できる 。

このように教育研究部局と学術ユニットの性格の違いを明確にした上で、学術ユニットの研究計画や評価に整合するように、さらに、学術ユニットを強化するように、教育研究部局を計画的に運営するという循環を作る必要がある。 この循環により、教育研究部局が東京大学の研究力を高めるように変革される 。

各学術ユニットの 具体的な研究領域ないし研究テーマの候補 は、連携研究機構、分野横断的な研究センターといった組織、国際卓越研究大学構想の過程で研究科長が提案した重点テーマ等において、示されている。これを全学で詰めて発展させることが必要である。

2 東京大学が多様な知からシナジーを生むために留意すべき点を挙げる。これらの点は、 東京大学の研究の特徴 であり、学術ユニットの設置や評価の際に留意すべきである。

(1) まず、東京大学には基礎研究の強さをどのように持続させるかが問われている。 基礎研究なしに研究によるイノベーションは実現できない。基礎研究なしに、新たに生じる社会課題に対応する研究を持続させることもできない 。

(2) 次に、東京大学が 人文社会科学分野 ( 以下「人社」という )の研究をどのように生かすかも問われている。さらに2点に注意を要する。

第1に、自然科学の研究に当たり留意すべき点の指摘や、自然科学の研究を社会で活用するために必要な知見が、人社の研究に求められる場合がある。この場合、 しばしば、自然科学の研究テーマの設定と人社の研究分野とは、縦横に交差する関係に立つ 。例えば、AIの社会実装のためには、「AI法」という分野を設定しても研究は深化しない。さまざまな法分野の基礎的な研究を動員し、深化させる必要がある。

第2に、人社の研究分野には、英語でジャーナルに(共著)論文を発表するという指標では成果および国際化の進度を測ることができないものがある。 言語や文化・社会の多様性・歴史的多様性 が対象に含まれる研究である。しかし、 今後の東京大学の国際化のためには、こうした研究こそが必要である 。そして、こうした研究を国際的に発信し、東京大学の評価を高めるための方法・指標を、研究分野の特性に合わせて開発し展開しなければならない。"
fujigaki,藤垣裕子,q04,4,東京大学の運営・経営、社会連携、国際化に対するお考えをお聞かせ下さい。,"現在、大学のマネジメントは「運営」から「経営」へと大きく舵を切ろうとしている。財務部や社会連携部の努力により、運営費や受託研究費を切り崩すだけではなく、非目的指定の寄付金や間接経費を基金として集めて運用し、運用で得られた利益を学内活動にあてるエンダウメント投資がすすみつつある。この点、東京大学は国内の大学のなかでは先陣を切ってすすめられている改革である。

同時に大事なことは、変革を駆動する大学として、変えなくてはならないものと変えてはいけないものとの境界の見定めである。変えてはいけないことは、人類の知的遺産の継承の側面である。上述したとおり、大学とは人類が生み出してきた世代間情報伝達装置のうちで重要なものの1つである。そう考えると、経営体とはいっても、ふつうの企業のように採算の取れない部門は切り捨ててしまうといった施策は決して取ってはならないことが示唆される。学問は何のためにあるのか、地球環境と共存しながら人類が存続するために築いてきた知的遺産を次世代にどう引き継ぐかを常に考える必要があると考える。

社会連携については、大学の営みを深く理解してくれる産業界のパートナーを増やすこと、スタートアップ等大学発の研究開発と産業との連携をはかるための環境を整えること、そしてリカレント教育や大学の知の共有の場を充実させること、などが必要となる。来る2027年の東京大学150周年にむけて、すでに社会連携部が多くの労力を割いて準備をしているが、これも社会連携の場として有効に活用し、150周年後の東京大学の社会とのつながりがよりよいものになるよう努力を続ける必要がある。

国際化については、各構成員がおこなっている研究が国際的にますます展開するための手助け(拠点形成や旅費・人件費の確保)が必要となる。来日した研究者が滞在しやすい環境を整えることとともに、構成員が海外とのネットワークを構築しやすい環境作りが必要となる。また、留学生が来日しやすい環境・日本人学生が留学しやすい環境・共に学びやすい環境をつくることも必要と考える。これまで駒場キャンパスにあった PEAK は履修環境が閉じており、日本人学生との交流が限られていた。新しくできるUTokyo College of Designが閉じることなく他の在学生と交流できる工夫が大切であると考える。さらに、STSフォーラムのように科学技術界のトップクラスの研究者、大学学長、政策決定者、Funding-Agencyのトップが日本に集まる会合において、大学の存在感を示し、大学学長の議論をリードする役割は重要であると考える。"
ohkoshi,大越慎一,q04,4,東京大学の運営・経営、社会連携、国際化に対するお考えをお聞かせ下さい。,東京大学の運営・経営は、学問の自由と大学の公共性を堅持しつつ、教育効果と研究力を最大化するための持続可能な基盤を構築するものでなければならない。そのためには、学生支援、若手人材育成、国際化、男女共同参画・バリアフリーなどのDEI、DX推進に加えて、教育・研究活動維持のための建物・設備の修繕および新設・改築などに重点的に資源配分する必要がある。また、学術インテリジェンスおよびサイバーセキュリティの充実、教員評価を含む人事マネジメント改革を迅速に進める必要がある。財務基盤安定化のため、国からの運営費交付金および研究資金に加えて、寄附、エンダウメント、産学共同研究など、多様な財源を組み合わせた経営を進めることが重要である。また、基金・寄付金の資産運用と土地活用等も有効な手段であると考える。社会連携においては、社会とともに問いを見出し、新たな価値創造を共創する体制を構築する必要がある。特に、先端技術分野において産学官連携による大型共同研究を後押しする。国際化については、ASEAN諸国、韓国・台湾・インド・グローバルサウス等との連携を強化する。また、博士ダブルディグリーなども起点に、本学と海外大学との間で組織対組織の連携による新たな国際共同研究の創出と海外研究拠点設置などを積極的に推進する。
someya,染谷隆夫,q04,4,東京大学の運営・経営、社会連携、国際化に対するお考えをお聞かせ下さい。,"東京大学の 運営・経営では、透明性、公正性、説明責任を備えたガバナンスを確立し、社会と構成員からの信頼を築く 。ガバナンス改革は、構成員の活動を監視し、制約し、手続きを増やすためのものではない。本来の目的は、構成員が不当な攻撃にさらされず、不透明な運営に不安を抱かず、安心して教育研究と業務に集中できる環境を整えることである。

本部は、一律の統制を加える上位組織ではなく、部局だけでは解決しにくい制度的・財務的・社会的課題を引き受ける支援組織でなければならない。同時に、教育研究の水準を高め続けるためには、全学的な財源の確保が不可欠である。ガバナンスを基盤とし、 総長はリソース獲得の先頭 に立つ。本学の潜在力が社会にもたらす価値を自ら示し、大型の研究資金と投資を確実に本学へ呼び込む体制を築く。それにより、大学でなければできない長期を見すえた教育研究を行うリソースを確保する。政府資金に加え、寄附、エンダウメント、産学協創、知財、スタートアップにより財源を多元化し、大学の知を社会に還元して、社会の課題を新たな教育研究へとつなげる。さらに、教育研究の向上と社会への貢献がさらなる投資を呼び込む好循環を実現する。ここで確保した資源は、文理を問わず全学の教育研究を支える基盤となる。財務、経営、知財、事業化など、高度な専門性を要する機能には、必要に応じて外部人材を登用する。産学協創推進本部長として進めているUTokyo Enterpriseの設立は、専門人材と透明なガバナンス体制を備え、知を価値化して教育研究に還元し、理想の循環をつくりだす経営基盤強化の試みである。

国際化については、海外大学との組織的な連携を強化し、世界から優れた学生、研究者、職員が集い活躍できる環境を整える。言語や制度の壁を取り除き、世界と対話しうる国際的な人材循環を促し、東京大学の教育研究の成果と理念を世界に発信する。"
sugano,菅野暁,q04,4,東京大学の運営・経営、社会連携、国際化に対するお考えをお聞かせ下さい。,"(1)運営・経営について

2004年に国立大学法人として国からspin-offされて22年、東京大学の経営は様々な点で変わってきたが、まだ発展途上であると思う。民間企業の経営が国立大学法人の経営の目指すところでないことは明らかだが、民間企業の経営に携わってきた観点から、いくつか経営として改善すべきと考える点について述べたい。

1中長期的経営視点:運営費交付金や科研費を受け取り、これを単年度または複数年度にわたって費消するという国に依存した「運営」から、自立かつ持続可能な「経営」に移行するためには、経常収支差をプラスにして(これを利益と言うと、大学は利益を追わないと言われるが)、将来のための投資を行うことで大学経営を中長期的な視点で行う必要がある。米国の有力大学では寄附金から構築されたEndowmentを自助努力で構築し、その運用益を毎年payoutする(予算に繰り入れる)ことで予算全体の40%~50%をまかない、給付型奨学金や基礎的研究のサポート等様々な施策に対して、大学の判断に基づいて充当している。東京大学もEndowment型経営に舵を切ったが、この動きを更に加速し、財政の自律性を増していくべきと考える。

2責任と権限の明確化:大学執行部は総長、理事10名、執行役15名、副学長9名からなり、それぞれに「担当」が充てられているものの、どこまで自分の権限で決めることができ、その決定の責任を負うのかが明確でない。そのため決めるための会議の数が多くなり、責任の所在も不明瞭となる。重要な事項であれば会議に諮ってし熟議し、決定することは必要だが、全体として見れば不要な会議が多すぎて、極論すれば誰も責任を取らない体制に陥りがちである。責任と権限の明確化が必要であると考える。

3職員の役割の再定義:正直に申し上げて、東京大学における教員と職員の関係はいびつである。この状態のままでは、東京大学の組織としての持続性に大きな疑問符がつく。教育・研究が大学の主務であることから、教員に関する事項が経営の中心であることは大学という組織の特性からある程度当然であるが、職員に関する事項(教員と職員の役割分担、職員の処遇、キャリアパス等人事面の設計等)があまりにもなおざりにされていると感じる。近年有意の中堅職員の退職が増加しているのは、この課題が表面化していることが理由であると思う。教員による教育・研究活動が持続可能な形で成長していくためには、職員による教育・研究を支えるプラットフォームの創造的・効率的な運営が必須である。そのためには、職員の人事制度を抜本的に改革し、処遇、キャリアパス、教員との関係を、これからの東京大学の成長を支える職員にふさわしいものに抜本的に改革する必要がある。また、これまで職員で理事の職位にあがったものはいないが、これを可能にしていきたい。

(2)社会連携について

東京大学が有する「知」を社会に還元することは社会全体の発展のために必要である。東京大学は社会連携において国内の大学の中では抜きんでているが、強化する余地は大きい。

まず、大学の中にある「知」(=コンテンツ)をデータベース化して、これを常にアップデートする。そしてコンテンツを企業、公的機関等の外部のステークホルダーにつなぐ機能を強化することによって、大学の「知」が学内に埋もれることを防ぎ、社会への還元の流れを拡大すべきと考える。また知財ポートフォリオを戦略的にマネージする人材を配し、価値の最大化を図る体制整備が必要である。次に「知」を生み出す研究者をサポートする体制作りが重要だ。社会との連携で「知」を外につなげばつなぐほど研究者の業務負担が増し、研究者が疲弊していくのでは本末転倒である。RFPへの対応、モニタリングなどについて、専門家集団による外部資金獲得に関するサポート体制の充実が必須である。

(3)国際化について

「知」がグローバルな広がりを持つためには、東京大学の国際化は必須であるが、現状は欧米、アジアの有力大学と比べて遅れている。これはTHE、QSといった大学国際ランキングにおける、国際化に関する東京大学の位置を見れば一目瞭然である。教員の海外との連携機会を増やすべくサポートする、留学生(特に学部学生)を増やす、職員のグローバル対応力を強化する(海外派遣、国際人材の採用等)といった様々な施策を打つことで、東京大学の国際化を進めるべきと考える。"
yamamoto,山本隆司,q04,4,東京大学の運営・経営、社会連携、国際化に対するお考えをお聞かせ下さい。,"1 東京大学の ガバナンス には、そもそも次のように根本的な難しさがある。

(1) 大学の運営・経営の難しさは、学問研究の性質上、 ステークホルダーが将来世代を含み、多様で特定しがたい ことにある。そのため、 中心となる活動目標を「世界の公共性に奉仕する」という以上に特定できない 。こうした統合の難しさは、大学の活動領域が諸種の社会連携により広がるにつれて、ますます大きくなる。 さらに、学問研究活動の核心は 自由と個性 にある。 個の多様な力からシナジーを生み組織の力にすること は、どの組織でも課題である。しかし、大学、特に最先端の学知の創造を任務とする東京大学では、この課題が特に切実となる。

(2) 加えて、日本の国立大学法人の法制度に独特な点として、 独任制の学長(総長)に権限が集中 していることがある。総長を監視する権限をもつ合議体として、運営方針会議、総長選考・監察会議がある。しかし、これらの合議体の委員の半数以上は総長が直接または間接的に選考しており、その 牽制機能には限界 がある。これらの合議体をどのように牽制するかという問題も加わる。こうした問題は、教育研究その他の活動の幅が広く、規模も大きい東京大学では、特に切実である。

(3) 以上の根本的な課題に対し、 教育研究の現場につき責任を持つ部局が大学の変革を阻害しているので、総長のリーダーシップを強化するべきとか、部局をなくすべきという二項対立の図式を唱えても、解決にならない 。また、 教育研究の現場ないし部局が総長ないし大学本部を牽制する役割 も重要である。こうした役割を抑えることは、健全なガバナンスのあり方とはいえない。

2 東京大学では、前回の総長選考以後の諸問題を契機に、ガバナンス上の課題が強く認識されている。しかし、なお根本的な解決には至っていない。 (1) ガバナンスや法は研究の自由を妨害する規制であるという二項対立 の考え方は、東京大学の構成員にも見られなくはなかった。意思決定の効率性を超えて、教員が大学運営に参画する負担の軽減を、ガバナンス改革と称することも、この二項対立に由来する。しかし、ガバナンスや法が機能しないと、問題が発生して、大学が対応のためにコストをかけなければならず、大学の社会的な信頼が低下し、研究活動の支障になる。また、 ガバナンスや法は、所与ではなく、継続的に創るものである。それがあってこそ、自由な教育研究活動を展開できる ことを、認識しなければならない。

(2) 東京大学は、大学本部および部局の全体として、ガバナンスのために資源(人員、予算)を十分投入できていない。顕著な例がハラスメント対応である。東京大学が活動領域を質量ともに拡大させることに伴い、争いやリスクも質量ともに増大している。本来は、このことに対応して、ガバナンスのための資源の増強が必要であった。現状では、財政危機の状況もあって、資源の増強が追いついていない。

(3) 大学の組織および意思決定プロセスにも、個々に次のような課題が残されている。

第1に、 大学本部の役員、諸種の会議体および担当部署の間の役割分担および相互関係が、必ずしも明確でない 。そのため、 組織およびコミュニケーションのプロセスが増えるだけで、全体として輻輳し、効果的に機能していない。当のガバナンス関係の会議体および担当部署が、次々に継ぎ足され、変更を重ねる一方、縦割りになっている 。大学本部の各担当部署が所掌する研修が増えているが、全体として効果的になっているかという問題は、わかりやすい一例である。

第2に、 大学本部と部局との役割分担および協力関係についても、シナジーを生み出すための共通認識が、まだ形成されていない 。教育研究の現場の問題案件について、部局も把握または対応できない例が見られた。その後も、問題案件について、部局が大学本部に全て任せようとする例や、逆に表面化を避ける例が、ないではない。

第3に、 任務・業務が東京大学と密接な関係がある法人、および当該法人と大学法人・大学構成員との関係のガバナンスについて、構造的な課題が残されている 。いわゆる個人会社の濫用まで明らかになっている。こうした法人との関係については、 東京大学との距離を保つという利益相反管理の観点と、東京大学と一体的に組織管理を行うという観点との、組合せと使い分け が必要になる。

第4に、 学外有識者に東京大学全体の問題状況を理解していただいた上で、変革のための知見をいただき、それを大学運営に生かすというサイクル は、次第に定着している。それでも、国立大学法人法が経営協議会、学長(総長)選考・監察会議、運営方針会議の3つを分立させていることなどから、 会議体としては、役割が明確に認識されず、場合によっては標語がばらばらに説かれるにとどまってしまう という課題も残されている。さらに、本来はそれ以前の問題であるが、 大学構成員である職員および学生の意見を大学運営に恒常的に反映させるプロセスの明確化 も、宿題となっている。

3 こうした多面にわたる課題に鑑みて、ガバナンスの構造改革は、東京大学が今後取り組むべき重点課題である。東京大学のガバナンスのためには、 学問の自由と自律、必要な情報・知および多様な観点に基づいた意思決定、組織と意思決定プロセスにおける役割分担の明確性、相互牽制関係、コミュニケーションと透明性 が必要である。このような基本的な考え方・方針に基づいて、組織および意思決定プロセスを個々に改革していかなければならない。 ガバナンス改革は、問題を指摘し合い、建設的に意見を言い合える風通しのよい組織文化の醸成につながる 。

ガバナンス改革のためには、大学法人および関係する法人の 組織および意思決定プロセスの全体について、健全なガバナンスの観点から企画し、チェックすることを専門とする、大学本部の統一的な組織体制が必要である 。

4 社会連携・国際連携は、現総長のもとで大きく推進された。これらの推進に相応するように、利益相反管理、組織管理、安全保障輸出管理を含むガバナンスの基盤を強化する必要性は、上記のとおりである。社会連携の領域の拡大については、EBPMその他の分野で、 国内および国際的な公共部門との連携 を推進できないかと考える。教育研究の国際化については、東京大学は、財政基盤が弱点であるものの、世界各国の政治状況に鑑みれば、優秀な学生・研究者を惹きつける好機を生かす必要がある。具体的には (質問2) および (質問6) で述べている。"
fujigaki,藤垣裕子,q05,5,大学運営・経営における総長の役割、総長のリーダーシップのあり方について、お考えをお聞かせ下さい。,"東大総長には、学内で果たす役割と学外で果たす役割と2種の役割がある。東京大学内では、各分野で世界的に活躍する構成員が活き活きと研究・教育にまい進できるような環境を整えることが求められる。通常時は構成員の活動の場を支援すること、非常時(災害や不祥事発生時)は構成員の不安を取り除くべく指針を示すリーダーシップが求められる。そのためには、日ごろの学内コミュニケーションが重要であり、とくに財務コミュニケーションにはついては工夫が必要である。

それに対し、学外では学術の重要性を説いていく必要があるだろう。東京大学は文部科学省管轄の高等教育機関の1つであると同時に、東京大学の構成員はそれぞれ内閣府、経済産業省、国土交通省、厚生労働省、文部科学省他の省庁が主催する委員会や審議会のメンバーとして国に助言する立場にある。相互に支えあう関係を見失うことなく、国の方針に対する批判的視座を提供することが総長の役割であろう。大学の知が衰退すれば、科学的助言能力が落ち、ひいては国の力が削がれることになることは忘れてはならない。たとえばある省庁の大学像と別の省庁の大学像がずれている場合や、各省庁間の方向性に違いがある場合、国全体の「科学技術システム」の在り方にも助言する必要があると考える。"
ohkoshi,大越慎一,q05,5,大学運営・経営における総長の役割、総長のリーダーシップのあり方について、お考えをお聞かせ下さい。,東京大学は、教職員、学生を合わせて約4万人が所属する組織である。総長の役割は、その多様な意見を尊重しながら、国民からの負託を十分に理解し、東京大学の教育と研究の両面においてその使命と進むべき方向性を明確に示し、構成員の力を結集し、社会と世界に対して大学の責任を果たすことにある。リーダーシップを発揮する方法として、部局長が本部執行部と一体となって大学運営を進めるシステムを構築したい。Open Dialogueを拡大し、教職員・学生との対話の場を提供する。また、寄付活動・資産運用も重要なミッションであると考えている。
someya,染谷隆夫,q05,5,大学運営・経営における総長の役割、総長のリーダーシップのあり方について、お考えをお聞かせ下さい。,総長の最も重要な役割は、すべての構成員が安心して教育研究、業務、学びに集中し、それぞれの夢の実現に邁進できる環境を整えること である。そのために、多様な意見に耳を傾け、大学としての判断の根拠を明らかにすることが必要である。総長には、本部と部局の多様な知見を結集し、役割と責任を明確にしたチーム型の執行体制を築くことが求められる。十分な対話を重ねた上で、必要な決断を下し、その結果に最終責任を負う。私は工学系研究科長・工学部長時代に運営会議へ弁護士等の専門家を加えた経験を活かし、専門家と連携した迅速な意思決定の仕組みを全学に広げ、現場の裁量を尊重する。構成員の優れた教育研究と業務の成果を学内外に発信できるよう本部が支援環境を整え、大学全体の自信と一体感を高めることも、総長の重要な役割である。前向きで開かれたコミュニケーションを通じて、構成員が得意なことに生き生きと取り組める東京大学をつくりたい。
sugano,菅野暁,q05,5,大学運営・経営における総長の役割、総長のリーダーシップのあり方について、お考えをお聞かせ下さい。,"東京大学総長の経営における役割は、法人化後の 20 年余で大きく変わってきたと思う。UC Berkeleyの初代学長であったClark Kerr(1911〜2003)がアメリカの大学の学長に求められる役割と資質について述べた文章を少し長くなるが以下に引用する。今回の東京大学総長選挙において、求められる総長像にいくつかの新しい要素が加わったが、東京大学の総長像が Kerr 学長が述べている学長像に近づいている気がして興味深い。

「大学の学長は多くの期待を背負っている。学生の友人であり、教授陣の同僚であり、卒業生の良き仲間であり、評議会における優れた行政人であり、公衆を前に巧みな演説を披露し、外部の財団や政府の機関との交渉に長けた政治家であり、産業界や労働界と友人関係を築き、大学への寄付者を説得できる外交官であり、教育一般に関する先駆者となり、職業団体(特に法曹界や医学会)に支援を惜しまず、メディアへの広報を怠らず、また彼自身も優れた学者であることが要求される。さらに、国家への公僕となり、オペラとフットボールのどちらにも同様の造詣と愛着を持ち、よき夫よき父として、品格ある人間でなければならない。飛行機で飛び回ることや、人前で食事をすること、公的なセレモニーに出席することなどを厭わない。 誰もこれらすべてをできるわけではないし、どれ一つとしてできない人もいる。 」(下線は菅野候補による。また、よき夫良き父というくだりは一時代前のことである)

どれ一つとしてできないのはさすがに困るが、すべてをできる総長を得ることはほとんど不可能であろう。これからの東京大学総長の役割を考える際に忘れてはならないことは、今回新たに役割が規定されたプロボストである。総長がすべての役割を果たせない場合、プロボストがそれを補うというスタイルも選択肢に入るのであれば、総長は学術経験がないが組織の経営経験は豊富にあり、学術経験が豊富なプロボストとタッグを組んで大学経営を行うことは可能と思う。しかし一方で、経営と学術の役割分担が進んでいる米国の有力大学においても、学長はほぼ全員アカデミック出身であることは事実であるが。"
yamamoto,山本隆司,q05,5,大学運営・経営における総長の役割、総長のリーダーシップのあり方について、お考えをお聞かせ下さい。,基本的な考え方は、前項 (質問4-1) で述べた。総長の役割は、学内外の多様なステークホルダーをつなぎ、教育研究上のシナジーを生むことにある。そのための総長のリーダーシップは、 東京大学の理念と方針を大学内外に対し力強く示すこと、組織と意思決定のプロセスにおけるガバナンス体制を確立し、健全な組織文化を醸成すること、最終的には反対意見を避けられない決断をすること にある。
fujigaki,藤垣裕子,q06,6,国際卓越研究大学としての将来構想に関するお考えをお聞かせください。,"国際卓越研究大学への東大の申請書のなかでGRI(Global Research Infrastructure)は要となる組織である。GRIおよび学術経営本部をどのように作りこんでいくかが重要であるが、とくに「限られた予算をどこにどのように配分するか」という予算配分の原理とそれを支える研究評価は他大学の範となる必要があるだろう。たとえば京都大学では、新しい研究評価システムとしてCOMON(積層性、先進性、伏流性、波及性、汲流性)をあげている。とくに伏流性は、現状では成果が可視化されていない潜在的でユニークな研究を中長期的な視点で評価する軸である。学術の評価においては、今は見えていなくても中長期的に発展する潜在的可能性を考慮する必要があり、顕在化された「数」だけの評価は避けなくてはならない。この点、湯川秀樹氏もその著作のなかで地下水の比喩を用いている。東京大学では、独自の評価指標として何を用いるのか、構成員も交えての議論が必要となるだろう。

また、国際卓越研究大学は 25 年後の研究力を問うが、現在の学生は25年後には中堅のPIとなっているはずである。したがって、国際卓越研究大学構想は、教育の側面にも力を入れる必要があり、現時点の研究だけに視点が固定されてはならないと考える。"
ohkoshi,大越慎一,q06,6,国際卓越研究大学としての将来構想に関するお考えをお聞かせください。,世界最高水準の研究大学として、卓越した研究力と新たなる価値創造を担い、世界で活躍する高度人材育成のための国際的な教育・研究の場でなければならない。国際卓越研究大学として、(i)新設する学術ユニットに関しては、学術の卓越性を世界に向けて可視化する。(ii)GRIを活用して学内外から優秀な国際卓越教授をリクルートする。但し、文理を問わず、息の長い新たな基礎研究の発掘という点は重要である。(iii)リサーチエンジニアの設置による教員の研究サポート体制の充実を図る。(iv)UTDおよび新二学部の設置により学部教育を充実させる。(v)回転ドア制度を搭載したWINGS+による強力な大学院教育の支援を行う。(vi)大学院入試等のアドミッションプラットフォームの構築を行う。(vii)民間投資、寄附、エンダウメントと資産運用を組み合わせて財政基盤を強化する。(viii)相互不干渉の風土を改善するための、学内コミュニケーションを図る。
someya,染谷隆夫,q06,6,国際卓越研究大学としての将来構想に関するお考えをお聞かせください。,"国際卓越研究大学としての成否は、現場の自由な探究を支えながら、知の創造、価値化、再投資をつなぐ自律的な成長モデルを確立できるかどうかにかかっている 。本制度を活用し、長期的で安定的な研究投資、若手研究者の早期独立、世界水準の研究環境と待遇、戦略的な国際人材獲得を実現することが肝要である。その効果は、外部から迎える人材にとどまらず、現に本学で教育研究を担う構成員一人ひとりの研究環境の向上として実感されなければならない。世界から優れた人材が集い、腰を据えて知を創造し、その成果によって地球と人類社会に貢献する大学を目指す。

制度設計においては、本部が一律の目標や手法を部局にあてはめて進めるのではなく、学術分野ごとに異なる時間軸や評価軸があることを尊重して、その最適解を探りたい。全学的な理念や目標を共有した上で、各部局の特性を踏まえ、評価、資源配分、組織改革を柔軟に、見通しが効く形で設計する。急激な制度変更には移行措置を講じ、特に長期的な視野と継続性を要する教育に対しては、その質と安定性を損なわないよう十分に配慮する。

新しい研究領域を切り拓くには、倫理、法制度、研究インテグリティ、知財、データ、社会的受容などの課題に、全学的な専門組織が迅速に対応する必要がある。基礎研究への長期投資を確保しつつ、産学協創から生み出した価値を再投資する。さらに、制度による支援の終了後も成長を続けられる財務構造を確立し、現場の自由と安全を持続的に支える。"
sugano,菅野暁,q06,6,国際卓越研究大学としての将来構想に関するお考えをお聞かせください。,"国際卓越研究大学への申請における中核概念であるGRI(Global Research Integrate)について考えを述べたい。

そもそも国際卓越の助成金の目的は、世界最高水準の研究力を持つ大学をつくるために大学の経営を改革し、その研究力を社会に還元するということにある。東京大学の申請内容を大まかに分解すると、1GRIを中核にして、研究力を強化するために研究を担う人材や研究環境の整備に投資を行う。2社会からの要請の変化に応じて、研究の新陳代謝を不断に行う。3グローバル化、DE&Iを更に進めることで、研究の場として東京大学の多様性を高め、多様な研究成果が生まれてくるプラットフォームとする。

このうち1と3については議論の余地は小さいと考えるが、2については進め方について構成員の理解を得ながら規模感、スピード感を調整していく必要がある。研究の新陳代謝と言った時に当然出てくる疑問は、どういう基準で新陳代謝を行うかということだ。研究の成果について、誰が、どういう時間軸で、この分野は伸ばしたいので資源投下を行う、もしくはこの分野はこれ以上続けても成果が出ない、他の大学や研究機関でやった方が良いと判断ができるのか。この点は構成員との間で徹底的に議論し、認識を合わせることが必要である。

次に財務面から見ると、国際卓越による助成金は今後東京大学が世界水準の研究力を維持していくためには必要不可欠と考える。インフレ環境下で国からの支援がある程度は強化されることが期待されるにしても、研究人材、研究環境への投資には分野によっては多額の資金が必要となる。大学の裁量権が大きい運営費交付金が削減され、目的が決まった科研費がこれを補ってきた中で、国際卓越の助成金は大学自身で研究力強化のプログラムを策定することがある程度できる点で貴重な財源である。25年にわたる長期の助成金を財源として東京大学の研究力を強化していくことを、長期的な経営戦略として進めていくべきと考える。"
yamamoto,山本隆司,q06,6,国際卓越研究大学としての将来構想に関するお考えをお聞かせください。,"1 国際卓越研究大学の制度は、日本の大学が財政基盤を強靭化させ、国際的に高等教育・研究を持続的に牽引する場となることを、究極的な目標としている。それは、東京大学の目標と合致する。現在の東京大学の財政危機に照らせば、喫緊の課題でもある。

ただし、そのための手段として、国際卓越研究大学には、特定の基準による数値目標、特に収益・受益の数値目標を、変化(差分)の計画の形で示すことが求められる。この 成長モデルを自己目的化させると、大学が学問の自由と持続的な研究力とを失い、本来の究極的な目標を損なうことになりかねない 。東京大学としては、究極的な目標を実現するために何を行わなければならないかを見定め、その実現を加速するために国際卓越研究大学の制度を活用するというスタンスが必要となる。

2 国際卓越研究大学に認定された場合のGRIの制度設計をする上でも、認定されない場合のシミュレーションを行う上でも、東京大学の今後の活動について優先順位を考える必要がある。

(1) 東京大学が優先しなければならないのは、 学生が今後の社会を担うために学ぶ環境と、研究者、特にキャリア初期研究者が学問を牽引するために研究を積み重ねる環境、そして、職員が能力を伸ばし生かせる環境を向上させること である。こうした「 人を育む 」ことがなければ、東京大学が教育研究機関としての評価および社会の信頼を持続的に得ることはできない。 国際卓越研究大学に認定された場合、 GRI の制度設計にあたっては、「人を育む」ことを中心に考えなければならない。それは何より、 優秀なキャリア初期研究者に、国際的に活躍できる能力を伸ばす環境を作ること である。 すでに国際的に活躍している研究者を採用すること も考えられる。ただし、この場合、大学のランキングを上げる効果より、 東京大学で学生・研究者を指導することによる効果の大きさ を基準にするべきである。 GRIは、教員の任用に直接関わる制度になる。GRIは、教育研究部局と協力して研究者を育て、国際的な教員人事の可能性を広げるためのプロセスを形成し、そのことにより、東京大学全体の研究力を牽引するものでなければならない。 部局から一定割合の教員ポストを移し、研究者を選考し、研究活動を評価するが、部局に所属させて部局が管理責任を負うという、不整合な制度にしてはならない 。そのためには、 GRIと各教育研究部局とが人事計画を整合的に明確に立てて、人事手続を協力して行う制度 が必要である。

(2)大学業務および施設利用の効率化 も、国際卓越研究大学としての認定如何にかかわらず必要である。大学の教職員に求められる業務は全体に増える一方であり、業務の効率化は人員整理を意味しない。業務が局所的に減っても他の部分で増えては効率化にならないので、 業務プロセス全体 を実態に即して分析し改革する必要がある。また、大学施設の老朽化は、安全上の問題を発生させている。 施設・設備の必要な維持・改修を行い、効率的な利用を図るプロセスの確立 は、喫緊の課題である。

GRI構想に含まれる研究インフラの共通化も、効率化の一つである。ただし、(1)の要素とは別の問題として整理する必要がある。

(3) これに対し、東京大学の現在の財政状況に鑑みると、 国際卓越研究大学として認定されない場合 、組織の大幅な組換えを伴い、大きな追加的費用を要する改革事業は、当面困難である。また、 東京大学のプレゼンスを高めるが、「人を育む」ことに直接には関わらない事業は抑制し、既存のものであっても削減せざるを得ない 。その上で、広く社会からの信頼と支援を得て、財政基盤の漸進的強化を図ることになる。"
fujigaki,藤垣裕子,q07,7,その他、東京大学の取り組むべき重点項目など、自由にご記入ください。,"1学外コミュニケーションのみならず、学内コミュニケーションを充実させるための組織を整える必要がある。国際卓越研究大学におけるGRIや学術経営本部の設計や学費改定の議論などの場面で、学内コミュニケーションが非常に重要であると痛感した。部局長を通しての情報伝達機構に加えて、東京大学の構成員が本学のひっ迫した課題を「自分ごと」として考えるための場、および情報提供の場の設計を模索する必要がある。

2日本が世界のリーダーとして立つため東大は何をすべきか。私は本学の学生、そして研究者が「壁を所与と考えない力」および「コンセプトメイキングができる力」を身につけることが重要であると考える。日本では特に、一度作ってしまった組織や制度の壁を所与と考える傾向が強い。このことは組織や制度に限らず、概念の壁についてもいえる。壁を所与と考えない力、そして既存の壁を再編する制度設計をする力は、既存の組織や制度に責任を押し付けて「他人事」としてすませるのではなく、どのようにシステムを再編すれば日本が世界のなかで責任を果たしているとみなされるかを考える力である。これは日本が世界のリーダーとしてたつために必要な力の1つである。

次に、「コンセプトメイキングができる力」について述べる。「アジェンダ形成リーダーシップ」あるいはコンセプト生成によって世界をリードする力といってもいい。欧州発のRRI(責任ある研究とイノベーション)、米国発の責任あるイノベーションなど、欧米ではコンセプトを作って世界をリードする傾向がある。日本にももちろんそのようなコンセプトをつくる潜在的能力があると私は考える。その根拠を以下に示す。

1960年代に富山県で多くの患者がでたイタイイタイ病について、1968年に発表された厚生省見解及びその附属資料は、当時の最新知見をもとに原因物質と発生源を公表し、対策を講じた。厚生省公害課初代課長の橋本は、「科学的不確かさは半分近く残っているが、すべてが明確になる見込みはまずないので、それを待ってから行政としての判断と対応をするのでは、水俣病を二度繰り返すようなとりかえしのつかない大失敗をくりかえすおそれがある。したがって、最善の科学的知見にもとづいて行政としての判断と今後の対応を宣言したものであり、科学的究明は今後も積極的に続けなければならない」と述べている。この考え方はまぎれもなく「事前警戒原則」の考えかたであり、1992年のリオ宣言(リオデジャネイロで開催された「環境と開発に関する国連会議」における宣言)と同じである。つまり、1992年のリオ宣言よりも24年も前に、日本では事前警戒原則の考え方が取られていたのである。

実はこのような「コンセプトメイキングができる力」は日本に潜在的にあるにもかかわらず、日本からのコンセプトの世界への発信がうまくいっていない可能性もある。日本が世界のリーダーとして立つために必要な力の2つめはこれであると考える。

「壁を所与と考えない力」および「コンセプトメイキングができる力」を東大の教育のなかに埋め込むための一つの方策が戦後初代総長の南原繁氏が指摘した教養の力であり、東大憲章にもあるリベラルアーツである。ヘンリー・ニューマン卿が記したように、リベラルアーツの目的はこころを開くこと、直すこと、再定義すること、そして知識のなんたるかを知り、かみくだき、習得し、自分のものとし、使えるようにすること、そしてこころそれ自体の能力、応用力、柔軟性、秩序、批評の精度、洞察力、底力、他者への態度、そして説得力に力を与えるものである。すでに本学の制度として存在するリベラルアーツ(教養前期課程にとどまらず、専門を学びはじめてからの後期教養教育をふくめて)を「壁を所与と考えない力」および「コンセプトメイキングができる力」と連携させてさらなる充実をはかることが肝要と考える。"
ohkoshi,大越慎一,q07,7,その他、東京大学の取り組むべき重点項目など、自由にご記入ください。,現在の東京大学の教育・研究力の世界的な地位は、現在所属している教職員・学生により達成されているものであることを十分に踏まえ、学内教員への強力なサポート体制を整えたい。学生への支援も拡充させる。また、多くの患者を抱える世界屈指の医療技術を誇る東京大学附属病院を軌道に乗せるための支援も重要である。本部と部局との間の壁を取り去るため部局長が本部執行部の一員として大学運営に参画するVice President & Dean制を提案したいと考えている。また、新設される学術ユニットには、息の長い基礎研究と社会にインパクトを与える応用研究の両面から研究力を強化したい。東京大学と企業との間のクロスアポイントメントを充実させ、産学人材循環システムの構築を考えている。
someya,染谷隆夫,q07,7,その他、東京大学の取り組むべき重点項目など、自由にご記入ください。,"東京大学にとって、すべての構成員が能力を最大限に発揮できる環境の整備は喫緊の重点項目である。AIを使いこなした業務改善、DXによる時間の創出、安全で包摂的なキャンパスづくりを進める。子育て・介護世代、留学生、社会人学生、実務家教員など、さまざまな立場の構成員が働きやすく学びやすい環境を実現する。多様性を形式的な目標にとどめず、異なる経験と視点が響き合うことを、教育研究の力へと結びつける。

東京大学の真価は、文系・理系という固定的な区分を超えた総合知を構築しうる資源・人材を保有していることにある。AIの時代にこそ、リベラルアーツや人文社会科学の重要性は一層増している。学術の領域は絶えず変化し、新たな課題は既存の分野だけでは捉えきれない。構成員が分野の境界にとらわれず、互いの専門性を尊重しながら刺激し合い、一人ひとりが力を発揮して新たな知を生み出すこと──それこそが東京大学の成長の源泉である。

東京大学の持続的な成長へとつながる信頼の再構築と充実には長い時間を要するが、構成員の力を信じ、誠実に、粘り強く取り組む。 総長として学問の自由を守り抜き、構成員の一人ひとりが学問の自由を享受し、それに伴う責任を果たせる環境を整える。本部と部局がそれぞれの役割を担い、対話と協働を通じて響き合い、すべての構成員が誇りと自信を持って力を発揮できる、明るい東京大学を共に築いていきたい。

(※太字は染谷候補による)"
sugano,菅野暁,q07,7,その他、東京大学の取り組むべき重点項目など、自由にご記入ください。,"(1)多様性の改善

東京大学の多様性は3つの観点から改善が必要と考える。1ジェンダー、2国際性、3障がい者のインクルージョンである。

1ジェンダーについては特に女性の教員、学生の比率が2割近辺と低く、女性比率が高い職員においても高い職位における比率が低いという課題を抱えている。このジェンダー不平等の状態を改善するためには、逆差別という声が出ることは承知の上で、アファーマティブな施策を進めていくことが必要である。

2国際性については、足元の学部留学生比率である数%を欧米の大学並みに30%程度まで上げていくことが必要である。そのためには、入試制度の抜本的見直し、受け入れ体制の拡充(教員・職員両方で)が必要となる。

3障がい者の雇用比率が2.7%に引き上げられたが、東京大学はこの数字を満たしていない。また、障がい者の受け入れが一部の職場に偏り組織の中で一体感を持って受け入れられておらず、受け入れる職場、働く障がい者の双方にとって不幸な状態にある。よりインクルーシブな形で障がい者受け入れることが必要となる。

(2)本部と部局の関係見直し

東京大学の本部と部局の関係は過去の長い歴史、経緯の上に現在があることは理解するが、東京大学の今後の経営を考えるときに、以下の点で見直しが必要になると思われる。

1教員人事:国際卓越に採択されれば、部局で完結していた人事に本部(GRI)が関与する形になり、大学全体の最適性を勘案する教員人事に変わっていくべき

2財務:大学財務について透明性を高め、予算策定のプロセスに本部だけでなく部局サイドからの関与を強めることで、双方にとって納得感のある予算策定を行うようにする。

3施設:部局の持っている既得権益的な施設の使用を見直し、必要に応じてスペースチャージを入れながら、大学全体として施設の最適配置を目指すべき。施設の維持管理費用は本部が負担し、全学のプライオリティーを考慮しながら実施していく。"
yamamoto,山本隆司,q07,7,その他、東京大学の取り組むべき重点項目など、自由にご記入ください。,(記述なし)
