candidate_id,candidate_name,question_id,question_order,question_title,char_count,total_token_count,analysis_token_count_no_stopwords,unique_terms_no_stopwords
fujigaki,藤垣裕子,q01,1,世界や日本の将来を展望しつつ、今後の大学、特に東京大学の果たすべき役割をお聞かせください。,779,435,200,124
ohkoshi,大越慎一,q01,1,世界や日本の将来を展望しつつ、今後の大学、特に東京大学の果たすべき役割をお聞かせください。,261,162,74,55
someya,染谷隆夫,q01,1,世界や日本の将来を展望しつつ、今後の大学、特に東京大学の果たすべき役割をお聞かせください。,436,277,129,104
sugano,菅野暁,q01,1,世界や日本の将来を展望しつつ、今後の大学、特に東京大学の果たすべき役割をお聞かせください。,583,359,157,109
yamamoto,山本隆司,q01,1,世界や日本の将来を展望しつつ、今後の大学、特に東京大学の果たすべき役割をお聞かせください。,856,518,221,122
fujigaki,藤垣裕子,q02,2,東京大学の教育に対するお考えをお聞かせ下さい。,269,173,74,55
ohkoshi,大越慎一,q02,2,東京大学の教育に対するお考えをお聞かせ下さい。,619,325,154,120
someya,染谷隆夫,q02,2,東京大学の教育に対するお考えをお聞かせ下さい。,696,421,191,124
sugano,菅野暁,q02,2,東京大学の教育に対するお考えをお聞かせ下さい。,470,278,124,80
yamamoto,山本隆司,q02,2,東京大学の教育に対するお考えをお聞かせ下さい。,1033,624,262,130
fujigaki,藤垣裕子,q03,3,東京大学の研究に対するお考えをお聞かせ下さい。,442,276,113,75
ohkoshi,大越慎一,q03,3,東京大学の研究に対するお考えをお聞かせ下さい。,305,182,78,60
someya,染谷隆夫,q03,3,東京大学の研究に対するお考えをお聞かせ下さい。,435,276,119,82
sugano,菅野暁,q03,3,東京大学の研究に対するお考えをお聞かせ下さい。,498,300,127,76
yamamoto,山本隆司,q03,3,東京大学の研究に対するお考えをお聞かせ下さい。,1657,1002,412,194
fujigaki,藤垣裕子,q04,4,東京大学の運営・経営、社会連携、国際化に対するお考えをお聞かせ下さい。,1093,646,291,174
ohkoshi,大越慎一,q04,4,東京大学の運営・経営、社会連携、国際化に対するお考えをお聞かせ下さい。,549,321,148,109
someya,染谷隆夫,q04,4,東京大学の運営・経営、社会連携、国際化に対するお考えをお聞かせ下さい。,801,481,213,135
sugano,菅野暁,q04,4,東京大学の運営・経営、社会連携、国際化に対するお考えをお聞かせ下さい。,1844,1137,479,242
yamamoto,山本隆司,q04,4,東京大学の運営・経営、社会連携、国際化に対するお考えをお聞かせ下さい。,2736,1652,710,286
fujigaki,藤垣裕子,q05,5,大学運営・経営における総長の役割、総長のリーダーシップのあり方について、お考えをお聞かせ下さい。,539,328,152,95
ohkoshi,大越慎一,q05,5,大学運営・経営における総長の役割、総長のリーダーシップのあり方について、お考えをお聞かせ下さい。,259,157,70,57
someya,染谷隆夫,q05,5,大学運営・経営における総長の役割、総長のリーダーシップのあり方について、お考えをお聞かせ下さい。,400,252,108,80
sugano,菅野暁,q05,5,大学運営・経営における総長の役割、総長のリーダーシップのあり方について、お考えをお聞かせ下さい。,907,554,252,152
yamamoto,山本隆司,q05,5,大学運営・経営における総長の役割、総長のリーダーシップのあり方について、お考えをお聞かせ下さい。,186,108,46,38
fujigaki,藤垣裕子,q06,6,国際卓越研究大学としての将来構想に関するお考えをお聞かせください。,545,337,127,81
ohkoshi,大越慎一,q06,6,国際卓越研究大学としての将来構想に関するお考えをお聞かせください。,413,242,110,83
someya,染谷隆夫,q06,6,国際卓越研究大学としての将来構想に関するお考えをお聞かせください。,625,389,175,126
sugano,菅野暁,q06,6,国際卓越研究大学としての将来構想に関するお考えをお聞かせください。,835,523,224,125
yamamoto,山本隆司,q06,6,国際卓越研究大学としての将来構想に関するお考えをお聞かせください。,1546,953,406,178
fujigaki,藤垣裕子,q07,7,その他、東京大学の取り組むべき重点項目など、自由にご記入ください。,1611,957,425,216
ohkoshi,大越慎一,q07,7,その他、東京大学の取り組むべき重点項目など、自由にご記入ください。,328,192,93,70
someya,染谷隆夫,q07,7,その他、東京大学の取り組むべき重点項目など、自由にご記入ください。,608,368,173,130
sugano,菅野暁,q07,7,その他、東京大学の取り組むべき重点項目など、自由にご記入ください。,827,495,228,129
yamamoto,山本隆司,q07,7,その他、東京大学の取り組むべき重点項目など、自由にご記入ください。,6,4,2,2
