candidate_id,candidate_name,term,frequency,candidate_count,total_frequency,candidate_prevalence
fujigaki,藤垣裕子,為る,89,5,510,1.0
fujigaki,藤垣裕子,有る,73,5,247,1.0
fujigaki,藤垣裕子,事,31,5,152,1.0
fujigaki,藤垣裕子,居る,27,5,111,1.0
fujigaki,藤垣裕子,考える,26,4,61,0.8
fujigaki,藤垣裕子,力,24,4,42,0.8
fujigaki,藤垣裕子,日本,22,5,36,1.0
fujigaki,藤垣裕子,必要,19,5,72,1.0
fujigaki,藤垣裕子,成る,18,5,90,1.0
fujigaki,藤垣裕子,為,15,5,69,1.0
fujigaki,藤垣裕子,トウキョウ,14,5,114,1.0
fujigaki,藤垣裕子,世界,14,5,44,1.0
fujigaki,藤垣裕子,学術,14,5,34,1.0
fujigaki,藤垣裕子,環境,13,4,33,0.8
fujigaki,藤垣裕子,科学,11,5,25,1.0
fujigaki,藤垣裕子,年,10,3,15,0.6
fujigaki,藤垣裕子,コンセプト-concept,9,1,9,0.2
fujigaki,藤垣裕子,中,9,3,19,0.6
fujigaki,藤垣裕子,出来る,9,4,45,0.8
fujigaki,藤垣裕子,国際,9,5,59,1.0
fujigaki,藤垣裕子,社会,9,5,72,1.0
fujigaki,藤垣裕子,役割,8,5,37,1.0
fujigaki,藤垣裕子,構成,8,5,28,1.0
fujigaki,藤垣裕子,物,8,5,29,1.0
fujigaki,藤垣裕子,言う,8,5,51,1.0
fujigaki,藤垣裕子,連携,8,5,29,1.0
fujigaki,藤垣裕子,壁,7,3,9,0.6
fujigaki,藤垣裕子,無い,7,5,52,1.0
fujigaki,藤垣裕子,人類,6,2,11,0.4
fujigaki,藤垣裕子,分野,6,5,39,1.0
fujigaki,藤垣裕子,学内,6,5,13,1.0
fujigaki,藤垣裕子,整える,6,3,15,0.6
fujigaki,藤垣裕子,行く,6,4,22,0.8
fujigaki,藤垣裕子,評価,6,4,16,0.8
fujigaki,藤垣裕子,責任,6,5,22,1.0
fujigaki,藤垣裕子,of,5,2,6,0.4
fujigaki,藤垣裕子,つく,5,5,39,1.0
fujigaki,藤垣裕子,コミュニケーション-communication,5,4,9,0.8
fujigaki,藤垣裕子,メーキング-making,5,1,5,0.2
fujigaki,藤垣裕子,他,5,3,11,0.6
fujigaki,藤垣裕子,充実,5,4,11,0.8
fujigaki,藤垣裕子,制度,5,5,28,1.0
fujigaki,藤垣裕子,場,5,4,14,0.8
fujigaki,藤垣裕子,学生,5,5,31,1.0
fujigaki,藤垣裕子,情報,5,3,8,0.6
fujigaki,藤垣裕子,所与,5,2,6,0.4
fujigaki,藤垣裕子,持つ,5,5,19,1.0
fujigaki,藤垣裕子,於く,5,5,36,1.0
fujigaki,藤垣裕子,果たす,5,5,12,1.0
fujigaki,藤垣裕子,潜在,5,2,6,0.4
fujigaki,藤垣裕子,組織,5,5,37,1.0
fujigaki,藤垣裕子,能力,5,4,9,0.8
fujigaki,藤垣裕子,トップ-top,4,2,5,0.4
fujigaki,藤垣裕子,世代,4,3,7,0.6
fujigaki,藤垣裕子,伝達,4,2,5,0.4
fujigaki,藤垣裕子,作る,4,4,10,0.8
fujigaki,藤垣裕子,助言,4,1,4,0.2
fujigaki,藤垣裕子,卓越,4,5,22,1.0
fujigaki,藤垣裕子,取る,4,3,8,0.6
fujigaki,藤垣裕子,国,4,3,10,0.6
fujigaki,藤垣裕子,宣言,4,1,4,0.2
fujigaki,藤垣裕子,来る,4,3,13,0.6
fujigaki,藤垣裕子,省庁,4,1,4,0.2
fujigaki,藤垣裕子,知見,4,3,7,0.6
fujigaki,藤垣裕子,経営,4,5,29,1.0
fujigaki,藤垣裕子,行政,4,3,6,0.6
fujigaki,藤垣裕子,gri,3,4,14,0.8
fujigaki,藤垣裕子,the,3,2,4,0.4
fujigaki,藤垣裕子,アート-art,3,4,7,0.8
fujigaki,藤垣裕子,イノベーション-innovation,3,3,7,0.6
fujigaki,藤垣裕子,システム-system,3,3,7,0.6
fujigaki,藤垣裕子,リベラル-liberal,3,4,8,0.8
fujigaki,藤垣裕子,リーダー-leader,3,2,6,0.4
fujigaki,藤垣裕子,リード-lead,3,1,3,0.2
fujigaki,藤垣裕子,一,3,4,12,0.8
fujigaki,藤垣裕子,予算,3,3,8,0.6
fujigaki,藤垣裕子,今後,3,3,9,0.6
fujigaki,藤垣裕子,仕舞う,3,3,5,0.6
fujigaki,藤垣裕子,会,3,3,6,0.6
fujigaki,藤垣裕子,厚生,3,1,3,0.2
fujigaki,藤垣裕子,同時,3,2,5,0.4
fujigaki,藤垣裕子,変える,3,2,5,0.4
fujigaki,藤垣裕子,多い,3,2,5,0.4
fujigaki,藤垣裕子,学ぶ,3,3,5,0.6
fujigaki,藤垣裕子,学外,3,2,4,0.4
fujigaki,藤垣裕子,得る,3,4,10,0.8
fujigaki,藤垣裕子,憲章,3,1,3,0.2
fujigaki,藤垣裕子,技術,3,4,13,0.8
fujigaki,藤垣裕子,教養,3,5,8,1.0
fujigaki,藤垣裕子,文化,3,3,7,0.6
fujigaki,藤垣裕子,新しい,3,5,9,1.0
fujigaki,藤垣裕子,時,3,3,6,0.6
fujigaki,藤垣裕子,海外,3,4,13,0.8
fujigaki,藤垣裕子,点,3,4,16,0.8
fujigaki,藤垣裕子,産業,3,4,6,0.8
fujigaki,藤垣裕子,知,3,4,28,0.8
fujigaki,藤垣裕子,示す,3,5,12,1.0
fujigaki,藤垣裕子,米国,3,2,6,0.4
fujigaki,藤垣裕子,継承,3,2,4,0.4
fujigaki,藤垣裕子,総長,3,5,29,1.0
fujigaki,藤垣裕子,設計,3,4,8,0.8
fujigaki,藤垣裕子,議論,3,3,8,0.6
fujigaki,藤垣裕子,述べる,3,3,14,0.6
fujigaki,藤垣裕子,遺産,3,2,4,0.4
fujigaki,藤垣裕子,部,3,4,11,0.8
fujigaki,藤垣裕子,限る,3,2,4,0.4
fujigaki,藤垣裕子,集まる,3,1,3,0.2
fujigaki,藤垣裕子,japan,2,1,2,0.2
fujigaki,藤垣裕子,science,2,1,2,0.2
fujigaki,藤垣裕子,エリート-elite,2,1,2,0.2
fujigaki,藤垣裕子,クラス-class,2,1,2,0.2
fujigaki,藤垣裕子,リオ-rio,2,1,2,0.2
fujigaki,藤垣裕子,リーダーシップ-leadership,2,3,5,0.6
fujigaki,藤垣裕子,中長期,2,2,5,0.4
fujigaki,藤垣裕子,事前,2,1,2,0.2
fujigaki,藤垣裕子,交流,2,1,2,0.2
fujigaki,藤垣裕子,付く,2,3,4,0.6
fujigaki,藤垣裕子,付ける,2,2,3,0.4
fujigaki,藤垣裕子,伏流,2,1,2,0.2
fujigaki,藤垣裕子,会議,2,4,13,0.8
fujigaki,藤垣裕子,信頼,2,3,10,0.6
fujigaki,藤垣裕子,側面,2,1,2,0.2
fujigaki,藤垣裕子,傾向,2,1,2,0.2
fujigaki,藤垣裕子,像,2,2,7,0.4
fujigaki,藤垣裕子,元,2,1,2,0.2
fujigaki,藤垣裕子,共,2,4,8,0.8
fujigaki,藤垣裕子,其々,2,4,8,0.8
fujigaki,藤垣裕子,内,2,2,3,0.4
fujigaki,藤垣裕子,再編,2,1,2,0.2
fujigaki,藤垣裕子,切る,2,3,4,0.6
fujigaki,藤垣裕子,初代,2,2,3,0.4
fujigaki,藤垣裕子,判断,2,3,6,0.6
fujigaki,藤垣裕子,別,2,2,3,0.4
fujigaki,藤垣裕子,利益,2,3,6,0.6
fujigaki,藤垣裕子,努力,2,2,3,0.4
fujigaki,藤垣裕子,原則,2,1,2,0.2
fujigaki,藤垣裕子,原子,2,1,2,0.2
fujigaki,藤垣裕子,周年,2,1,2,0.2
fujigaki,藤垣裕子,因る,2,5,38,1.0
fujigaki,藤垣裕子,図る,2,4,7,0.8
fujigaki,藤垣裕子,地震,2,1,2,0.2
fujigaki,藤垣裕子,基盤,2,4,16,0.8
fujigaki,藤垣裕子,基礎,2,5,18,1.0
fujigaki,藤垣裕子,場合,2,3,11,0.6
fujigaki,藤垣裕子,境界,2,2,4,0.4
fujigaki,藤垣裕子,変革,2,4,9,0.8
fujigaki,藤垣裕子,多く,2,3,4,0.6
fujigaki,藤垣裕子,存在,2,1,2,0.2
fujigaki,藤垣裕子,学長,2,3,11,0.6
fujigaki,藤垣裕子,対する,2,5,13,1.0
fujigaki,藤垣裕子,対応,2,4,17,0.8
fujigaki,藤垣裕子,工夫,2,1,2,0.2
fujigaki,藤垣裕子,市民,2,1,2,0.2
fujigaki,藤垣裕子,度,2,1,2,0.2
fujigaki,藤垣裕子,形成,2,3,5,0.6
fujigaki,藤垣裕子,従う,2,1,2,0.2
fujigaki,藤垣裕子,心,2,1,2,0.2
fujigaki,藤垣裕子,情勢,2,2,3,0.4
fujigaki,藤垣裕子,感,2,4,8,0.8
fujigaki,藤垣裕子,提供,2,2,3,0.4
fujigaki,藤垣裕子,揺らぐ,2,1,2,0.2
fujigaki,藤垣裕子,文部,2,1,2,0.2
fujigaki,藤垣裕子,既存,2,3,6,0.6
fujigaki,藤垣裕子,旨い,2,1,2,0.2
fujigaki,藤垣裕子,最新,2,1,2,0.2
fujigaki,藤垣裕子,本部,2,5,28,1.0
fujigaki,藤垣裕子,来日,2,1,2,0.2
fujigaki,藤垣裕子,構築,2,4,13,0.8
fujigaki,藤垣裕子,機構,2,2,3,0.4
fujigaki,藤垣裕子,求める,2,4,8,0.8
fujigaki,藤垣裕子,津波,2,1,2,0.2
fujigaki,藤垣裕子,活動,2,5,18,1.0
fujigaki,藤垣裕子,現在,2,4,13,0.8
fujigaki,藤垣裕子,生かす,2,3,9,0.6
fujigaki,藤垣裕子,生み出す,2,5,9,1.0
fujigaki,藤垣裕子,用いる,2,2,3,0.4
fujigaki,藤垣裕子,留学,2,4,7,0.8
fujigaki,藤垣裕子,発展,2,3,8,0.6
fujigaki,藤垣裕子,発生,2,2,5,0.4
fujigaki,藤垣裕子,目的,2,4,7,0.8
fujigaki,藤垣裕子,立つ,2,3,4,0.6
fujigaki,藤垣裕子,経済,2,3,4,0.6
fujigaki,藤垣裕子,続ける,2,4,8,0.8
fujigaki,藤垣裕子,繰り返す,2,2,3,0.4
fujigaki,藤垣裕子,育成,2,4,8,0.8
fujigaki,藤垣裕子,自分,2,2,3,0.4
fujigaki,藤垣裕子,良い,2,4,10,0.8
fujigaki,藤垣裕子,装置,2,1,2,0.2
fujigaki,藤垣裕子,視点,2,3,5,0.6
fujigaki,藤垣裕子,課,2,1,2,0.2
fujigaki,藤垣裕子,警戒,2,1,2,0.2
fujigaki,藤垣裕子,財務,2,4,9,0.8
fujigaki,藤垣裕子,身,2,2,3,0.4
fujigaki,藤垣裕子,通り,2,3,4,0.6
fujigaki,藤垣裕子,運営,2,5,21,1.0
fujigaki,藤垣裕子,運用,2,3,6,0.6
fujigaki,藤垣裕子,配分,2,4,6,0.8
fujigaki,藤垣裕子,閉じる,2,1,2,0.2
fujigaki,藤垣裕子,開発,2,2,6,0.4
fujigaki,藤垣裕子,間,2,5,9,1.0
fujigaki,藤垣裕子,関わる,2,3,7,0.6
fujigaki,藤垣裕子,駆動,2,1,2,0.2
fujigaki,藤垣裕子,agency,1,1,1,0.2
fujigaki,藤垣裕子,college,1,2,2,0.4
fujigaki,藤垣裕子,comon,1,1,1,0.2
fujigaki,藤垣裕子,council,1,1,1,0.2
fujigaki,藤垣裕子,design,1,2,2,0.4
fujigaki,藤垣裕子,for,1,1,1,0.2
fujigaki,藤垣裕子,funding,1,1,1,0.2
fujigaki,藤垣裕子,global,1,2,2,0.4
fujigaki,藤垣裕子,infrastructure,1,1,1,0.2
fujigaki,藤垣裕子,liberate,1,1,1,0.2
fujigaki,藤垣裕子,one,1,1,1,0.2
fujigaki,藤垣裕子,peak,1,1,1,0.2
fujigaki,藤垣裕子,pi,1,1,1,0.2
fujigaki,藤垣裕子,promotion,1,1,1,0.2
fujigaki,藤垣裕子,research,1,2,2,0.4
fujigaki,藤垣裕子,rri,1,1,1,0.2
fujigaki,藤垣裕子,society,1,1,1,0.2
fujigaki,藤垣裕子,solution,1,1,1,0.2
fujigaki,藤垣裕子,sts,1,1,1,0.2
fujigaki,藤垣裕子,top,1,1,1,0.2
fujigaki,藤垣裕子,universities,1,1,1,0.2
fujigaki,藤垣裕子,utokyo,1,3,3,0.6
fujigaki,藤垣裕子,world,1,2,2,0.4
fujigaki,藤垣裕子,ずれる,1,1,1,0.2
fujigaki,藤垣裕子,アイディア-idea,1,2,2,0.4
fujigaki,藤垣裕子,アカデミア-academia,1,2,2,0.4
fujigaki,藤垣裕子,アジェンダ-agenda,1,1,1,0.2
fujigaki,藤垣裕子,エンダウメント,1,3,4,0.6
fujigaki,藤垣裕子,オウシュウ-外国,1,1,1,0.2
fujigaki,藤垣裕子,オックスフォード-oxford,1,1,1,0.2
fujigaki,藤垣裕子,キャンパス-campus,1,2,4,0.4
fujigaki,藤垣裕子,キュウ,1,1,1,0.2
fujigaki,藤垣裕子,キョウト,1,1,1,0.2
fujigaki,藤垣裕子,コマバ,1,1,1,0.2
fujigaki,藤垣裕子,シゲル,1,1,1,0.2
fujigaki,藤垣裕子,スタートアップ-start-up,1,2,3,0.4
fujigaki,藤垣裕子,トヤマ,1,1,1,0.2
fujigaki,藤垣裕子,ナンバラ,1,1,1,0.2
fujigaki,藤垣裕子,ニューマン-newman,1,1,1,0.2
fujigaki,藤垣裕子,ネットワーク-network,1,2,2,0.4
fujigaki,藤垣裕子,ハシモト,1,1,1,0.2
fujigaki,藤垣裕子,パートナー-partner,1,1,1,0.2
fujigaki,藤垣裕子,ヒデキ,1,1,1,0.2
fujigaki,藤垣裕子,フォーラム-forum,1,1,1,0.2
fujigaki,藤垣裕子,プレステージ-prestige,1,1,1,0.2
fujigaki,藤垣裕子,プレゼンス-presence,1,2,2,0.4
fujigaki,藤垣裕子,ヘンリー-henry,1,1,1,0.2
fujigaki,藤垣裕子,マネージメント-management,1,2,2,0.4
fujigaki,藤垣裕子,ミナマタ,1,1,1,0.2
fujigaki,藤垣裕子,メンバー-member,1,1,1,0.2
fujigaki,藤垣裕子,ユカワ,1,1,1,0.2
fujigaki,藤垣裕子,リオデジャネイロ,1,1,1,0.2
fujigaki,藤垣裕子,リカレント-recurrent,1,2,2,0.4
fujigaki,藤垣裕子,リチャードソン-richardson,1,1,1,0.2
fujigaki,藤垣裕子,レベル-level,1,1,1,0.2
fujigaki,藤垣裕子,一方,1,3,5,0.6
fujigaki,藤垣裕子,上,1,4,15,0.8
fujigaki,藤垣裕子,上げる,1,3,4,0.6
fujigaki,藤垣裕子,上述,1,1,1,0.2
fujigaki,藤垣裕子,不安,1,2,2,0.4
fujigaki,藤垣裕子,不祥,1,1,1,0.2
fujigaki,藤垣裕子,与える,1,2,2,0.4
fujigaki,藤垣裕子,中堅,1,3,3,0.6
fujigaki,藤垣裕子,中枢,1,1,1,0.2
fujigaki,藤垣裕子,主体,1,1,1,0.2
fujigaki,藤垣裕子,主催,1,1,1,0.2
fujigaki,藤垣裕子,主義,1,2,3,0.4
fujigaki,藤垣裕子,事故,1,1,1,0.2
fujigaki,藤垣裕子,二,1,3,6,0.6
fujigaki,藤垣裕子,交える,1,1,1,0.2
fujigaki,藤垣裕子,交通,1,1,1,0.2
fujigaki,藤垣裕子,人,1,3,9,0.6
fujigaki,藤垣裕子,人件,1,1,1,0.2
fujigaki,藤垣裕子,人材,1,5,22,1.0
fujigaki,藤垣裕子,今,1,2,3,0.4
fujigaki,藤垣裕子,他人事,1,1,1,0.2
fujigaki,藤垣裕子,他者,1,1,1,0.2
fujigaki,藤垣裕子,付属,1,2,2,0.4
fujigaki,藤垣裕子,代,1,1,1,0.2
fujigaki,藤垣裕子,代表,1,2,2,0.4
fujigaki,藤垣裕子,以下,1,3,6,0.6
fujigaki,藤垣裕子,企業,1,3,5,0.6
fujigaki,藤垣裕子,会合,1,1,1,0.2
fujigaki,藤垣裕子,伝わる,1,1,1,0.2
fujigaki,藤垣裕子,伸ばす,1,4,6,0.8
fujigaki,藤垣裕子,体,1,2,7,0.4
fujigaki,藤垣裕子,体系,1,2,2,0.4
fujigaki,藤垣裕子,作り,1,3,3,0.6
fujigaki,藤垣裕子,作り込む,1,2,2,0.4
fujigaki,藤垣裕子,使う,1,2,3,0.4
fujigaki,藤垣裕子,使命,1,3,5,0.6
fujigaki,藤垣裕子,保つ,1,2,2,0.4
fujigaki,藤垣裕子,倫理,1,2,2,0.4
fujigaki,藤垣裕子,優れる,1,3,6,0.6
fujigaki,藤垣裕子,先端,1,4,5,0.8
fujigaki,藤垣裕子,先進,1,2,2,0.4
fujigaki,藤垣裕子,先陣,1,1,1,0.2
fujigaki,藤垣裕子,入れる,1,2,2,0.4
fujigaki,藤垣裕子,入学,1,1,1,0.2
fujigaki,藤垣裕子,全て,1,4,8,0.8
fujigaki,藤垣裕子,全体,1,4,17,0.8
fujigaki,藤垣裕子,公共,1,4,8,0.8
fujigaki,藤垣裕子,公害,1,1,1,0.2
fujigaki,藤垣裕子,公表,1,1,1,0.2
fujigaki,藤垣裕子,共存,1,1,1,0.2
fujigaki,藤垣裕子,共有,1,3,3,0.6
fujigaki,藤垣裕子,具体,1,2,3,0.4
fujigaki,藤垣裕子,内閣,1,1,1,0.2
fujigaki,藤垣裕子,凝り固まる,1,1,1,0.2
fujigaki,藤垣裕子,出る,1,2,5,0.4
fujigaki,藤垣裕子,分析,1,3,3,0.6
fujigaki,藤垣裕子,切り崩す,1,1,1,0.2
fujigaki,藤垣裕子,切り捨てる,1,1,1,0.2
fujigaki,藤垣裕子,削ぐ,1,2,3,0.4
fujigaki,藤垣裕子,前,1,3,5,0.6
fujigaki,藤垣裕子,前期,1,2,2,0.4
fujigaki,藤垣裕子,創造,1,5,16,1.0
fujigaki,藤垣裕子,加える,1,5,11,1.0
fujigaki,藤垣裕子,労働,1,2,2,0.4
fujigaki,藤垣裕子,労力,1,1,1,0.2
fujigaki,藤垣裕子,動物,1,1,1,0.2
fujigaki,藤垣裕子,勧める,1,1,1,0.2
fujigaki,藤垣裕子,半分,1,1,1,0.2
fujigaki,藤垣裕子,卿,1,1,1,0.2
fujigaki,藤垣裕子,原因,1,1,1,0.2
fujigaki,藤垣裕子,原理,1,1,1,0.2
fujigaki,藤垣裕子,参考,1,1,1,0.2
fujigaki,藤垣裕子,反映,1,2,3,0.4
fujigaki,藤垣裕子,取り返す,1,1,1,0.2
fujigaki,藤垣裕子,取り除く,1,2,2,0.4
fujigaki,藤垣裕子,取れる,1,2,2,0.4
fujigaki,藤垣裕子,受託,1,1,1,0.2
fujigaki,藤垣裕子,古典,1,1,1,0.2
fujigaki,藤垣裕子,可視,1,2,2,0.4
fujigaki,藤垣裕子,史実,1,1,1,0.2
fujigaki,藤垣裕子,同僚,1,2,2,0.4
fujigaki,藤垣裕子,向ける,1,5,5,1.0
fujigaki,藤垣裕子,向上,1,3,5,0.6
fujigaki,藤垣裕子,含める,1,3,3,0.6
fujigaki,藤垣裕子,呉れる,1,1,1,0.2
fujigaki,藤垣裕子,問い,1,2,3,0.4
fujigaki,藤垣裕子,問う,1,4,11,0.8
fujigaki,藤垣裕子,営み,1,1,1,0.2
fujigaki,藤垣裕子,営業,1,1,1,0.2
fujigaki,藤垣裕子,噛み砕く,1,1,1,0.2
fujigaki,藤垣裕子,固定,1,3,3,0.6
fujigaki,藤垣裕子,国内,1,3,3,0.6
fujigaki,藤垣裕子,国内外,1,2,2,0.4
fujigaki,藤垣裕子,国土,1,1,1,0.2
fujigaki,藤垣裕子,国民,1,2,2,0.4
fujigaki,藤垣裕子,国連,1,1,1,0.2
fujigaki,藤垣裕子,在学,1,1,1,0.2
fujigaki,藤垣裕子,地下,1,1,1,0.2
fujigaki,藤垣裕子,地球,1,4,5,0.8
fujigaki,藤垣裕子,埋め込む,1,1,1,0.2
fujigaki,藤垣裕子,基づく,1,5,8,1.0
fujigaki,藤垣裕子,基金,1,2,2,0.4
fujigaki,藤垣裕子,場面,1,1,1,0.2
fujigaki,藤垣裕子,増やす,1,3,4,0.6
fujigaki,藤垣裕子,大きい,1,4,9,0.8
fujigaki,藤垣裕子,失敗,1,1,1,0.2
fujigaki,藤垣裕子,奉仕,1,3,3,0.6
fujigaki,藤垣裕子,始める,1,1,1,0.2
fujigaki,藤垣裕子,委員,1,2,2,0.4
fujigaki,藤垣裕子,存続,1,1,1,0.2
fujigaki,藤垣裕子,学問,1,4,9,0.8
fujigaki,藤垣裕子,学習,1,2,2,0.4
fujigaki,藤垣裕子,学費,1,1,1,0.2
fujigaki,藤垣裕子,守護,1,1,1,0.2
fujigaki,藤垣裕子,定義,1,2,2,0.4
fujigaki,藤垣裕子,実,1,1,1,0.2
fujigaki,藤垣裕子,実績,1,1,1,0.2
fujigaki,藤垣裕子,実際,1,1,1,0.2
fujigaki,藤垣裕子,寄付,1,4,8,0.8
fujigaki,藤垣裕子,審議,1,1,1,0.2
fujigaki,藤垣裕子,対策,1,1,1,0.2
fujigaki,藤垣裕子,専門,1,5,33,1.0
fujigaki,藤垣裕子,導く,1,1,1,0.2
fujigaki,藤垣裕子,展開,1,3,5,0.6
fujigaki,藤垣裕子,履修,1,1,1,0.2
fujigaki,藤垣裕子,常,1,3,3,0.6
fujigaki,藤垣裕子,底力,1,1,1,0.2
fujigaki,藤垣裕子,府,1,1,1,0.2
fujigaki,藤垣裕子,式,1,1,1,0.2
fujigaki,藤垣裕子,式辞,1,1,1,0.2
fujigaki,藤垣裕子,引き継ぐ,1,1,1,0.2
fujigaki,藤垣裕子,強い,1,3,4,0.6
fujigaki,藤垣裕子,当てる,1,2,2,0.4
fujigaki,藤垣裕子,当時,1,1,1,0.2
fujigaki,藤垣裕子,待つ,1,2,2,0.4
fujigaki,藤垣裕子,後期,1,2,3,0.4
fujigaki,藤垣裕子,必須,1,2,4,0.4
fujigaki,藤垣裕子,忘れる,1,2,2,0.4
fujigaki,藤垣裕子,応用,1,2,2,0.4
fujigaki,藤垣裕子,恐れ,1,1,1,0.2
fujigaki,藤垣裕子,恵まれる,1,1,1,0.2
fujigaki,藤垣裕子,患者,1,2,2,0.4
fujigaki,藤垣裕子,意味,1,2,3,0.4
fujigaki,藤垣裕子,態度,1,1,1,0.2
fujigaki,藤垣裕子,成果,1,4,10,0.8
fujigaki,藤垣裕子,戦後,1,1,1,0.2
fujigaki,藤垣裕子,手助け,1,1,1,0.2
fujigaki,藤垣裕子,批判,1,1,1,0.2
fujigaki,藤垣裕子,批評,1,1,1,0.2
fujigaki,藤垣裕子,投げ掛ける,1,1,1,0.2
fujigaki,藤垣裕子,投資,1,4,12,0.8
fujigaki,藤垣裕子,押し付ける,1,1,1,0.2
fujigaki,藤垣裕子,担い手,1,1,1,0.2
fujigaki,藤垣裕子,担う,1,5,12,1.0
fujigaki,藤垣裕子,拠点,1,2,2,0.4
fujigaki,藤垣裕子,指定,1,1,1,0.2
fujigaki,藤垣裕子,指導,1,2,2,0.4
fujigaki,藤垣裕子,指摘,1,2,4,0.4
fujigaki,藤垣裕子,指標,1,2,3,0.4
fujigaki,藤垣裕子,指針,1,1,1,0.2
fujigaki,藤垣裕子,振興,1,1,1,0.2
fujigaki,藤垣裕子,採算,1,1,1,0.2
fujigaki,藤垣裕子,推進,1,4,9,0.8
fujigaki,藤垣裕子,支える,1,3,6,0.6
fujigaki,藤垣裕子,支え合う,1,1,1,0.2
fujigaki,藤垣裕子,支援,1,5,14,1.0
fujigaki,藤垣裕子,改定,1,1,1,0.2
fujigaki,藤垣裕子,改革,1,5,15,1.0
fujigaki,藤垣裕子,政府,1,3,5,0.6
fujigaki,藤垣裕子,政策,1,3,3,0.6
fujigaki,藤垣裕子,教員,1,5,22,1.0
fujigaki,藤垣裕子,数,1,2,3,0.4
fujigaki,藤垣裕子,方向,1,4,6,0.8
fujigaki,藤垣裕子,方策,1,3,6,0.6
fujigaki,藤垣裕子,方針,1,2,5,0.4
fujigaki,藤垣裕子,施策,1,2,4,0.4
fujigaki,藤垣裕子,旅費,1,1,1,0.2
fujigaki,藤垣裕子,日頃,1,1,1,0.2
fujigaki,藤垣裕子,時点,1,1,1,0.2
fujigaki,藤垣裕子,普通,1,1,1,0.2
fujigaki,藤垣裕子,最善,1,1,1,0.2
fujigaki,藤垣裕子,東,1,1,1,0.2
fujigaki,藤垣裕子,根拠,1,2,3,0.4
fujigaki,藤垣裕子,梶,1,2,2,0.4
fujigaki,藤垣裕子,概念,1,2,2,0.4
fujigaki,藤垣裕子,構想,1,4,5,0.8
fujigaki,藤垣裕子,模索,1,1,1,0.2
fujigaki,藤垣裕子,機関,1,3,5,0.6
fujigaki,藤垣裕子,次,1,3,6,0.6
fujigaki,藤垣裕子,欧米,1,2,3,0.4
fujigaki,藤垣裕子,歌う,1,1,1,0.2
fujigaki,藤垣裕子,残る,1,1,1,0.2
fujigaki,藤垣裕子,比喩,1,1,1,0.2
fujigaki,藤垣裕子,比較,1,1,1,0.2
fujigaki,藤垣裕子,民主,1,3,3,0.6
fujigaki,藤垣裕子,決定,1,4,12,0.8
fujigaki,藤垣裕子,波及,1,1,1,0.2
fujigaki,藤垣裕子,洞察,1,2,2,0.4
fujigaki,藤垣裕子,活用,1,4,9,0.8
fujigaki,藤垣裕子,活躍,1,4,6,0.8
fujigaki,藤垣裕子,深い,1,4,5,0.8
fujigaki,藤垣裕子,済む,1,1,1,0.2
fujigaki,藤垣裕子,源,1,1,1,0.2
fujigaki,藤垣裕子,準備,1,2,2,0.4
fujigaki,藤垣裕子,滞在,1,1,1,0.2
fujigaki,藤垣裕子,激動,1,1,1,0.2
fujigaki,藤垣裕子,災害,1,1,1,0.2
fujigaki,藤垣裕子,爪,1,1,1,0.2
fujigaki,藤垣裕子,物質,1,1,1,0.2
fujigaki,藤垣裕子,牽引,1,2,4,0.4
fujigaki,藤垣裕子,現状,1,4,6,0.8
fujigaki,藤垣裕子,理由,1,2,2,0.4
fujigaki,藤垣裕子,理解,1,5,6,1.0
fujigaki,藤垣裕子,生成,1,3,3,0.6
fujigaki,藤垣裕子,申請,1,2,3,0.4
fujigaki,藤垣裕子,留まる,1,4,4,0.8
fujigaki,藤垣裕子,異なる,1,3,6,0.6
fujigaki,藤垣裕子,痛い痛い,1,1,1,0.2
fujigaki,藤垣裕子,痛感,1,1,1,0.2
fujigaki,藤垣裕子,発信,1,3,5,0.6
fujigaki,藤垣裕子,発表,1,2,2,0.4
fujigaki,藤垣裕子,直す,1,1,1,0.2
fujigaki,藤垣裕子,相互,1,3,5,0.6
fujigaki,藤垣裕子,相対,1,1,1,0.2
fujigaki,藤垣裕子,県,1,1,1,0.2
fujigaki,藤垣裕子,知る,1,2,3,0.4
fujigaki,藤垣裕子,知識,1,3,5,0.6
fujigaki,藤垣裕子,確保,1,3,6,0.6
fujigaki,藤垣裕子,示唆,1,1,1,0.2
fujigaki,藤垣裕子,秩序,1,1,1,0.2
fujigaki,藤垣裕子,種,1,1,1,0.2
fujigaki,藤垣裕子,積層,1,1,1,0.2
fujigaki,藤垣裕子,積極,1,2,2,0.4
fujigaki,藤垣裕子,究明,1,1,1,0.2
fujigaki,藤垣裕子,立国,1,1,1,0.2
fujigaki,藤垣裕子,立場,1,2,2,0.4
fujigaki,藤垣裕子,筈,1,1,1,0.2
fujigaki,藤垣裕子,管轄,1,1,1,0.2
fujigaki,藤垣裕子,範,1,1,1,0.2
fujigaki,藤垣裕子,築く,1,4,9,0.8
fujigaki,藤垣裕子,精度,1,1,1,0.2
fujigaki,藤垣裕子,紛れ,1,1,1,0.2
fujigaki,藤垣裕子,経つ,1,1,1,0.2
fujigaki,藤垣裕子,経費,1,1,1,0.2
fujigaki,藤垣裕子,経験,1,4,10,0.8
fujigaki,藤垣裕子,結集,1,3,3,0.6
fujigaki,藤垣裕子,緊迫,1,1,1,0.2
fujigaki,藤垣裕子,繋がり,1,1,1,0.2
fujigaki,藤垣裕子,繋がる,1,4,4,0.8
fujigaki,藤垣裕子,繋ぐ,1,4,7,0.8
fujigaki,藤垣裕子,置く,1,2,2,0.4
fujigaki,藤垣裕子,習得,1,1,1,0.2
fujigaki,藤垣裕子,考慮,1,2,2,0.4
fujigaki,藤垣裕子,聞く,1,1,1,0.2
fujigaki,藤垣裕子,自体,1,1,1,0.2
fujigaki,藤垣裕子,自由,1,5,14,1.0
fujigaki,藤垣裕子,落ちる,1,1,1,0.2
fujigaki,藤垣裕子,著作,1,1,1,0.2
fujigaki,藤垣裕子,行う,1,5,27,1.0
fujigaki,藤垣裕子,行動,1,1,1,0.2
fujigaki,藤垣裕子,衰退,1,2,2,0.4
fujigaki,藤垣裕子,裂く,1,1,1,0.2
fujigaki,藤垣裕子,要,1,1,1,0.2
fujigaki,藤垣裕子,見える,1,1,1,0.2
fujigaki,藤垣裕子,見なす,1,1,1,0.2
fujigaki,藤垣裕子,見地,1,1,1,0.2
fujigaki,藤垣裕子,見失う,1,1,1,0.2
fujigaki,藤垣裕子,見定め,1,1,1,0.2
fujigaki,藤垣裕子,見解,1,1,1,0.2
fujigaki,藤垣裕子,見込み,1,1,1,0.2
fujigaki,藤垣裕子,視座,1,1,1,0.2
fujigaki,藤垣裕子,視野,1,3,5,0.6
fujigaki,藤垣裕子,角度,1,1,1,0.2
fujigaki,藤垣裕子,解放,1,1,1,0.2
fujigaki,藤垣裕子,解法,1,1,1,0.2
fujigaki,藤垣裕子,記す,1,1,1,0.2
fujigaki,藤垣裕子,設備,1,3,3,0.6
fujigaki,藤垣裕子,訳,1,2,2,0.4
fujigaki,藤垣裕子,訳す,1,1,1,0.2
fujigaki,藤垣裕子,説く,1,2,3,0.4
fujigaki,藤垣裕子,説得,1,2,2,0.4
fujigaki,藤垣裕子,課程,1,4,7,0.8
fujigaki,藤垣裕子,課題,1,5,42,1.0
fujigaki,藤垣裕子,講ずる,1,2,2,0.4
fujigaki,藤垣裕子,負託,1,2,2,0.4
fujigaki,藤垣裕子,財政,1,4,9,0.8
fujigaki,藤垣裕子,資料,1,1,1,0.2
fujigaki,藤垣裕子,起こす,1,1,1,0.2
fujigaki,藤垣裕子,距離,1,2,2,0.4
fujigaki,藤垣裕子,軸,1,3,4,0.6
fujigaki,藤垣裕子,近く,1,1,1,0.2
fujigaki,藤垣裕子,通す,1,1,1,0.2
fujigaki,藤垣裕子,通ずる,1,4,9,0.8
fujigaki,藤垣裕子,通常,1,1,1,0.2
fujigaki,藤垣裕子,進む,1,3,4,0.6
fujigaki,藤垣裕子,逼迫,1,1,1,0.2
fujigaki,藤垣裕子,違い,1,2,2,0.4
fujigaki,藤垣裕子,避ける,1,2,3,0.4
fujigaki,藤垣裕子,邁進,1,2,2,0.4
fujigaki,藤垣裕子,部局,1,5,41,1.0
fujigaki,藤垣裕子,部門,1,2,2,0.4
fujigaki,藤垣裕子,長年,1,1,1,0.2
fujigaki,藤垣裕子,開く,1,3,5,0.6
fujigaki,藤垣裕子,開催,1,1,1,0.2
fujigaki,藤垣裕子,間接,1,2,2,0.4
fujigaki,藤垣裕子,関する,1,3,9,0.6
fujigaki,藤垣裕子,関係,1,4,18,0.8
fujigaki,藤垣裕子,際,1,3,3,0.6
fujigaki,藤垣裕子,集める,1,1,1,0.2
fujigaki,藤垣裕子,震災,1,1,1,0.2
fujigaki,藤垣裕子,頭,1,1,1,0.2
fujigaki,藤垣裕子,顕在,1,2,3,0.4
ohkoshi,大越慎一,為る,52,5,510,1.0
ohkoshi,大越慎一,有る,19,5,247,1.0
ohkoshi,大越慎一,世界,12,5,44,1.0
ohkoshi,大越慎一,トウキョウ,9,5,114,1.0
ohkoshi,大越慎一,因る,9,5,38,1.0
ohkoshi,大越慎一,社会,9,5,72,1.0
ohkoshi,大越慎一,創造,8,5,16,1.0
ohkoshi,大越慎一,国際,8,5,59,1.0
ohkoshi,大越慎一,為,8,5,69,1.0
ohkoshi,大越慎一,事,7,5,152,1.0
ohkoshi,大越慎一,学生,7,5,31,1.0
ohkoshi,大越慎一,人材,6,5,22,1.0
ohkoshi,大越慎一,価値,6,3,13,0.6
ohkoshi,大越慎一,居る,6,5,111,1.0
ohkoshi,大越慎一,技術,6,4,13,0.8
ohkoshi,大越慎一,於く,6,5,36,1.0
ohkoshi,大越慎一,構築,6,4,13,0.8
ohkoshi,大越慎一,科学,6,5,25,1.0
ohkoshi,大越慎一,連携,6,5,29,1.0
ohkoshi,大越慎一,部,6,4,11,0.8
ohkoshi,大越慎一,分野,5,5,39,1.0
ohkoshi,大越慎一,基盤,5,4,16,0.8
ohkoshi,大越慎一,学知,5,2,8,0.4
ohkoshi,大越慎一,専門,5,5,33,1.0
ohkoshi,大越慎一,成る,5,5,90,1.0
ohkoshi,大越慎一,支援,5,5,14,1.0
ohkoshi,大越慎一,無い,5,5,52,1.0
ohkoshi,大越慎一,産,5,2,8,0.4
ohkoshi,大越慎一,考える,5,4,61,0.8
ohkoshi,大越慎一,充実,4,4,11,0.8
ohkoshi,大越慎一,共同,4,1,4,0.2
ohkoshi,大越慎一,加える,4,5,11,1.0
ohkoshi,大越慎一,卓越,4,5,22,1.0
ohkoshi,大越慎一,基礎,4,5,18,1.0
ohkoshi,大越慎一,学術,4,5,34,1.0
ohkoshi,大越慎一,寄付,4,4,8,0.8
ohkoshi,大越慎一,必要,4,5,72,1.0
ohkoshi,大越慎一,新設,4,1,4,0.2
ohkoshi,大越慎一,海外,4,4,13,0.8
ohkoshi,大越慎一,物,4,5,29,1.0
ohkoshi,大越慎一,育成,4,4,8,0.8
ohkoshi,大越慎一,課題,4,5,42,1.0
ohkoshi,大越慎一,運営,4,5,21,1.0
ohkoshi,大越慎一,gx,3,1,3,0.2
ohkoshi,大越慎一,wings,3,2,4,0.4
ohkoshi,大越慎一,イノベーション-innovation,3,3,7,0.6
ohkoshi,大越慎一,システム-system,3,3,7,0.6
ohkoshi,大越慎一,体制,3,4,14,0.8
ohkoshi,大越慎一,力,3,4,42,0.8
ohkoshi,大越慎一,博士,3,1,3,0.2
ohkoshi,大越慎一,国,3,3,10,0.6
ohkoshi,大越慎一,学内,3,5,13,1.0
ohkoshi,大越慎一,強化,3,4,21,0.8
ohkoshi,大越慎一,担う,3,5,12,1.0
ohkoshi,大越慎一,教員,3,5,22,1.0
ohkoshi,大越慎一,教職員,3,2,5,0.4
ohkoshi,大越慎一,新しい,3,5,9,1.0
ohkoshi,大越慎一,本部,3,5,28,1.0
ohkoshi,大越慎一,組織,3,5,37,1.0
ohkoshi,大越慎一,繋げる,3,2,4,0.4
ohkoshi,大越慎一,行う,3,5,27,1.0
ohkoshi,大越慎一,設置,3,2,5,0.4
ohkoshi,大越慎一,資産,3,1,3,0.2
ohkoshi,大越慎一,進める,3,4,16,0.8
ohkoshi,大越慎一,運用,3,3,6,0.6
ohkoshi,大越慎一,部局,3,5,41,1.0
ohkoshi,大越慎一,間,3,5,9,1.0
ohkoshi,大越慎一,ai,2,4,14,0.8
ohkoshi,大越慎一,dx,2,2,3,0.4
ohkoshi,大越慎一,utd,2,2,11,0.4
ohkoshi,大越慎一,エンダウメント,2,3,4,0.6
ohkoshi,大越慎一,サイエンス-science,2,1,2,0.2
ohkoshi,大越慎一,サポート-support,2,2,6,0.4
ohkoshi,大越慎一,ダブル-double,2,2,3,0.4
ohkoshi,大越慎一,ディグリー-degree,2,2,3,0.4
ohkoshi,大越慎一,ドア-door,2,1,2,0.2
ohkoshi,大越慎一,プログラム-program,2,3,4,0.6
ohkoshi,大越慎一,ユニット-unit,2,2,11,0.4
ohkoshi,大越慎一,両面,2,1,2,0.2
ohkoshi,大越慎一,二,2,3,6,0.6
ohkoshi,大越慎一,修士,2,2,3,0.4
ohkoshi,大越慎一,公共,2,4,8,0.8
ohkoshi,大越慎一,共,2,4,8,0.8
ohkoshi,大越慎一,制度,2,5,28,1.0
ohkoshi,大越慎一,医療,2,1,2,0.2
ohkoshi,大越慎一,参画,2,2,3,0.4
ohkoshi,大越慎一,問い,2,2,3,0.4
ohkoshi,大越慎一,回転,2,1,2,0.2
ohkoshi,大越慎一,図る,2,4,7,0.8
ohkoshi,大越慎一,地球,2,4,5,0.8
ohkoshi,大越慎一,執行,2,3,5,0.6
ohkoshi,大越慎一,基づく,2,5,8,1.0
ohkoshi,大越慎一,場,2,4,14,0.8
ohkoshi,大越慎一,変革,2,4,9,0.8
ohkoshi,大越慎一,学部,2,4,6,0.8
ohkoshi,大越慎一,実践,2,1,2,0.2
ohkoshi,大越慎一,対する,2,5,13,1.0
ohkoshi,大越慎一,屈指,2,1,2,0.2
ohkoshi,大越慎一,広い,2,4,7,0.8
ohkoshi,大越慎一,役割,2,5,37,1.0
ohkoshi,大越慎一,循環,2,3,8,0.6
ohkoshi,大越慎一,息,2,1,2,0.2
ohkoshi,大越慎一,所属,2,2,3,0.4
ohkoshi,大越慎一,抱える,2,2,3,0.4
ohkoshi,大越慎一,推進,2,4,9,0.8
ohkoshi,大越慎一,日本,2,5,36,1.0
ohkoshi,大越慎一,最高,2,3,4,0.6
ohkoshi,大越慎一,果たす,2,5,12,1.0
ohkoshi,大越慎一,水準,2,3,7,0.6
ohkoshi,大越慎一,活動,2,5,18,1.0
ohkoshi,大越慎一,活用,2,4,9,0.8
ohkoshi,大越慎一,深い,2,4,5,0.8
ohkoshi,大越慎一,現在,2,4,13,0.8
ohkoshi,大越慎一,相互,2,3,5,0.6
ohkoshi,大越慎一,知,2,4,28,0.8
ohkoshi,大越慎一,知る,2,2,3,0.4
ohkoshi,大越慎一,知識,2,3,5,0.6
ohkoshi,大越慎一,組み合わせる,2,1,2,0.2
ohkoshi,大越慎一,経営,2,5,29,1.0
ohkoshi,大越慎一,自ら,2,2,5,0.4
ohkoshi,大越慎一,自由,2,5,14,1.0
ohkoshi,大越慎一,規模,2,3,5,0.6
ohkoshi,大越慎一,課程,2,4,7,0.8
ohkoshi,大越慎一,長い,2,3,5,0.6
ohkoshi,大越慎一,開拓,2,1,2,0.2
ohkoshi,大越慎一,関する,2,3,9,0.6
ohkoshi,大越慎一,asean,1,1,1,0.2
ohkoshi,大越慎一,college,1,2,2,0.4
ohkoshi,大越慎一,dean,1,1,1,0.2
ohkoshi,大越慎一,dei,1,1,1,0.2
ohkoshi,大越慎一,design,1,2,2,0.4
ohkoshi,大越慎一,dialogue,1,1,1,0.2
ohkoshi,大越慎一,graduate,1,1,1,0.2
ohkoshi,大越慎一,gri,1,4,14,0.8
ohkoshi,大越慎一,i,1,2,2,0.4
ohkoshi,大越慎一,ii,1,1,1,0.2
ohkoshi,大越慎一,iii,1,1,1,0.2
ohkoshi,大越慎一,innovative,1,1,1,0.2
ohkoshi,大越慎一,iv,1,1,1,0.2
ohkoshi,大越慎一,leading,1,1,1,0.2
ohkoshi,大越慎一,of,1,2,6,0.4
ohkoshi,大越慎一,open,1,1,1,0.2
ohkoshi,大越慎一,plus,1,1,1,0.2
ohkoshi,大越慎一,president,1,1,1,0.2
ohkoshi,大越慎一,program,1,1,1,0.2
ohkoshi,大越慎一,sdgs,1,1,1,0.2
ohkoshi,大越慎一,spring,1,1,1,0.2
ohkoshi,大越慎一,study,1,1,1,0.2
ohkoshi,大越慎一,utokyo,1,3,3,0.6
ohkoshi,大越慎一,v,1,1,1,0.2
ohkoshi,大越慎一,vi,1,1,1,0.2
ohkoshi,大越慎一,vice,1,1,1,0.2
ohkoshi,大越慎一,vii,1,1,1,0.2
ohkoshi,大越慎一,viii,1,1,1,0.2
ohkoshi,大越慎一,world,1,2,2,0.4
ohkoshi,大越慎一,つく,1,5,39,1.0
ohkoshi,大越慎一,アドミッション-admission,1,1,1,0.2
ohkoshi,大越慎一,アポイントメント-appointment,1,1,1,0.2
ohkoshi,大越慎一,アントレプレナー-entrepreneur,1,1,1,0.2
ohkoshi,大越慎一,インターンシップ-internship,1,1,1,0.2
ohkoshi,大越慎一,インテリジェンス-intelligence,1,2,2,0.4
ohkoshi,大越慎一,インド-india,1,1,1,0.2
ohkoshi,大越慎一,インパクト-impact,1,2,2,0.4
ohkoshi,大越慎一,エンジニア-engineer,1,1,1,0.2
ohkoshi,大越慎一,クロース-cloth,1,1,1,0.2
ohkoshi,大越慎一,コミュニケーション-communication,1,4,9,0.8
ohkoshi,大越慎一,コンピューティング-computing,1,1,1,0.2
ohkoshi,大越慎一,サウス-south,1,1,1,0.2
ohkoshi,大越慎一,シップ-ship,1,1,1,0.2
ohkoshi,大越慎一,セキュリティー-security,1,1,1,0.2
ohkoshi,大越慎一,タイワン,1,1,1,0.2
ohkoshi,大越慎一,テック-technical,1,1,1,0.2
ohkoshi,大越慎一,ディープ-deep,1,1,1,0.2
ohkoshi,大越慎一,データ-data,1,2,2,0.4
ohkoshi,大越慎一,バリア-barrier,1,1,1,0.2
ohkoshi,大越慎一,フリー-free,1,1,1,0.2
ohkoshi,大越慎一,プラットホーム-platform,1,2,3,0.4
ohkoshi,大越慎一,マテリアル-material,1,1,1,0.2
ohkoshi,大越慎一,マネージメント-management,1,2,2,0.4
ohkoshi,大越慎一,ミッション-mission,1,1,1,0.2
ohkoshi,大越慎一,モデル-model,1,3,3,0.6
ohkoshi,大越慎一,ライフ-life,1,1,1,0.2
ohkoshi,大越慎一,リクルート-recruit,1,1,1,0.2
ohkoshi,大越慎一,リサーチ-research,1,1,1,0.2
ohkoshi,大越慎一,リーダーシップ-leadership,1,3,5,0.6
ohkoshi,大越慎一,一人一人,1,2,5,0.4
ohkoshi,大越慎一,一体,1,4,5,0.8
ohkoshi,大越慎一,一員,1,1,1,0.2
ohkoshi,大越慎一,一貫,1,2,3,0.4
ohkoshi,大越慎一,万,1,1,1,0.2
ohkoshi,大越慎一,与える,1,2,2,0.4
ohkoshi,大越慎一,乗せる,1,1,1,0.2
ohkoshi,大越慎一,交付,1,2,3,0.4
ohkoshi,大越慎一,人事,1,3,10,0.6
ohkoshi,大越慎一,人文,1,4,4,0.8
ohkoshi,大越慎一,付ける,1,2,3,0.4
ohkoshi,大越慎一,付属,1,2,2,0.4
ohkoshi,大越慎一,企業,1,3,5,0.6
ohkoshi,大越慎一,伝達,1,2,5,0.4
ohkoshi,大越慎一,伸び悩み,1,1,1,0.2
ohkoshi,大越慎一,体系,1,2,2,0.4
ohkoshi,大越慎一,使命,1,3,5,0.6
ohkoshi,大越慎一,修繕,1,1,1,0.2
ohkoshi,大越慎一,先端,1,4,5,0.8
ohkoshi,大越慎一,入試,1,2,2,0.4
ohkoshi,大越慎一,全学,1,4,10,0.8
ohkoshi,大越慎一,共創,1,1,1,0.2
ohkoshi,大越慎一,分断,1,4,6,0.8
ohkoshi,大越慎一,切り開く,1,2,2,0.4
ohkoshi,大越慎一,創出,1,3,5,0.6
ohkoshi,大越慎一,加速,1,4,4,0.8
ohkoshi,大越慎一,効果,1,3,6,0.6
ohkoshi,大越慎一,医学,1,2,2,0.4
ohkoshi,大越慎一,半,1,1,1,0.2
ohkoshi,大越慎一,取り去る,1,1,1,0.2
ohkoshi,大越慎一,可視,1,2,2,0.4
ohkoshi,大越慎一,合わせる,1,3,3,0.6
ohkoshi,大越慎一,向ける,1,5,5,1.0
ohkoshi,大越慎一,含む,1,3,6,0.6
ohkoshi,大越慎一,問う,1,4,11,0.8
ohkoshi,大越慎一,国民,1,2,2,0.4
ohkoshi,大越慎一,土地,1,1,1,0.2
ohkoshi,大越慎一,地位,1,1,1,0.2
ohkoshi,大越慎一,地政,1,2,2,0.4
ohkoshi,大越慎一,基金,1,2,2,0.4
ohkoshi,大越慎一,堅持,1,1,1,0.2
ohkoshi,大越慎一,壁,1,3,9,0.6
ohkoshi,大越慎一,多く,1,3,4,0.6
ohkoshi,大越慎一,多岐,1,1,1,0.2
ohkoshi,大越慎一,大型,1,2,2,0.4
ohkoshi,大越慎一,好奇,1,2,2,0.4
ohkoshi,大越慎一,学問,1,4,9,0.8
ohkoshi,大越慎一,学士,1,1,1,0.2
ohkoshi,大越慎一,学業,1,1,1,0.2
ohkoshi,大越慎一,学識,1,1,1,0.2
ohkoshi,大越慎一,宇宙,1,1,1,0.2
ohkoshi,大越慎一,安定,1,2,3,0.4
ohkoshi,大越慎一,実務,1,3,3,0.6
ohkoshi,大越慎一,対,1,1,1,0.2
ohkoshi,大越慎一,対話,1,2,4,0.4
ohkoshi,大越慎一,将来,1,3,9,0.6
ohkoshi,大越慎一,尊重,1,2,7,0.4
ohkoshi,大越慎一,導体,1,1,1,0.2
ohkoshi,大越慎一,少子,1,1,1,0.2
ohkoshi,大越慎一,展開,1,3,5,0.6
ohkoshi,大越慎一,工学,1,2,3,0.4
ohkoshi,大越慎一,干渉,1,1,1,0.2
ohkoshi,大越慎一,建物,1,1,1,0.2
ohkoshi,大越慎一,弱体,1,1,1,0.2
ohkoshi,大越慎一,後押し,1,1,1,0.2
ohkoshi,大越慎一,応用,1,2,2,0.4
ohkoshi,大越慎一,患者,1,2,2,0.4
ohkoshi,大越慎一,情報,1,3,8,0.6
ohkoshi,大越慎一,意義,1,1,1,0.2
ohkoshi,大越慎一,意見,1,3,5,0.6
ohkoshi,大越慎一,感,1,4,8,0.8
ohkoshi,大越慎一,手段,1,2,2,0.4
ohkoshi,大越慎一,投資,1,4,12,0.8
ohkoshi,大越慎一,拠点,1,2,2,0.4
ohkoshi,大越慎一,拡充,1,3,4,0.6
ohkoshi,大越慎一,拡大,1,4,7,0.8
ohkoshi,大越慎一,持つ,1,5,19,1.0
ohkoshi,大越慎一,持続,1,4,13,0.8
ohkoshi,大越慎一,挑戦,1,2,2,0.4
ohkoshi,大越慎一,探究,1,2,4,0.4
ohkoshi,大越慎一,接続,1,1,1,0.2
ohkoshi,大越慎一,提供,1,2,3,0.4
ohkoshi,大越慎一,提案,1,2,2,0.4
ohkoshi,大越慎一,搭載,1,1,1,0.2
ohkoshi,大越慎一,改善,1,3,6,0.6
ohkoshi,大越慎一,改築,1,1,1,0.2
ohkoshi,大越慎一,改革,1,5,15,1.0
ohkoshi,大越慎一,政策,1,3,3,0.6
ohkoshi,大越慎一,教授,1,2,2,0.4
ohkoshi,大越慎一,教養,1,5,8,1.0
ohkoshi,大越慎一,整える,1,3,15,0.6
ohkoshi,大越慎一,文理,1,2,2,0.4
ohkoshi,大越慎一,方向,1,4,6,0.8
ohkoshi,大越慎一,方法,1,2,2,0.4
ohkoshi,大越慎一,最大,1,3,6,0.6
ohkoshi,大越慎一,有機,1,1,1,0.2
ohkoshi,大越慎一,未来,1,2,2,0.4
ohkoshi,大越慎一,未知,1,2,2,0.4
ohkoshi,大越慎一,格差,1,2,2,0.4
ohkoshi,大越慎一,構想,1,4,5,0.8
ohkoshi,大越慎一,構成,1,5,28,1.0
ohkoshi,大越慎一,構造,1,3,4,0.6
ohkoshi,大越慎一,民間,1,2,3,0.4
ohkoshi,大越慎一,法学,1,1,1,0.2
ohkoshi,大越慎一,洞察,1,2,2,0.4
ohkoshi,大越慎一,活躍,1,4,6,0.8
ohkoshi,大越慎一,派遣,1,2,2,0.4
ohkoshi,大越慎一,海洋,1,1,1,0.2
ohkoshi,大越慎一,涵養,1,1,1,0.2
ohkoshi,大越慎一,深化,1,3,5,0.6
ohkoshi,大越慎一,渡る,1,3,4,0.6
ohkoshi,大越慎一,源泉,1,2,2,0.4
ohkoshi,大越慎一,点,1,4,16,0.8
ohkoshi,大越慎一,状況,1,3,14,0.6
ohkoshi,大越慎一,理念,1,3,4,0.6
ohkoshi,大越慎一,理解,1,5,6,1.0
ohkoshi,大越慎一,生み出す,1,5,9,1.0
ohkoshi,大越慎一,産業,1,4,6,0.8
ohkoshi,大越慎一,男女,1,1,1,0.2
ohkoshi,大越慎一,留まる,1,4,4,0.8
ohkoshi,大越慎一,病院,1,1,1,0.2
ohkoshi,大越慎一,発想,1,1,1,0.2
ohkoshi,大越慎一,発掘,1,1,1,0.2
ohkoshi,大越慎一,発揮,1,2,5,0.4
ohkoshi,大越慎一,真理,1,1,1,0.2
ohkoshi,大越慎一,示す,1,5,12,1.0
ohkoshi,大越慎一,積極,1,2,2,0.4
ohkoshi,大越慎一,立てる,1,2,2,0.4
ohkoshi,大越慎一,精神,1,1,1,0.2
ohkoshi,大越慎一,紛争,1,1,1,0.2
ohkoshi,大越慎一,経済,1,3,4,0.6
ohkoshi,大越慎一,経験,1,4,10,0.8
ohkoshi,大越慎一,結集,1,3,3,0.6
ohkoshi,大越慎一,統計,1,1,1,0.2
ohkoshi,大越慎一,維持,1,3,7,0.6
ohkoshi,大越慎一,緊張,1,2,2,0.4
ohkoshi,大越慎一,総長,1,5,29,1.0
ohkoshi,大越慎一,能力,1,4,9,0.8
ohkoshi,大越慎一,自然,1,2,4,0.4
ohkoshi,大越慎一,若手,1,2,4,0.4
ohkoshi,大越慎一,薬学,1,1,1,0.2
ohkoshi,大越慎一,複雑,1,2,2,0.4
ohkoshi,大越慎一,見出だす,1,2,2,0.4
ohkoshi,大越慎一,視野,1,3,5,0.6
ohkoshi,大越慎一,言う,1,5,51,1.0
ohkoshi,大越慎一,設備,1,3,3,0.6
ohkoshi,大越慎一,評価,1,4,16,0.8
ohkoshi,大越慎一,誇る,1,1,1,0.2
ohkoshi,大越慎一,諸国,1,1,1,0.2
ohkoshi,大越慎一,負託,1,2,2,0.4
ohkoshi,大越慎一,財務,1,4,9,0.8
ohkoshi,大越慎一,財政,1,4,9,0.8
ohkoshi,大越慎一,財源,1,3,6,0.6
ohkoshi,大越慎一,責任,1,5,22,1.0
ohkoshi,大越慎一,資源,1,4,13,0.8
ohkoshi,大越慎一,資金,1,3,6,0.6
ohkoshi,大越慎一,起点,1,1,1,0.2
ohkoshi,大越慎一,踏まえる,1,2,2,0.4
ohkoshi,大越慎一,身,1,2,3,0.4
ohkoshi,大越慎一,軌道,1,1,1,0.2
ohkoshi,大越慎一,輩出,1,2,2,0.4
ohkoshi,大越慎一,農学,1,1,1,0.2
ohkoshi,大越慎一,通ずる,1,4,9,0.8
ohkoshi,大越慎一,連結,1,1,1,0.2
ohkoshi,大越慎一,進む,1,3,4,0.6
ohkoshi,大越慎一,達成,1,1,1,0.2
ohkoshi,大越慎一,配分,1,4,6,0.8
ohkoshi,大越慎一,重点,1,4,5,0.8
ohkoshi,大越慎一,量子,1,1,1,0.2
ohkoshi,大越慎一,鍛える,1,2,3,0.4
ohkoshi,大越慎一,関連,1,1,1,0.2
ohkoshi,大越慎一,韓国,1,1,1,0.2
ohkoshi,大越慎一,風土,1,1,1,0.2
ohkoshi,大越慎一,養う,1,2,2,0.4
ohkoshi,大越慎一,高齢,1,3,3,0.6
someya,染谷隆夫,為る,87,5,510,1.0
someya,染谷隆夫,有る,24,5,247,1.0
someya,染谷隆夫,社会,21,5,72,1.0
someya,染谷隆夫,事,20,5,152,1.0
someya,染谷隆夫,トウキョウ,16,5,114,1.0
someya,染谷隆夫,力,13,4,42,0.8
someya,染谷隆夫,構成,13,5,28,1.0
someya,染谷隆夫,出来る,12,4,45,0.8
someya,染谷隆夫,居る,12,5,111,1.0
someya,染谷隆夫,環境,12,4,33,0.8
someya,染谷隆夫,制度,10,5,28,1.0
someya,染谷隆夫,世界,9,5,44,1.0
someya,染谷隆夫,人材,9,5,22,1.0
someya,染谷隆夫,本部,9,5,28,1.0
someya,染谷隆夫,無い,9,5,52,1.0
someya,染谷隆夫,知,9,4,28,0.8
someya,染谷隆夫,専門,8,5,33,1.0
someya,染谷隆夫,整える,8,3,15,0.6
someya,染谷隆夫,成る,7,5,90,1.0
someya,染谷隆夫,投資,7,4,12,0.8
someya,染谷隆夫,部局,7,5,41,1.0
someya,染谷隆夫,ai,6,4,14,0.8
someya,染谷隆夫,価値,6,3,13,0.6
someya,染谷隆夫,因る,6,5,38,1.0
someya,染谷隆夫,尊重,6,2,7,0.4
someya,染谷隆夫,役割,6,5,37,1.0
someya,染谷隆夫,必要,6,5,72,1.0
someya,染谷隆夫,担う,6,5,12,1.0
someya,染谷隆夫,現場,6,2,10,0.4
someya,染谷隆夫,組織,6,5,37,1.0
someya,染谷隆夫,課題,6,5,42,1.0
someya,染谷隆夫,責任,6,5,22,1.0
someya,染谷隆夫,通ずる,6,4,9,0.8
someya,染谷隆夫,人類,5,2,11,0.4
someya,染谷隆夫,信頼,5,3,10,0.6
someya,染谷隆夫,全学,5,4,10,0.8
someya,染谷隆夫,創造,5,5,16,1.0
someya,染谷隆夫,実現,5,3,9,0.6
someya,染谷隆夫,成長,5,3,8,0.6
someya,染谷隆夫,為,5,5,69,1.0
someya,染谷隆夫,築く,5,4,9,0.8
someya,染谷隆夫,総長,5,5,29,1.0
someya,染谷隆夫,長期,5,2,8,0.4
someya,染谷隆夫,ガバナンス-governance,4,2,22,0.4
someya,染谷隆夫,一人一人,4,2,5,0.4
someya,染谷隆夫,分野,4,5,39,1.0
someya,染谷隆夫,加える,4,5,11,1.0
someya,染谷隆夫,問う,4,4,11,0.8
someya,染谷隆夫,国際,4,5,59,1.0
someya,染谷隆夫,基盤,4,4,16,0.8
someya,染谷隆夫,学術,4,5,34,1.0
someya,染谷隆夫,成果,4,4,10,0.8
someya,染谷隆夫,持つ,4,5,19,1.0
someya,染谷隆夫,支援,4,5,14,1.0
someya,染谷隆夫,於く,4,5,36,1.0
someya,染谷隆夫,時代,4,2,5,0.4
someya,染谷隆夫,最大,4,3,6,0.6
someya,染谷隆夫,業務,4,3,11,0.6
someya,染谷隆夫,発揮,4,2,5,0.4
someya,染谷隆夫,確保,4,3,6,0.6
someya,染谷隆夫,確立,4,2,6,0.4
someya,染谷隆夫,経験,4,4,10,0.8
someya,染谷隆夫,自由,4,5,14,1.0
someya,染谷隆夫,資源,4,4,13,0.8
someya,染谷隆夫,進める,4,4,16,0.8
someya,染谷隆夫,還元,4,2,8,0.4
someya,染谷隆夫,領域,4,2,8,0.4
someya,染谷隆夫,キャンパス-campus,3,2,4,0.4
someya,染谷隆夫,リーダー-leader,3,2,6,0.4
someya,染谷隆夫,体制,3,4,14,0.8
someya,染谷隆夫,使命,3,3,5,0.6
someya,染谷隆夫,優れる,3,3,6,0.6
someya,染谷隆夫,全て,3,4,8,0.8
someya,染谷隆夫,公共,3,4,8,0.8
someya,染谷隆夫,其々,3,4,8,0.8
someya,染谷隆夫,協創,3,1,3,0.2
someya,染谷隆夫,取り組む,3,2,6,0.4
someya,染谷隆夫,基礎,3,5,18,1.0
someya,染谷隆夫,学び,3,2,4,0.4
someya,染谷隆夫,学生,3,5,31,1.0
someya,染谷隆夫,安心,3,1,3,0.2
someya,染谷隆夫,対話,3,2,4,0.4
someya,染谷隆夫,循環,3,3,8,0.6
someya,染谷隆夫,探究,3,2,4,0.4
someya,染谷隆夫,支える,3,3,6,0.6
someya,染谷隆夫,既存,3,3,6,0.6
someya,染谷隆夫,時間,3,2,4,0.4
someya,染谷隆夫,本質,3,1,3,0.2
someya,染谷隆夫,構築,3,4,13,0.8
someya,染谷隆夫,水準,3,3,7,0.6
someya,染谷隆夫,決める,3,3,6,0.6
someya,染谷隆夫,海外,3,4,13,0.8
someya,染谷隆夫,生かす,3,3,9,0.6
someya,染谷隆夫,生み出す,3,5,9,1.0
someya,染谷隆夫,産,3,2,8,0.4
someya,染谷隆夫,異なる,3,3,6,0.6
someya,染谷隆夫,目標,3,2,10,0.4
someya,染谷隆夫,知財,3,2,4,0.4
someya,染谷隆夫,経営,3,5,29,1.0
someya,染谷隆夫,続ける,3,4,8,0.8
someya,染谷隆夫,自ら,3,2,5,0.4
someya,染谷隆夫,若手,3,2,4,0.4
someya,染谷隆夫,要する,3,2,5,0.4
someya,染谷隆夫,視野,3,3,5,0.6
someya,染谷隆夫,財務,3,4,9,0.8
someya,染谷隆夫,運営,3,5,21,1.0
someya,染谷隆夫,アート-art,2,4,7,0.8
someya,染谷隆夫,スタートアップ-start-up,2,2,3,0.4
someya,染谷隆夫,リソース-resource,2,1,2,0.2
someya,染谷隆夫,リベラル-liberal,2,4,8,0.8
someya,染谷隆夫,一律,2,1,2,0.2
someya,染谷隆夫,上,2,4,15,0.8
someya,染谷隆夫,世代,2,3,7,0.6
someya,染谷隆夫,今,2,2,3,0.4
someya,染谷隆夫,仕組み,2,2,3,0.4
someya,染谷隆夫,伸ばす,2,4,6,0.8
someya,染谷隆夫,使う,2,2,3,0.4
someya,染谷隆夫,備える,2,1,2,0.2
someya,染谷隆夫,先導,2,2,4,0.4
someya,染谷隆夫,協働,2,1,2,0.2
someya,染谷隆夫,同時,2,2,5,0.4
someya,染谷隆夫,向上,2,3,5,0.6
someya,染谷隆夫,呼び込む,2,1,2,0.2
someya,染谷隆夫,基づく,2,5,8,1.0
someya,染谷隆夫,境界,2,2,4,0.4
someya,染谷隆夫,変革,2,4,9,0.8
someya,染谷隆夫,外部,2,2,6,0.4
someya,染谷隆夫,学内,2,5,13,1.0
someya,染谷隆夫,学力,2,1,2,0.2
someya,染谷隆夫,学問,2,4,9,0.8
someya,染谷隆夫,安全,2,2,4,0.4
someya,染谷隆夫,安定,2,2,3,0.4
someya,染谷隆夫,実行,2,1,2,0.2
someya,染谷隆夫,対応,2,4,17,0.8
someya,染谷隆夫,工学,2,2,3,0.4
someya,染谷隆夫,強化,2,4,21,0.8
someya,染谷隆夫,得る,2,4,10,0.8
someya,染谷隆夫,技術,2,4,13,0.8
someya,染谷隆夫,持続,2,4,13,0.8
someya,染谷隆夫,改革,2,5,15,1.0
someya,染谷隆夫,整備,2,3,5,0.6
someya,染谷隆夫,本来,2,2,5,0.4
someya,染谷隆夫,果たす,2,5,12,1.0
someya,染谷隆夫,根拠,2,2,3,0.4
someya,染谷隆夫,次代,2,1,2,0.2
someya,染谷隆夫,法,2,2,10,0.4
someya,染谷隆夫,活動,2,5,18,1.0
someya,染谷隆夫,熟す,2,1,2,0.2
someya,染谷隆夫,物,2,5,29,1.0
someya,染谷隆夫,獲得,2,2,3,0.4
someya,染谷隆夫,理念,2,3,4,0.6
someya,染谷隆夫,発信,2,3,5,0.6
someya,染谷隆夫,真価,2,2,3,0.4
someya,染谷隆夫,知識,2,3,5,0.6
someya,染谷隆夫,示す,2,5,12,1.0
someya,染谷隆夫,結果,2,1,2,0.2
someya,染谷隆夫,総合,2,3,5,0.6
someya,染谷隆夫,育てる,2,2,4,0.4
someya,染谷隆夫,自信,2,1,2,0.2
someya,染谷隆夫,自律,2,3,4,0.6
someya,染谷隆夫,自身,2,2,4,0.4
someya,染谷隆夫,裁量,2,2,3,0.4
someya,染谷隆夫,言語,2,2,3,0.4
someya,染谷隆夫,設計,2,4,8,0.8
someya,染谷隆夫,評価,2,4,16,0.8
someya,染谷隆夫,説明,2,2,3,0.4
someya,染谷隆夫,負う,2,3,4,0.6
someya,染谷隆夫,財源,2,3,6,0.6
someya,染谷隆夫,貢献,2,1,2,0.2
someya,染谷隆夫,責務,2,1,2,0.2
someya,染谷隆夫,資金,2,3,6,0.6
someya,染谷隆夫,越える,2,3,6,0.6
someya,染谷隆夫,軸,2,3,4,0.6
someya,染谷隆夫,送り出す,2,1,2,0.2
someya,染谷隆夫,連携,2,5,29,1.0
someya,染谷隆夫,重視,2,2,3,0.4
someya,染谷隆夫,鍛える,2,2,3,0.4
someya,染谷隆夫,集う,2,1,2,0.2
someya,染谷隆夫,集中,2,3,4,0.6
someya,染谷隆夫,響き合う,2,1,2,0.2
someya,染谷隆夫,高める,2,3,10,0.6
someya,染谷隆夫,dx,1,2,3,0.4
someya,染谷隆夫,enterprise,1,1,1,0.2
someya,染谷隆夫,utokyo,1,3,3,0.6
someya,染谷隆夫,つく,1,5,39,1.0
someya,染谷隆夫,アイディア-idea,1,2,2,0.4
someya,染谷隆夫,アカデミア-academia,1,2,2,0.4
someya,染谷隆夫,インテグリティー,1,1,1,0.2
someya,染谷隆夫,インテリジェンス-intelligence,1,2,2,0.4
someya,染谷隆夫,インパクト-impact,1,2,2,0.4
someya,染谷隆夫,エンダウメント,1,3,4,0.6
someya,染谷隆夫,コミュニケーション-communication,1,4,9,0.8
someya,染谷隆夫,シニア-senior,1,1,1,0.2
someya,染谷隆夫,ソメヤ,1,1,1,0.2
someya,染谷隆夫,チーム-team,1,1,1,0.2
someya,染谷隆夫,データ-data,1,2,2,0.4
someya,染谷隆夫,モデル-model,1,3,3,0.6
someya,染谷隆夫,リスク-risk,1,3,4,0.6
someya,染谷隆夫,一,1,4,12,0.8
someya,染谷隆夫,一丸,1,1,1,0.2
someya,染谷隆夫,一体,1,4,5,0.8
someya,染谷隆夫,上位,1,1,1,0.2
someya,染谷隆夫,下す,1,1,1,0.2
someya,染谷隆夫,不安,1,2,2,0.4
someya,染谷隆夫,世,1,1,1,0.2
someya,染谷隆夫,中堅,1,3,3,0.6
someya,染谷隆夫,中核,1,2,3,0.4
someya,染谷隆夫,主導,1,1,1,0.2
someya,染谷隆夫,事実,1,2,2,0.4
someya,染谷隆夫,事業,1,2,3,0.4
someya,染谷隆夫,互い,1,1,1,0.2
someya,染谷隆夫,享受,1,1,1,0.2
someya,染谷隆夫,人々,1,1,1,0.2
someya,染谷隆夫,人文,1,4,4,0.8
someya,染谷隆夫,人間,1,2,3,0.4
someya,染谷隆夫,介護,1,1,1,0.2
someya,染谷隆夫,代替,1,1,1,0.2
someya,染谷隆夫,代表,1,2,2,0.4
someya,染谷隆夫,会議,1,4,13,0.8
someya,染谷隆夫,伴う,1,2,3,0.4
someya,染谷隆夫,低減,1,1,1,0.2
someya,染谷隆夫,体験,1,1,1,0.2
someya,染谷隆夫,作り,1,3,3,0.6
someya,染谷隆夫,作り出す,1,1,1,0.2
someya,染谷隆夫,作る,1,4,10,0.8
someya,染谷隆夫,促す,1,1,1,0.2
someya,染谷隆夫,保有,1,1,1,0.2
someya,染谷隆夫,信ずる,1,1,1,0.2
someya,染谷隆夫,個人,1,2,2,0.4
someya,染谷隆夫,個性,1,2,2,0.4
someya,染谷隆夫,候補,1,3,3,0.6
someya,染谷隆夫,倫理,1,2,2,0.4
someya,染谷隆夫,傾ける,1,1,1,0.2
someya,染谷隆夫,働く,1,2,2,0.4
someya,染谷隆夫,元気,1,1,1,0.2
someya,染谷隆夫,充実,1,4,11,0.8
someya,染谷隆夫,先端,1,4,5,0.8
someya,染谷隆夫,先頭,1,1,1,0.2
someya,染谷隆夫,全体,1,4,17,0.8
someya,染谷隆夫,公明,1,1,1,0.2
someya,染谷隆夫,公正,1,1,1,0.2
someya,染谷隆夫,共,1,4,8,0.8
someya,染谷隆夫,共有,1,3,3,0.6
someya,染谷隆夫,分断,1,4,6,0.8
someya,染谷隆夫,切り開く,1,2,2,0.4
someya,染谷隆夫,切る,1,3,4,0.6
someya,染谷隆夫,判断,1,3,6,0.6
someya,染谷隆夫,利く,1,1,1,0.2
someya,染谷隆夫,制約,1,1,1,0.2
someya,染谷隆夫,刺激,1,2,2,0.4
someya,染谷隆夫,前,1,3,5,0.6
someya,染谷隆夫,前提,1,2,3,0.4
someya,染谷隆夫,創出,1,3,5,0.6
someya,染谷隆夫,加速,1,4,4,0.8
someya,染谷隆夫,努める,1,1,1,0.2
someya,染谷隆夫,効果,1,3,6,0.6
someya,染谷隆夫,包摂,1,1,1,0.2
someya,染谷隆夫,区分,1,1,1,0.2
someya,染谷隆夫,卓越,1,5,22,1.0
someya,染谷隆夫,厳しい,1,2,2,0.4
someya,染谷隆夫,取り戻す,1,1,1,0.2
someya,染谷隆夫,取り除く,1,2,2,0.4
someya,染谷隆夫,取る,1,3,8,0.6
someya,染谷隆夫,受容,1,1,1,0.2
someya,染谷隆夫,合う,1,2,2,0.4
someya,染谷隆夫,合意,1,1,1,0.2
someya,染谷隆夫,向ける,1,5,5,1.0
someya,染谷隆夫,含む,1,3,6,0.6
someya,染谷隆夫,問い直す,1,2,2,0.4
someya,染谷隆夫,問題,1,2,15,0.4
someya,染谷隆夫,喫緊,1,2,4,0.4
someya,染谷隆夫,回復,1,1,1,0.2
someya,染谷隆夫,固定,1,3,3,0.6
someya,染谷隆夫,地域,1,2,2,0.4
someya,染谷隆夫,地政,1,2,2,0.4
someya,染谷隆夫,地球,1,4,5,0.8
someya,染谷隆夫,埋める,1,1,1,0.2
someya,染谷隆夫,執行,1,3,5,0.6
someya,染谷隆夫,培う,1,1,1,0.2
someya,染谷隆夫,基本,1,2,3,0.4
someya,染谷隆夫,基準,1,3,4,0.6
someya,染谷隆夫,増す,1,2,4,0.4
someya,染谷隆夫,増やす,1,3,4,0.6
someya,染谷隆夫,壁,1,3,9,0.6
someya,染谷隆夫,変動,1,3,3,0.6
someya,染谷隆夫,変化,1,3,5,0.6
someya,染谷隆夫,変更,1,2,4,0.4
someya,染谷隆夫,多元,1,1,1,0.2
someya,染谷隆夫,夢,1,1,1,0.2
someya,染谷隆夫,大きい,1,4,9,0.8
someya,染谷隆夫,大型,1,2,2,0.4
someya,染谷隆夫,太字,1,1,1,0.2
someya,染谷隆夫,失う,1,2,2,0.4
someya,染谷隆夫,奉仕,1,3,3,0.6
someya,染谷隆夫,好奇,1,2,2,0.4
someya,染谷隆夫,子育て,1,1,1,0.2
someya,染谷隆夫,学ぶ,1,3,5,0.6
someya,染谷隆夫,学習,1,2,2,0.4
someya,染谷隆夫,学部,1,4,6,0.8
someya,染谷隆夫,守る,1,1,1,0.2
someya,染谷隆夫,定まる,1,1,1,0.2
someya,染谷隆夫,実務,1,3,3,0.6
someya,染谷隆夫,実感,1,1,1,0.2
someya,染谷隆夫,寄付,1,4,8,0.8
someya,染谷隆夫,対する,1,5,13,1.0
someya,染谷隆夫,導き出す,1,1,1,0.2
someya,染谷隆夫,常,1,3,3,0.6
someya,染谷隆夫,常識,1,1,1,0.2
someya,染谷隆夫,広い,1,4,7,0.8
someya,染谷隆夫,広げる,1,2,4,0.4
someya,染谷隆夫,弁護,1,1,1,0.2
someya,染谷隆夫,引き出す,1,1,1,0.2
someya,染谷隆夫,引き受ける,1,1,1,0.2
someya,染谷隆夫,強い,1,3,4,0.6
someya,染谷隆夫,当て嵌める,1,1,1,0.2
someya,染谷隆夫,形,1,3,5,0.6
someya,染谷隆夫,形式,1,1,1,0.2
someya,染谷隆夫,形成,1,3,5,0.6
someya,染谷隆夫,往還,1,1,1,0.2
someya,染谷隆夫,待遇,1,1,1,0.2
someya,染谷隆夫,得意,1,1,1,0.2
someya,染谷隆夫,徹底,1,2,2,0.4
someya,染谷隆夫,応ずる,1,2,4,0.4
someya,染谷隆夫,思想,1,2,2,0.4
someya,染谷隆夫,悔しい,1,1,1,0.2
someya,染谷隆夫,意思,1,2,9,0.4
someya,染谷隆夫,意見,1,3,5,0.6
someya,染谷隆夫,感,1,4,8,0.8
someya,染谷隆夫,成否,1,1,1,0.2
someya,染谷隆夫,戦略,1,2,4,0.4
someya,染谷隆夫,手法,1,1,1,0.2
someya,染谷隆夫,手続き,1,2,2,0.4
someya,染谷隆夫,才能,1,1,1,0.2
someya,染谷隆夫,抜く,1,1,1,0.2
someya,染谷隆夫,抱え込む,1,1,1,0.2
someya,染谷隆夫,抱く,1,1,1,0.2
someya,染谷隆夫,拡大,1,4,7,0.8
someya,染谷隆夫,挑戦,1,2,2,0.4
someya,染谷隆夫,振り回す,1,1,1,0.2
someya,染谷隆夫,捕らえる,1,2,2,0.4
someya,染谷隆夫,捕らわれる,1,1,1,0.2
someya,染谷隆夫,据える,1,1,1,0.2
someya,染谷隆夫,掛かる,1,1,1,0.2
someya,染谷隆夫,探る,1,1,1,0.2
someya,染谷隆夫,推進,1,4,9,0.8
someya,染谷隆夫,措置,1,1,1,0.2
someya,染谷隆夫,揺るぎない,1,1,1,0.2
someya,染谷隆夫,損なう,1,2,2,0.4
someya,染谷隆夫,改善,1,3,6,0.6
someya,染谷隆夫,攻撃,1,1,1,0.2
someya,染谷隆夫,政府,1,3,5,0.6
someya,染谷隆夫,教員,1,5,22,1.0
someya,染谷隆夫,教養,1,5,8,1.0
someya,染谷隆夫,整理,1,2,3,0.4
someya,染谷隆夫,文化,1,3,7,0.6
someya,染谷隆夫,文理,1,2,2,0.4
someya,染谷隆夫,文系,1,1,1,0.2
someya,染谷隆夫,新しい,1,5,9,1.0
someya,染谷隆夫,日々,1,1,1,0.2
someya,染谷隆夫,日本,1,5,36,1.0
someya,染谷隆夫,早い,1,1,1,0.2
someya,染谷隆夫,早期,1,1,1,0.2
someya,染谷隆夫,明るい,1,1,1,0.2
someya,染谷隆夫,晒す,1,1,1,0.2
someya,染谷隆夫,最終,1,2,2,0.4
someya,染谷隆夫,最高,1,3,4,0.6
someya,染谷隆夫,未来,1,2,2,0.4
someya,染谷隆夫,未知,1,2,2,0.4
someya,染谷隆夫,格差,1,2,2,0.4
someya,染谷隆夫,構想,1,4,5,0.8
someya,染谷隆夫,構造,1,3,4,0.6
someya,染谷隆夫,機会,1,2,2,0.4
someya,染谷隆夫,機能,1,3,6,0.6
someya,染谷隆夫,正しい,1,1,1,0.2
someya,染谷隆夫,正解,1,1,1,0.2
someya,染谷隆夫,歴史,1,3,3,0.6
someya,染谷隆夫,段階,1,1,1,0.2
someya,染谷隆夫,気候,1,3,3,0.6
someya,染谷隆夫,求める,1,4,8,0.8
someya,染谷隆夫,決定,1,4,12,0.8
someya,染谷隆夫,決断,1,2,2,0.4
someya,染谷隆夫,活用,1,4,9,0.8
someya,染谷隆夫,活躍,1,4,6,0.8
someya,染谷隆夫,流行,1,1,1,0.2
someya,染谷隆夫,深い,1,4,5,0.8
someya,染谷隆夫,深化,1,3,5,0.6
someya,染谷隆夫,源泉,1,2,2,0.4
someya,染谷隆夫,溝,1,1,1,0.2
someya,染谷隆夫,潜在,1,2,6,0.4
someya,染谷隆夫,特性,1,3,3,0.6
someya,染谷隆夫,独立,1,1,1,0.2
someya,染谷隆夫,現状,1,4,6,0.8
someya,染谷隆夫,理想,1,1,1,0.2
someya,染谷隆夫,理知,1,1,1,0.2
someya,染谷隆夫,理系,1,1,1,0.2
someya,染谷隆夫,理解,1,5,6,1.0
someya,染谷隆夫,生ずる,1,2,2,0.4
someya,染谷隆夫,生成,1,3,3,0.6
someya,染谷隆夫,産業,1,4,6,0.8
someya,染谷隆夫,留まる,1,4,4,0.8
someya,染谷隆夫,留める,1,3,3,0.6
someya,染谷隆夫,留学,1,4,7,0.8
someya,染谷隆夫,登用,1,1,1,0.2
someya,染谷隆夫,監視,1,2,2,0.4
someya,染谷隆夫,目,1,1,1,0.2
someya,染谷隆夫,目指す,1,2,3,0.4
someya,染谷隆夫,目的,1,4,7,0.8
someya,染谷隆夫,直視,1,1,1,0.2
someya,染谷隆夫,直面,1,1,1,0.2
someya,染谷隆夫,知見,1,3,7,0.6
someya,染谷隆夫,科学,1,5,25,1.0
someya,染谷隆夫,科長,1,2,2,0.4
someya,染谷隆夫,移行,1,2,2,0.4
someya,染谷隆夫,立つ,1,3,4,0.6
someya,染谷隆夫,立場,1,2,2,0.4
someya,染谷隆夫,粘り強い,1,1,1,0.2
someya,染谷隆夫,終了,1,1,1,0.2
someya,染谷隆夫,結び付ける,1,1,1,0.2
someya,染谷隆夫,結集,1,3,3,0.6
someya,染谷隆夫,統制,1,1,1,0.2
someya,染谷隆夫,絶える,1,1,1,0.2
someya,染谷隆夫,継承,1,2,4,0.4
someya,染谷隆夫,継続,1,2,3,0.4
someya,染谷隆夫,緊張,1,2,2,0.4
someya,染谷隆夫,繋がる,1,4,4,0.8
someya,染谷隆夫,繋ぐ,1,4,7,0.8
someya,染谷隆夫,繋げる,1,2,4,0.4
someya,染谷隆夫,耳,1,1,1,0.2
someya,染谷隆夫,職員,1,3,16,0.6
someya,染谷隆夫,能力,1,4,9,0.8
someya,染谷隆夫,腰,1,1,1,0.2
someya,染谷隆夫,自立,1,2,2,0.4
someya,染谷隆夫,良い,1,4,10,0.8
someya,染谷隆夫,英知,1,1,1,0.2
someya,染谷隆夫,融合,1,1,1,0.2
someya,染谷隆夫,行う,1,5,27,1.0
someya,染谷隆夫,行く,1,4,22,0.8
someya,染谷隆夫,行政,1,3,6,0.6
someya,染谷隆夫,複合,1,1,1,0.2
someya,染谷隆夫,見出だす,1,2,2,0.4
someya,染谷隆夫,見抜く,1,1,1,0.2
someya,染谷隆夫,見据える,1,1,1,0.2
someya,染谷隆夫,見通し,1,1,1,0.2
someya,染谷隆夫,視点,1,3,5,0.6
someya,染谷隆夫,覚える,1,1,1,0.2
someya,染谷隆夫,解,1,2,2,0.4
someya,染谷隆夫,解決,1,3,7,0.6
someya,染谷隆夫,言う,1,5,51,1.0
someya,染谷隆夫,設立,1,1,1,0.2
someya,染谷隆夫,試み,1,1,1,0.2
someya,染谷隆夫,誇り,1,1,1,0.2
someya,染谷隆夫,誠実,1,1,1,0.2
someya,染谷隆夫,論理,1,1,1,0.2
someya,染谷隆夫,講ずる,1,2,2,0.4
someya,染谷隆夫,質,1,2,4,0.4
someya,染谷隆夫,踏まえる,1,2,2,0.4
someya,染谷隆夫,転ずる,1,1,1,0.2
someya,染谷隆夫,輩出,1,2,2,0.4
someya,染谷隆夫,迎える,1,2,2,0.4
someya,染谷隆夫,迎え入れる,1,1,1,0.2
someya,染谷隆夫,通り,1,3,4,0.6
someya,染谷隆夫,過程,1,2,2,0.4
someya,染谷隆夫,道筋,1,2,2,0.4
someya,染谷隆夫,選び取る,1,1,1,0.2
someya,染谷隆夫,遺産,1,2,4,0.4
someya,染谷隆夫,邁進,1,2,2,0.4
someya,染谷隆夫,部,1,4,11,0.8
someya,染谷隆夫,配分,1,4,6,0.8
someya,染谷隆夫,配慮,1,1,1,0.2
someya,染谷隆夫,重ねる,1,2,3,0.4
someya,染谷隆夫,重点,1,4,5,0.8
someya,染谷隆夫,長い,1,3,5,0.6
someya,染谷隆夫,長ける,1,2,2,0.4
someya,染谷隆夫,開く,1,3,5,0.6
someya,染谷隆夫,間,1,5,9,1.0
someya,染谷隆夫,関係,1,4,18,0.8
someya,染谷隆夫,阿る,1,1,1,0.2
someya,染谷隆夫,限る,1,2,4,0.4
someya,染谷隆夫,革新,1,1,1,0.2
someya,染谷隆夫,項目,1,1,1,0.2
someya,染谷隆夫,高い,1,3,4,0.6
someya,染谷隆夫,齎す,1,1,1,0.2
sugano,菅野暁,為る,102,5,510,1.0
sugano,菅野暁,有る,59,5,247,1.0
sugano,菅野暁,事,46,5,152,1.0
sugano,菅野暁,トウキョウ,29,5,114,1.0
sugano,菅野暁,居る,26,5,111,1.0
sugano,菅野暁,考える,23,4,61,0.8
sugano,菅野暁,必要,20,5,72,1.0
sugano,菅野暁,つく,18,5,39,1.0
sugano,菅野暁,経営,18,5,29,1.0
sugano,菅野暁,成る,17,5,90,1.0
sugano,菅野暁,無い,17,5,52,1.0
sugano,菅野暁,言う,17,5,51,1.0
sugano,菅野暁,於く,15,5,36,1.0
sugano,菅野暁,分野,14,5,39,1.0
sugano,菅野暁,為,14,5,69,1.0
sugano,菅野暁,行く,14,4,22,0.8
sugano,菅野暁,国際,13,5,59,1.0
sugano,菅野暁,職員,13,3,16,0.6
sugano,菅野暁,役割,12,5,37,1.0
sugano,菅野暁,社会,12,5,72,1.0
sugano,菅野暁,行う,12,5,27,1.0
sugano,菅野暁,出来る,10,4,45,0.8
sugano,菅野暁,強化,10,4,21,0.8
sugano,菅野暁,教員,10,5,22,1.0
sugano,菅野暁,総長,9,5,29,1.0
sugano,菅野暁,中,8,3,19,0.6
sugano,菅野暁,因る,8,5,38,1.0
sugano,菅野暁,来る,8,3,13,0.6
sugano,菅野暁,課題,8,5,42,1.0
sugano,菅野暁,述べる,8,3,14,0.6
sugano,菅野暁,学長,7,3,11,0.6
sugano,菅野暁,専門,7,5,33,1.0
sugano,菅野暁,持つ,6,5,19,1.0
sugano,菅野暁,良い,6,4,10,0.8
sugano,菅野暁,進める,6,4,16,0.8
sugano,菅野暁,関する,6,3,9,0.6
sugano,菅野暁,人事,5,3,10,0.6
sugano,菅野暁,体制,5,4,14,0.8
sugano,菅野暁,像,5,2,7,0.4
sugano,菅野暁,全体,5,4,17,0.8
sugano,菅野暁,卓越,5,5,22,1.0
sugano,菅野暁,将来,5,3,9,0.6
sugano,菅野暁,思う,5,1,5,0.2
sugano,菅野暁,本部,5,5,28,1.0
sugano,菅野暁,比率,5,2,6,0.4
sugano,菅野暁,点,5,4,16,0.8
sugano,菅野暁,程度,5,1,5,0.2
sugano,菅野暁,見る,5,2,8,0.4
sugano,菅野暁,責任,5,5,22,1.0
sugano,菅野暁,運営,5,5,21,1.0
sugano,菅野暁,部局,5,5,41,1.0
sugano,菅野暁,関係,5,4,18,0.8
sugano,菅野暁,障害,5,1,5,0.2
sugano,菅野暁,サポート-support,4,2,6,0.4
sugano,菅野暁,予算,4,3,8,0.6
sugano,菅野暁,人材,4,5,22,1.0
sugano,菅野暁,出る,4,2,5,0.4
sugano,菅野暁,助成,4,1,4,0.2
sugano,菅野暁,受け入れる,4,1,4,0.2
sugano,菅野暁,基礎,4,5,18,1.0
sugano,菅野暁,外部,4,2,6,0.4
sugano,菅野暁,年,4,3,15,0.6
sugano,菅野暁,感,4,4,8,0.8
sugano,菅野暁,成果,4,4,10,0.8
sugano,菅野暁,改善,4,3,6,0.6
sugano,菅野暁,施設,4,2,8,0.4
sugano,菅野暁,物,4,5,29,1.0
sugano,菅野暁,状態,4,1,4,0.2
sugano,菅野暁,状況,4,3,14,0.6
sugano,菅野暁,現在,4,4,13,0.8
sugano,菅野暁,環境,4,4,33,0.8
sugano,菅野暁,科類,4,1,4,0.2
sugano,菅野暁,組織,4,5,37,1.0
sugano,菅野暁,経験,4,4,10,0.8
sugano,菅野暁,維持,4,3,7,0.6
sugano,菅野暁,議論,4,3,8,0.6
sugano,菅野暁,連携,4,5,29,1.0
sugano,菅野暁,還元,4,2,8,0.4
sugano,菅野暁,ai,3,4,14,0.8
sugano,菅野暁,gri,3,4,14,0.8
sugano,菅野暁,ジェンダー-gender,3,1,3,0.2
sugano,菅野暁,一,3,4,12,0.8
sugano,菅野暁,上,3,4,15,0.8
sugano,菅野暁,世界,3,5,44,1.0
sugano,菅野暁,中長期,3,2,5,0.4
sugano,菅野暁,事項,3,1,3,0.2
sugano,菅野暁,代謝,3,1,3,0.2
sugano,菅野暁,以下,3,3,6,0.6
sugano,菅野暁,企業,3,3,5,0.6
sugano,菅野暁,会議,3,4,13,0.8
sugano,菅野暁,全て,3,4,8,0.8
sugano,菅野暁,分断,3,4,6,0.8
sugano,菅野暁,判断,3,3,6,0.6
sugano,菅野暁,前,3,3,5,0.6
sugano,菅野暁,取る,3,3,8,0.6
sugano,菅野暁,名,3,1,3,0.2
sugano,菅野暁,国,3,3,10,0.6
sugano,菅野暁,増す,3,2,4,0.4
sugano,菅野暁,変わる,3,1,3,0.2
sugano,菅野暁,変化,3,3,5,0.6
sugano,菅野暁,大きい,3,4,9,0.8
sugano,菅野暁,学生,3,5,31,1.0
sugano,菅野暁,学術,3,5,34,1.0
sugano,菅野暁,対する,3,5,13,1.0
sugano,菅野暁,対応,3,4,17,0.8
sugano,菅野暁,形,3,3,5,0.6
sugano,菅野暁,必須,3,2,4,0.4
sugano,菅野暁,応ずる,3,2,4,0.4
sugano,菅野暁,戦略,3,2,4,0.4
sugano,菅野暁,所,3,1,3,0.2
sugano,菅野暁,投資,3,4,12,0.8
sugano,菅野暁,抜本,3,1,3,0.2
sugano,菅野暁,持続,3,4,13,0.8
sugano,菅野暁,支援,3,5,14,1.0
sugano,菅野暁,改革,3,5,15,1.0
sugano,菅野暁,政府,3,3,5,0.6
sugano,菅野暁,新陳,3,1,3,0.2
sugano,菅野暁,方向,3,4,6,0.8
sugano,菅野暁,施策,3,2,4,0.4
sugano,菅野暁,日本,3,5,36,1.0
sugano,菅野暁,期待,3,1,3,0.2
sugano,菅野暁,権限,3,2,5,0.4
sugano,菅野暁,機関,3,3,5,0.6
sugano,菅野暁,法人,3,2,11,0.4
sugano,菅野暁,活動,3,5,18,1.0
sugano,菅野暁,海外,3,4,13,0.8
sugano,菅野暁,発展,3,3,8,0.6
sugano,菅野暁,策定,3,2,4,0.4
sugano,菅野暁,米国,3,2,6,0.4
sugano,菅野暁,繋ぐ,3,4,7,0.8
sugano,菅野暁,考え,3,1,3,0.2
sugano,菅野暁,見直し,3,1,3,0.2
sugano,菅野暁,観点,3,2,8,0.4
sugano,菅野暁,解決,3,3,7,0.6
sugano,菅野暁,課程,3,4,7,0.8
sugano,菅野暁,財務,3,4,9,0.8
sugano,菅野暁,財源,3,3,6,0.6
sugano,菅野暁,資金,3,3,6,0.6
sugano,菅野暁,長期,3,2,8,0.4
sugano,菅野暁,endowment,2,1,2,0.2
sugano,菅野暁,kerr,2,1,2,0.2
sugano,菅野暁,キャリア-career,2,2,4,0.4
sugano,菅野暁,コンテンツ-contents,2,1,2,0.2
sugano,菅野暁,パス-pass,2,1,2,0.2
sugano,菅野暁,プラットホーム-platform,2,2,3,0.4
sugano,菅野暁,プロ-pro,2,1,2,0.2
sugano,菅野暁,ボスト,2,1,2,0.2
sugano,菅野暁,ポートフォリオ-portfolio,2,1,2,0.2
sugano,菅野暁,リベラル-liberal,2,4,8,0.8
sugano,菅野暁,一方,2,3,5,0.6
sugano,菅野暁,中核,2,2,3,0.4
sugano,菅野暁,主義,2,2,3,0.4
sugano,菅野暁,交付,2,2,3,0.4
sugano,菅野暁,人間,2,2,3,0.4
sugano,菅野暁,今回,2,1,2,0.2
sugano,菅野暁,今後,2,3,9,0.6
sugano,菅野暁,他,2,3,11,0.6
sugano,菅野暁,会,2,3,6,0.6
sugano,菅野暁,低い,2,1,2,0.2
sugano,菅野暁,余地,2,2,3,0.4
sugano,菅野暁,優れる,2,3,6,0.6
sugano,菅野暁,処遇,2,1,2,0.2
sugano,菅野暁,分担,2,2,5,0.4
sugano,菅野暁,利益,2,3,6,0.6
sugano,菅野暁,制度,2,5,28,1.0
sugano,菅野暁,前提,2,2,3,0.4
sugano,菅野暁,危機,2,2,5,0.4
sugano,菅野暁,友人,2,1,2,0.2
sugano,菅野暁,双方,2,1,2,0.2
sugano,菅野暁,取り入れる,2,1,2,0.2
sugano,菅野暁,向かう,2,1,2,0.2
sugano,菅野暁,国立,2,2,5,0.4
sugano,菅野暁,執行,2,3,5,0.6
sugano,菅野暁,場,2,4,14,0.8
sugano,菅野暁,増やす,2,3,4,0.6
sugano,菅野暁,変える,2,2,5,0.4
sugano,菅野暁,多い,2,2,5,0.4
sugano,菅野暁,夫,2,1,2,0.2
sugano,菅野暁,女性,2,1,2,0.2
sugano,菅野暁,学修,2,2,3,0.4
sugano,菅野暁,学部,2,4,6,0.8
sugano,菅野暁,寄付,2,4,8,0.8
sugano,菅野暁,対立,2,2,5,0.4
sugano,菅野暁,年度,2,1,2,0.2
sugano,菅野暁,幾,2,1,2,0.2
sugano,菅野暁,広い,2,4,7,0.8
sugano,菅野暁,後期,2,2,3,0.4
sugano,菅野暁,得る,2,4,10,0.8
sugano,菅野暁,成長,2,3,8,0.6
sugano,菅野暁,拡充,2,3,4,0.6
sugano,菅野暁,拡大,2,4,7,0.8
sugano,菅野暁,支える,2,3,6,0.6
sugano,菅野暁,政治,2,2,3,0.4
sugano,菅野暁,教養,2,5,8,1.0
sugano,菅野暁,数,2,2,3,0.4
sugano,菅野暁,整備,2,3,5,0.6
sugano,菅野暁,方策,2,3,6,0.6
sugano,菅野暁,時,2,3,6,0.6
sugano,菅野暁,果たす,2,5,12,1.0
sugano,菅野暁,検討,2,2,3,0.4
sugano,菅野暁,構成,2,5,28,1.0
sugano,菅野暁,構築,2,4,13,0.8
sugano,菅野暁,次,2,3,6,0.6
sugano,菅野暁,欧米,2,2,3,0.4
sugano,菅野暁,民間,2,2,3,0.4
sugano,菅野暁,水準,2,3,7,0.6
sugano,菅野暁,求める,2,4,8,0.8
sugano,菅野暁,決める,2,3,6,0.6
sugano,菅野暁,決定,2,4,12,0.8
sugano,菅野暁,流れ,2,1,2,0.2
sugano,菅野暁,渡る,2,3,4,0.6
sugano,菅野暁,父,2,1,2,0.2
sugano,菅野暁,現状,2,4,6,0.8
sugano,菅野暁,理事,2,1,2,0.2
sugano,菅野暁,理解,2,5,6,1.0
sugano,菅野暁,申請,2,2,3,0.4
sugano,菅野暁,留学,2,4,7,0.8
sugano,菅野暁,疑問,2,1,2,0.2
sugano,菅野暁,目指す,2,2,3,0.4
sugano,菅野暁,目的,2,4,7,0.8
sugano,菅野暁,科学,2,5,25,1.0
sugano,菅野暁,科研,2,1,2,0.2
sugano,菅野暁,職位,2,1,2,0.2
sugano,菅野暁,職場,2,1,2,0.2
sugano,菅野暁,自由,2,5,14,1.0
sugano,菅野暁,自身,2,2,4,0.4
sugano,菅野暁,補う,2,1,2,0.2
sugano,菅野暁,複数,2,1,2,0.2
sugano,菅野暁,規定,2,1,2,0.2
sugano,菅野暁,規模,2,3,5,0.6
sugano,菅野暁,視点,2,3,5,0.6
sugano,菅野暁,負担,2,2,3,0.4
sugano,菅野暁,越える,2,3,6,0.6
sugano,菅野暁,進む,2,3,4,0.6
sugano,菅野暁,遣る,2,1,2,0.2
sugano,菅野暁,長い,2,3,5,0.6
sugano,菅野暁,間,2,5,9,1.0
sugano,菅野暁,関与,2,1,2,0.2
sugano,菅野暁,面,2,2,4,0.4
sugano,菅野暁,顕在,2,2,3,0.4
sugano,菅野暁,高い,2,3,4,0.6
sugano,菅野暁,高める,2,3,10,0.6
sugano,菅野暁,berkeley,1,1,1,0.2
sugano,菅野暁,clark,1,1,1,0.2
sugano,菅野暁,de,1,1,1,0.2
sugano,菅野暁,global,1,2,2,0.4
sugano,菅野暁,i,1,2,2,0.4
sugano,菅野暁,integrate,1,1,1,0.2
sugano,菅野暁,off,1,1,1,0.2
sugano,菅野暁,payout,1,1,1,0.2
sugano,菅野暁,qs,1,1,1,0.2
sugano,菅野暁,research,1,2,2,0.4
sugano,菅野暁,rfp,1,1,1,0.2
sugano,菅野暁,spin,1,1,1,0.2
sugano,菅野暁,the,1,2,4,0.4
sugano,菅野暁,uc,1,1,1,0.2
sugano,菅野暁,アジア-asia,1,1,1,0.2
sugano,菅野暁,アップデート-update,1,1,1,0.2
sugano,菅野暁,アファーマティブ-affirmative,1,1,1,0.2
sugano,菅野暁,アメリカ-america,1,1,1,0.2
sugano,菅野暁,アート-art,1,4,7,0.8
sugano,菅野暁,インクルーシブ-inclusive,1,1,1,0.2
sugano,菅野暁,インクルージョン,1,1,1,0.2
sugano,菅野暁,インフレ-inflation,1,1,1,0.2
sugano,菅野暁,エネルギー-energy,1,1,1,0.2
sugano,菅野暁,オペラ-opera,1,1,1,0.2
sugano,菅野暁,カンノ,1,1,1,0.2
sugano,菅野暁,サイド-side,1,1,1,0.2
sugano,菅野暁,システム-system,1,3,7,0.6
sugano,菅野暁,スタイル-style,1,1,1,0.2
sugano,菅野暁,ステークホルダー-stakeholder,1,2,3,0.4
sugano,菅野暁,スピード-speed,1,1,1,0.2
sugano,菅野暁,スペース-space,1,1,1,0.2
sugano,菅野暁,セレモニー-ceremony,1,1,1,0.2
sugano,菅野暁,タグ-tag,1,1,1,0.2
sugano,菅野暁,チャージ-charge,1,1,1,0.2
sugano,菅野暁,ディスカッション-discussion,1,1,1,0.2
sugano,菅野暁,データーベース-database,1,1,1,0.2
sugano,菅野暁,ニーズ-needs,1,1,1,0.2
sugano,菅野暁,ノーベル-nobel,1,1,1,0.2
sugano,菅野暁,バランス-balance,1,1,1,0.2
sugano,菅野暁,フカホリ,1,1,1,0.2
sugano,菅野暁,フットボール-football,1,1,1,0.2
sugano,菅野暁,プライオリティー-priority,1,1,1,0.2
sugano,菅野暁,プラス-plus,1,1,1,0.2
sugano,菅野暁,プログラム-program,1,3,4,0.6
sugano,菅野暁,プロセス-process,1,2,20,0.4
sugano,菅野暁,プロボスト,1,1,1,0.2
sugano,菅野暁,ベース-base,1,1,1,0.2
sugano,菅野暁,マネージ-manage,1,1,1,0.2
sugano,菅野暁,メディア-media,1,1,1,0.2
sugano,菅野暁,モニタリング-monitoring,1,1,1,0.2
sugano,菅野暁,ランキング-ranking,1,2,2,0.4
sugano,菅野暁,ラーニング-learning,1,1,1,0.2
sugano,菅野暁,リカレント-recurrent,1,2,2,0.4
sugano,菅野暁,リスク-risk,1,3,4,0.6
sugano,菅野暁,一体,1,4,5,0.8
sugano,菅野暁,一目,1,1,1,0.2
sugano,菅野暁,一般,1,1,1,0.2
sugano,菅野暁,一部,1,1,1,0.2
sugano,菅野暁,上がる,1,1,1,0.2
sugano,菅野暁,上げる,1,3,4,0.6
sugano,菅野暁,下線,1,1,1,0.2
sugano,菅野暁,不幸,1,1,1,0.2
sugano,菅野暁,不断,1,1,1,0.2
sugano,菅野暁,不足,1,1,1,0.2
sugano,菅野暁,両方,1,1,1,0.2
sugano,菅野暁,中堅,1,3,3,0.6
sugano,菅野暁,中心,1,2,3,0.4
sugano,菅野暁,主務,1,1,1,0.2
sugano,菅野暁,事実,1,2,2,0.4
sugano,菅野暁,事態,1,1,1,0.2
sugano,菅野暁,交渉,1,1,1,0.2
sugano,菅野暁,人,1,3,9,0.6
sugano,菅野暁,人前,1,1,1,0.2
sugano,菅野暁,人口,1,2,2,0.4
sugano,菅野暁,人文,1,4,4,0.8
sugano,菅野暁,介入,1,1,1,0.2
sugano,菅野暁,仕組み,1,2,3,0.4
sugano,菅野暁,仕舞う,1,3,5,0.6
sugano,菅野暁,付く,1,3,4,0.6
sugano,菅野暁,付け加わる,1,1,1,0.2
sugano,菅野暁,以上,1,2,5,0.4
sugano,菅野暁,仲間,1,1,1,0.2
sugano,菅野暁,件,1,1,1,0.2
sugano,菅野暁,伸ばす,1,4,6,0.8
sugano,菅野暁,位置,1,1,1,0.2
sugano,菅野暁,低下,1,2,2,0.4
sugano,菅野暁,余り,1,1,1,0.2
sugano,菅野暁,作り,1,3,3,0.6
sugano,菅野暁,作る,1,4,10,0.8
sugano,菅野暁,使用,1,1,1,0.2
sugano,菅野暁,依存,1,1,1,0.2
sugano,菅野暁,価値,1,3,13,0.6
sugano,菅野暁,侭,1,1,1,0.2
sugano,菅野暁,保守,1,1,1,0.2
sugano,菅野暁,候補,1,3,3,0.6
sugano,菅野暁,偏る,1,1,1,0.2
sugano,菅野暁,働く,1,2,2,0.4
sugano,菅野暁,充実,1,4,11,0.8
sugano,菅野暁,充当,1,1,1,0.2
sugano,菅野暁,先行き,1,1,1,0.2
sugano,菅野暁,先進,1,2,2,0.4
sugano,菅野暁,先駆,1,1,1,0.2
sugano,菅野暁,入る,1,1,1,0.2
sugano,菅野暁,入れる,1,2,2,0.4
sugano,菅野暁,入試,1,2,2,0.4
sugano,菅野暁,全員,1,1,1,0.2
sugano,菅野暁,全学,1,4,10,0.8
sugano,菅野暁,公僕,1,1,1,0.2
sugano,菅野暁,公衆,1,1,1,0.2
sugano,菅野暁,其々,1,4,8,0.8
sugano,菅野暁,具,1,1,1,0.2
sugano,菅野暁,内,1,2,3,0.4
sugano,菅野暁,内容,1,1,1,0.2
sugano,菅野暁,出席,1,1,1,0.2
sugano,菅野暁,出身,1,1,1,0.2
sugano,菅野暁,分かれる,1,1,1,0.2
sugano,菅野暁,分析,1,3,3,0.6
sugano,菅野暁,分解,1,1,1,0.2
sugano,菅野暁,切る,1,3,4,0.6
sugano,菅野暁,初代,1,2,3,0.4
sugano,菅野暁,利する,1,1,1,0.2
sugano,菅野暁,刺激,1,2,2,0.4
sugano,菅野暁,削減,1,2,2,0.4
sugano,菅野暁,前期,1,2,2,0.4
sugano,菅野暁,割,1,1,1,0.2
sugano,菅野暁,創造,1,5,16,1.0
sugano,菅野暁,加える,1,5,11,1.0
sugano,菅野暁,加わる,1,2,2,0.4
sugano,菅野暁,加速,1,4,4,0.8
sugano,菅野暁,努力,1,2,3,0.4
sugano,菅野暁,労働,1,2,2,0.4
sugano,菅野暁,効率,1,2,8,0.4
sugano,菅野暁,動き,1,1,1,0.2
sugano,菅野暁,勘案,1,1,1,0.2
sugano,菅野暁,医学,1,2,2,0.4
sugano,菅野暁,卒業,1,1,1,0.2
sugano,菅野暁,厭う,1,1,1,0.2
sugano,菅野暁,収支,1,1,1,0.2
sugano,菅野暁,取り組み,1,2,2,0.4
sugano,菅野暁,取れる,1,2,2,0.4
sugano,菅野暁,受け入れ,1,1,1,0.2
sugano,菅野暁,受け取る,1,1,1,0.2
sugano,菅野暁,受賞,1,1,1,0.2
sugano,菅野暁,合わせる,1,3,3,0.6
sugano,菅野暁,同僚,1,2,2,0.4
sugano,菅野暁,向き合う,1,1,1,0.2
sugano,菅野暁,向ける,1,5,5,1.0
sugano,菅野暁,含める,1,3,3,0.6
sugano,菅野暁,品格,1,1,1,0.2
sugano,菅野暁,団体,1,1,1,0.2
sugano,菅野暁,困る,1,1,1,0.2
sugano,菅野暁,図る,1,4,7,0.8
sugano,菅野暁,固定,1,3,3,0.6
sugano,菅野暁,国内,1,3,3,0.6
sugano,菅野暁,国家,1,2,2,0.4
sugano,菅野暁,地方,1,1,1,0.2
sugano,菅野暁,地球,1,4,5,0.8
sugano,菅野暁,埋もれる,1,1,1,0.2
sugano,菅野暁,基づく,1,5,8,1.0
sugano,菅野暁,基準,1,3,4,0.6
sugano,菅野暁,場合,1,3,11,0.6
sugano,菅野暁,増加,1,1,1,0.2
sugano,菅野暁,声,1,1,1,0.2
sugano,菅野暁,変動,1,3,3,0.6
sugano,菅野暁,外,1,1,1,0.2
sugano,菅野暁,外交,1,1,1,0.2
sugano,菅野暁,多く,1,3,4,0.6
sugano,菅野暁,多額,1,1,1,0.2
sugano,菅野暁,奨学,1,1,1,0.2
sugano,菅野暁,学び,1,2,4,0.4
sugano,菅野暁,学内,1,5,13,1.0
sugano,菅野暁,学者,1,1,1,0.2
sugano,菅野暁,完結,1,1,1,0.2
sugano,菅野暁,定義,1,2,2,0.4
sugano,菅野暁,実施,1,1,1,0.2
sugano,菅野暁,実現,1,3,9,0.6
sugano,菅野暁,実装,1,2,2,0.4
sugano,菅野暁,対象,1,2,2,0.4
sugano,菅野暁,小さい,1,1,1,0.2
sugano,菅野暁,差,1,1,1,0.2
sugano,菅野暁,差別,1,1,1,0.2
sugano,菅野暁,常,1,3,3,0.6
sugano,菅野暁,幅,1,2,2,0.4
sugano,菅野暁,平等,1,1,1,0.2
sugano,菅野暁,広がり,1,1,1,0.2
sugano,菅野暁,広報,1,1,1,0.2
sugano,菅野暁,引き上げる,1,1,1,0.2
sugano,菅野暁,引用,1,1,1,0.2
sugano,菅野暁,強み,1,2,2,0.4
sugano,菅野暁,強める,1,1,1,0.2
sugano,菅野暁,当てる,1,2,2,0.4
sugano,菅野暁,役,1,1,1,0.2
sugano,菅野暁,待つ,1,2,2,0.4
sugano,菅野暁,後退,1,1,1,0.2
sugano,菅野暁,従事,1,1,1,0.2
sugano,菅野暁,従来,1,1,1,0.2
sugano,菅野暁,徹底,1,2,2,0.4
sugano,菅野暁,忘れる,1,2,2,0.4
sugano,菅野暁,思想,1,2,2,0.4
sugano,菅野暁,怠る,1,1,1,0.2
sugano,菅野暁,悪化,1,1,1,0.2
sugano,菅野暁,情勢,1,2,3,0.4
sugano,菅野暁,惜しむ,1,1,1,0.2
sugano,菅野暁,想定,1,1,1,0.2
sugano,菅野暁,愛着,1,1,1,0.2
sugano,菅野暁,感ずる,1,1,1,0.2
sugano,菅野暁,所在,1,1,1,0.2
sugano,菅野暁,打つ,1,1,1,0.2
sugano,菅野暁,承知,1,1,1,0.2
sugano,菅野暁,抑,1,2,2,0.4
sugano,菅野暁,投下,1,1,1,0.2
sugano,菅野暁,抜きん出る,1,1,1,0.2
sugano,菅野暁,披露,1,1,1,0.2
sugano,菅野暁,抱える,1,2,3,0.4
sugano,菅野暁,担う,1,5,12,1.0
sugano,菅野暁,担当,1,2,4,0.4
sugano,菅野暁,授業,1,2,4,0.4
sugano,菅野暁,採択,1,1,1,0.2
sugano,菅野暁,採用,1,2,2,0.4
sugano,菅野暁,接触,1,1,1,0.2
sugano,菅野暁,携わる,1,1,1,0.2
sugano,菅野暁,政策,1,3,3,0.6
sugano,菅野暁,教授,1,2,2,0.4
sugano,菅野暁,数字,1,1,1,0.2
sugano,菅野暁,文章,1,1,1,0.2
sugano,菅野暁,新しい,1,5,9,1.0
sugano,菅野暁,方,1,1,1,0.2
sugano,菅野暁,既得,1,1,1,0.2
sugano,菅野暁,昨年,1,1,1,0.2
sugano,菅野暁,時代,1,2,5,0.4
sugano,菅野暁,時間,1,2,4,0.4
sugano,菅野暁,最大,1,3,6,0.6
sugano,菅野暁,最高,1,3,4,0.6
sugano,菅野暁,有する,1,1,1,0.2
sugano,菅野暁,有意,1,1,1,0.2
sugano,菅野暁,本末,1,1,1,0.2
sugano,菅野暁,枠組み,1,1,1,0.2
sugano,菅野暁,梶,1,2,2,0.4
sugano,菅野暁,業務,1,3,11,0.6
sugano,菅野暁,極論,1,1,1,0.2
sugano,菅野暁,概念,1,2,2,0.4
sugano,菅野暁,権益,1,1,1,0.2
sugano,菅野暁,機,1,1,1,0.2
sugano,菅野暁,機会,1,2,2,0.4
sugano,菅野暁,機能,1,3,6,0.6
sugano,菅野暁,止める,1,1,1,0.2
sugano,菅野暁,正直,1,1,1,0.2
sugano,菅野暁,歪み,1,1,1,0.2
sugano,菅野暁,歴史,1,3,3,0.6
sugano,菅野暁,殆ど,1,1,1,0.2
sugano,菅野暁,毎年,1,1,1,0.2
sugano,菅野暁,比べる,1,1,1,0.2
sugano,菅野暁,民主,1,3,3,0.6
sugano,菅野暁,気,1,1,1,0.2
sugano,菅野暁,気候,1,3,3,0.6
sugano,菅野暁,決まる,1,1,1,0.2
sugano,菅野暁,法曹,1,1,1,0.2
sugano,菅野暁,派遣,1,2,2,0.4
sugano,菅野暁,深い,1,4,5,0.8
sugano,菅野暁,深まる,1,1,1,0.2
sugano,菅野暁,減少,1,2,2,0.4
sugano,菅野暁,満たす,1,1,1,0.2
sugano,菅野暁,演説,1,1,1,0.2
sugano,菅野暁,熟議,1,1,1,0.2
sugano,菅野暁,特性,1,3,3,0.6
sugano,菅野暁,獲得,1,2,3,0.4
sugano,菅野暁,理由,1,2,2,0.4
sugano,菅野暁,生まれる,1,2,2,0.4
sugano,菅野暁,生み出す,1,5,9,1.0
sugano,菅野暁,生成,1,3,3,0.6
sugano,菅野暁,生物,1,1,1,0.2
sugano,菅野暁,産業,1,4,6,0.8
sugano,菅野暁,申し上げる,1,1,1,0.2
sugano,菅野暁,留める,1,3,3,0.6
sugano,菅野暁,疲弊,1,1,1,0.2
sugano,菅野暁,益,1,1,1,0.2
sugano,菅野暁,相応しい,1,1,1,0.2
sugano,菅野暁,知れる,1,1,1,0.2
sugano,菅野暁,知財,1,2,4,0.4
sugano,菅野暁,確保,1,3,6,0.6
sugano,菅野暁,示す,1,5,12,1.0
sugano,菅野暁,移民,1,1,1,0.2
sugano,菅野暁,移行,1,2,2,0.4
sugano,菅野暁,答える,1,2,2,0.4
sugano,菅野暁,策,1,1,1,0.2
sugano,菅野暁,管理,1,2,8,0.4
sugano,菅野暁,築く,1,4,9,0.8
sugano,菅野暁,納得,1,1,1,0.2
sugano,菅野暁,組む,1,1,1,0.2
sugano,菅野暁,経常,1,1,1,0.2
sugano,菅野暁,経済,1,3,4,0.6
sugano,菅野暁,経緯,1,1,1,0.2
sugano,菅野暁,給付,1,1,1,0.2
sugano,菅野暁,続ける,1,4,8,0.8
sugano,菅野暁,総合,1,3,5,0.6
sugano,菅野暁,繋がる,1,4,4,0.8
sugano,菅野暁,繰り,1,1,1,0.2
sugano,菅野暁,繰り入れる,1,1,1,0.2
sugano,菅野暁,繰り返す,1,2,3,0.4
sugano,菅野暁,考慮,1,2,2,0.4
sugano,菅野暁,職業,1,1,1,0.2
sugano,菅野暁,育成,1,4,8,0.8
sugano,菅野暁,背負う,1,1,1,0.2
sugano,菅野暁,脆弱,1,1,1,0.2
sugano,菅野暁,自分,1,2,3,0.4
sugano,菅野暁,自助,1,1,1,0.2
sugano,菅野暁,自律,1,3,4,0.6
sugano,菅野暁,自治,1,1,1,0.2
sugano,菅野暁,自立,1,2,2,0.4
sugano,菅野暁,自給,1,1,1,0.2
sugano,菅野暁,至る,1,2,2,0.4
sugano,菅野暁,興味,1,1,1,0.2
sugano,菅野暁,若干,1,1,1,0.2
sugano,菅野暁,行政,1,3,6,0.6
sugano,菅野暁,衝突,1,1,1,0.2
sugano,菅野暁,表面,1,2,2,0.4
sugano,菅野暁,衰退,1,2,2,0.4
sugano,菅野暁,裁量,1,2,3,0.4
sugano,菅野暁,裾野,1,1,1,0.2
sugano,菅野暁,複雑,1,2,2,0.4
sugano,菅野暁,要求,1,1,1,0.2
sugano,菅野暁,要素,1,2,2,0.4
sugano,菅野暁,要請,1,2,3,0.4
sugano,菅野暁,見極め,1,1,1,0.2
sugano,菅野暁,見直す,1,1,1,0.2
sugano,菅野暁,見越す,1,1,1,0.2
sugano,菅野暁,見通す,1,1,1,0.2
sugano,菅野暁,設計,1,4,8,0.8
sugano,菅野暁,許容,1,1,1,0.2
sugano,菅野暁,訳,1,2,2,0.4
sugano,菅野暁,評議,1,1,1,0.2
sugano,菅野暁,認識,1,2,6,0.4
sugano,菅野暁,説得,1,2,2,0.4
sugano,菅野暁,調整,1,2,2,0.4
sugano,菅野暁,諮る,1,1,1,0.2
sugano,菅野暁,負う,1,3,4,0.6
sugano,菅野暁,財団,1,1,1,0.2
sugano,菅野暁,財政,1,4,9,0.8
sugano,菅野暁,費消,1,1,1,0.2
sugano,菅野暁,費用,1,2,2,0.4
sugano,菅野暁,賄う,1,1,1,0.2
sugano,菅野暁,資源,1,4,13,0.8
sugano,菅野暁,資質,1,1,1,0.2
sugano,菅野暁,賞,1,1,1,0.2
sugano,菅野暁,足元,1,1,1,0.2
sugano,菅野暁,跨がる,1,1,1,0.2
sugano,菅野暁,軍事,1,1,1,0.2
sugano,菅野暁,転倒,1,1,1,0.2
sugano,菅野暁,軸,1,3,4,0.6
sugano,菅野暁,近付く,1,1,1,0.2
sugano,菅野暁,近年,1,1,1,0.2
sugano,菅野暁,近辺,1,1,1,0.2
sugano,菅野暁,追う,1,1,1,0.2
sugano,菅野暁,退職,1,1,1,0.2
sugano,菅野暁,逆,1,2,2,0.4
sugano,菅野暁,途上,1,1,1,0.2
sugano,菅野暁,通ずる,1,4,9,0.8
sugano,菅野暁,造詣,1,1,1,0.2
sugano,菅野暁,進展,1,1,1,0.2
sugano,菅野暁,進歩,1,1,1,0.2
sugano,菅野暁,遂げる,1,1,1,0.2
sugano,菅野暁,遅れる,1,1,1,0.2
sugano,菅野暁,運用,1,3,6,0.6
sugano,菅野暁,過ぎる,1,1,1,0.2
sugano,菅野暁,過去,1,1,1,0.2
sugano,菅野暁,選択,1,2,3,0.4
sugano,菅野暁,選挙,1,1,1,0.2
sugano,菅野暁,部,1,4,11,0.8
sugano,菅野暁,配する,1,1,1,0.2
sugano,菅野暁,配置,1,1,1,0.2
sugano,菅野暁,重点,1,4,5,0.8
sugano,菅野暁,長ける,1,2,2,0.4
sugano,菅野暁,長足,1,1,1,0.2
sugano,菅野暁,閉じ籠もる,1,1,1,0.2
sugano,菅野暁,関わる,1,3,7,0.6
sugano,菅野暁,防ぐ,1,1,1,0.2
sugano,菅野暁,陣,1,1,1,0.2
sugano,菅野暁,陥る,1,1,1,0.2
sugano,菅野暁,際,1,3,3,0.6
sugano,菅野暁,集中,1,3,4,0.6
sugano,菅野暁,集団,1,1,1,0.2
sugano,菅野暁,雇用,1,2,2,0.4
sugano,菅野暁,飛び回る,1,1,1,0.2
sugano,菅野暁,飛行,1,1,1,0.2
sugano,菅野暁,食事,1,1,1,0.2
sugano,菅野暁,食料,1,1,1,0.2
sugano,菅野暁,養う,1,2,2,0.4
sugano,菅野暁,高まる,1,2,2,0.4
sugano,菅野暁,高齢,1,3,3,0.6
yamamoto,山本隆司,為る,180,5,510,1.0
yamamoto,山本隆司,有る,72,5,247,1.0
yamamoto,山本隆司,事,48,5,152,1.0
yamamoto,山本隆司,トウキョウ,46,5,114,1.0
yamamoto,山本隆司,成る,43,5,90,1.0
yamamoto,山本隆司,居る,40,5,111,1.0
yamamoto,山本隆司,為,27,5,69,1.0
yamamoto,山本隆司,国際,25,5,59,1.0
yamamoto,山本隆司,部局,25,5,41,1.0
yamamoto,山本隆司,言う,24,5,51,1.0
yamamoto,山本隆司,必要,23,5,72,1.0
yamamoto,山本隆司,課題,23,5,42,1.0
yamamoto,山本隆司,社会,21,5,72,1.0
yamamoto,山本隆司,プロセス-process,19,2,20,0.4
yamamoto,山本隆司,組織,19,5,37,1.0
yamamoto,山本隆司,ガバナンス-governance,18,2,22,0.4
yamamoto,山本隆司,つく,14,5,39,1.0
yamamoto,山本隆司,出来る,14,4,45,0.8
yamamoto,山本隆司,問題,14,2,15,0.4
yamamoto,山本隆司,無い,14,5,52,1.0
yamamoto,山本隆司,知,14,4,28,0.8
yamamoto,山本隆司,因る,13,5,38,1.0
yamamoto,山本隆司,学生,13,5,31,1.0
yamamoto,山本隆司,専門,12,5,33,1.0
yamamoto,山本隆司,物,11,5,29,1.0
yamamoto,山本隆司,総長,11,5,29,1.0
yamamoto,山本隆司,関係,11,4,18,0.8
yamamoto,山本隆司,全体,10,4,17,0.8
yamamoto,山本隆司,分野,10,5,39,1.0
yamamoto,山本隆司,対応,10,4,17,0.8
yamamoto,山本隆司,行う,10,5,27,1.0
yamamoto,山本隆司,utd,9,2,11,0.4
yamamoto,山本隆司,ユニット-unit,9,2,11,0.4
yamamoto,山本隆司,上,9,4,15,0.8
yamamoto,山本隆司,制度,9,5,28,1.0
yamamoto,山本隆司,学術,9,5,34,1.0
yamamoto,山本隆司,役割,9,5,37,1.0
yamamoto,山本隆司,本部,9,5,28,1.0
yamamoto,山本隆司,活動,9,5,18,1.0
yamamoto,山本隆司,状況,9,3,14,0.6
yamamoto,山本隆司,連携,9,5,29,1.0
yamamoto,山本隆司,卓越,8,5,22,1.0
yamamoto,山本隆司,場合,8,3,11,0.6
yamamoto,山本隆司,意思,8,2,9,0.4
yamamoto,山本隆司,改革,8,5,15,1.0
yamamoto,山本隆司,日本,8,5,36,1.0
yamamoto,山本隆司,決定,8,4,12,0.8
yamamoto,山本隆司,法,8,2,10,0.4
yamamoto,山本隆司,法人,8,2,11,0.4
yamamoto,山本隆司,gri,7,4,14,0.8
yamamoto,山本隆司,シナジー-synergy,7,1,7,0.2
yamamoto,山本隆司,人,7,3,9,0.6
yamamoto,山本隆司,会議,7,4,13,0.8
yamamoto,山本隆司,効率,7,2,8,0.4
yamamoto,山本隆司,持続,7,4,13,0.8
yamamoto,山本隆司,教員,7,5,22,1.0
yamamoto,山本隆司,点,7,4,16,0.8
yamamoto,山本隆司,目標,7,2,10,0.4
yamamoto,山本隆司,管理,7,2,8,0.4
yamamoto,山本隆司,考える,7,4,61,0.8
yamamoto,山本隆司,評価,7,4,16,0.8
yamamoto,山本隆司,資源,7,4,13,0.8
yamamoto,山本隆司,運営,7,5,21,1.0
yamamoto,山本隆司,世界,6,5,44,1.0
yamamoto,山本隆司,体,6,2,7,0.4
yamamoto,山本隆司,強化,6,4,21,0.8
yamamoto,山本隆司,於く,6,5,36,1.0
yamamoto,山本隆司,業務,6,3,11,0.6
yamamoto,山本隆司,生む,6,1,6,0.2
yamamoto,山本隆司,計画,6,1,6,0.2
yamamoto,山本隆司,財政,6,4,9,0.8
yamamoto,山本隆司,高める,6,3,10,0.6
yamamoto,山本隆司,一,5,4,12,0.8
yamamoto,山本隆司,例,5,1,5,0.2
yamamoto,山本隆司,問う,5,4,11,0.8
yamamoto,山本隆司,基盤,5,4,16,0.8
yamamoto,山本隆司,基礎,5,5,18,1.0
yamamoto,山本隆司,場,5,4,14,0.8
yamamoto,山本隆司,学問,5,4,9,0.8
yamamoto,山本隆司,対する,5,5,13,1.0
yamamoto,山本隆司,推進,5,4,9,0.8
yamamoto,山本隆司,活用,5,4,9,0.8
yamamoto,山本隆司,現在,5,4,13,0.8
yamamoto,山本隆司,示す,5,5,12,1.0
yamamoto,山本隆司,科学,5,5,25,1.0
yamamoto,山本隆司,自由,5,5,14,1.0
yamamoto,山本隆司,観点,5,2,8,0.4
yamamoto,山本隆司,認定,5,1,5,0.2
yamamoto,山本隆司,認識,5,2,6,0.4
yamamoto,山本隆司,選考,5,1,5,0.2
yamamoto,山本隆司,人事,4,3,10,0.6
yamamoto,山本隆司,今後,4,3,9,0.6
yamamoto,山本隆司,他,4,3,11,0.6
yamamoto,山本隆司,以上,4,2,5,0.4
yamamoto,山本隆司,作る,4,4,10,0.8
yamamoto,山本隆司,個々,4,1,4,0.2
yamamoto,山本隆司,効果,4,3,6,0.6
yamamoto,山本隆司,含む,4,3,6,0.6
yamamoto,山本隆司,増える,4,1,4,0.2
yamamoto,山本隆司,大きい,4,4,9,0.8
yamamoto,山本隆司,学際,4,1,4,0.2
yamamoto,山本隆司,方針,4,2,5,0.4
yamamoto,山本隆司,施設,4,2,8,0.4
yamamoto,山本隆司,構成,4,5,28,1.0
yamamoto,山本隆司,機能,4,3,6,0.6
yamamoto,山本隆司,牽制,4,1,4,0.2
yamamoto,山本隆司,現場,4,2,10,0.4
yamamoto,山本隆司,環境,4,4,33,0.8
yamamoto,山本隆司,生かす,4,3,9,0.6
yamamoto,山本隆司,社,4,1,4,0.2
yamamoto,山本隆司,責任,4,5,22,1.0
yamamoto,山本隆司,開発,4,2,6,0.4
yamamoto,山本隆司,関わる,4,3,7,0.6
yamamoto,山本隆司,領域,4,2,8,0.4
yamamoto,山本隆司,ai,3,4,14,0.8
yamamoto,山本隆司,テーマ-theme,3,1,3,0.2
yamamoto,山本隆司,二,3,3,6,0.6
yamamoto,山本隆司,体制,3,4,14,0.8
yamamoto,山本隆司,信頼,3,3,10,0.6
yamamoto,山本隆司,全学,3,4,10,0.8
yamamoto,山本隆司,共,3,4,8,0.8
yamamoto,山本隆司,分担,3,2,5,0.4
yamamoto,山本隆司,創出,3,3,5,0.6
yamamoto,山本隆司,協力,3,1,3,0.2
yamamoto,山本隆司,危機,3,2,5,0.4
yamamoto,山本隆司,取り組む,3,2,6,0.4
yamamoto,山本隆司,合議,3,1,3,0.2
yamamoto,山本隆司,喫緊,3,2,4,0.4
yamamoto,山本隆司,国立,3,2,5,0.4
yamamoto,山本隆司,変更,3,2,4,0.4
yamamoto,山本隆司,変革,3,4,9,0.8
yamamoto,山本隆司,学知,3,2,8,0.4
yamamoto,山本隆司,実現,3,3,9,0.6
yamamoto,山本隆司,対立,3,2,5,0.4
yamamoto,山本隆司,将来,3,3,9,0.6
yamamoto,山本隆司,展開,3,3,5,0.6
yamamoto,山本隆司,広げる,3,2,4,0.4
yamamoto,山本隆司,得る,3,4,10,0.8
yamamoto,山本隆司,循環,3,3,8,0.6
yamamoto,山本隆司,意見,3,3,5,0.6
yamamoto,山本隆司,担当,3,2,4,0.4
yamamoto,山本隆司,拡大,3,4,7,0.8
yamamoto,山本隆司,持つ,3,5,19,1.0
yamamoto,山本隆司,指摘,3,2,4,0.4
yamamoto,山本隆司,授業,3,2,4,0.4
yamamoto,山本隆司,整合,3,1,3,0.2
yamamoto,山本隆司,文化,3,3,7,0.6
yamamoto,山本隆司,方策,3,3,6,0.6
yamamoto,山本隆司,本来,3,2,5,0.4
yamamoto,山本隆司,根本,3,1,3,0.2
yamamoto,山本隆司,標語,3,1,3,0.2
yamamoto,山本隆司,次,3,3,6,0.6
yamamoto,山本隆司,残す,3,1,3,0.2
yamamoto,山本隆司,求める,3,4,8,0.8
yamamoto,山本隆司,活躍,3,4,6,0.8
yamamoto,山本隆司,深化,3,3,5,0.6
yamamoto,山本隆司,無し,3,1,3,0.2
yamamoto,山本隆司,特定,3,1,3,0.2
yamamoto,山本隆司,牽引,3,2,4,0.4
yamamoto,山本隆司,留意,3,1,3,0.2
yamamoto,山本隆司,発展,3,3,8,0.6
yamamoto,山本隆司,発生,3,2,5,0.4
yamamoto,山本隆司,究極,3,1,3,0.2
yamamoto,山本隆司,育む,3,1,3,0.2
yamamoto,山本隆司,自然,3,2,4,0.4
yamamoto,山本隆司,英語,3,1,3,0.2
yamamoto,山本隆司,見る,3,2,8,0.4
yamamoto,山本隆司,解決,3,3,7,0.6
yamamoto,山本隆司,質,3,2,4,0.4
yamamoto,山本隆司,質問,3,1,3,0.2
yamamoto,山本隆司,述べる,3,3,14,0.6
yamamoto,山本隆司,進める,3,4,16,0.8
yamamoto,山本隆司,部署,3,1,3,0.2
yamamoto,山本隆司,鑑みる,3,1,3,0.2
yamamoto,山本隆司,開く,3,3,5,0.6
yamamoto,山本隆司,難しい,3,1,3,0.2
yamamoto,山本隆司,項,3,1,3,0.2
yamamoto,山本隆司,インフラ-infrastructure,2,1,2,0.2
yamamoto,山本隆司,キャリア-career,2,2,4,0.4
yamamoto,山本隆司,グループ-group,2,1,2,0.2
yamamoto,山本隆司,コミュニケーション-communication,2,4,9,0.8
yamamoto,山本隆司,ステークホルダー-stakeholder,2,2,3,0.4
yamamoto,山本隆司,チャレンジング-challenging,2,1,2,0.2
yamamoto,山本隆司,リスク-risk,2,3,4,0.6
yamamoto,山本隆司,リーダーシップ-leadership,2,3,5,0.6
yamamoto,山本隆司,一体,2,4,5,0.8
yamamoto,山本隆司,一方,2,3,5,0.6
yamamoto,山本隆司,一貫,2,2,3,0.4
yamamoto,山本隆司,上げる,2,3,4,0.6
yamamoto,山本隆司,中,2,3,19,0.6
yamamoto,山本隆司,中心,2,2,3,0.4
yamamoto,山本隆司,事業,2,2,3,0.4
yamamoto,山本隆司,交換,2,1,2,0.2
yamamoto,山本隆司,人員,2,1,2,0.2
yamamoto,山本隆司,人材,2,5,22,1.0
yamamoto,山本隆司,以下,2,3,6,0.6
yamamoto,山本隆司,任務,2,1,2,0.2
yamamoto,山本隆司,伴う,2,2,3,0.4
yamamoto,山本隆司,伸ばす,2,4,6,0.8
yamamoto,山本隆司,優先,2,1,2,0.2
yamamoto,山本隆司,先導,2,2,4,0.4
yamamoto,山本隆司,先端,2,4,5,0.8
yamamoto,山本隆司,公共,2,4,8,0.8
yamamoto,山本隆司,共通,2,1,2,0.2
yamamoto,山本隆司,其々,2,4,8,0.8
yamamoto,山本隆司,具体,2,2,3,0.4
yamamoto,山本隆司,初期,2,1,2,0.2
yamamoto,山本隆司,利用,2,1,2,0.2
yamamoto,山本隆司,利益,2,3,6,0.6
yamamoto,山本隆司,削ぐ,2,2,3,0.4
yamamoto,山本隆司,力,2,4,42,0.8
yamamoto,山本隆司,単位,2,1,2,0.2
yamamoto,山本隆司,反映,2,2,3,0.4
yamamoto,山本隆司,取り合い,2,1,2,0.2
yamamoto,山本隆司,受ける,2,1,2,0.2
yamamoto,山本隆司,向上,2,3,5,0.6
yamamoto,山本隆司,困難,2,1,2,0.2
yamamoto,山本隆司,図る,2,4,7,0.8
yamamoto,山本隆司,基づく,2,5,8,1.0
yamamoto,山本隆司,基本,2,2,3,0.4
yamamoto,山本隆司,基準,2,3,4,0.6
yamamoto,山本隆司,増大,2,1,2,0.2
yamamoto,山本隆司,増強,2,1,2,0.2
yamamoto,山本隆司,多面,2,1,2,0.2
yamamoto,山本隆司,学長,2,3,11,0.6
yamamoto,山本隆司,安全,2,2,4,0.4
yamamoto,山本隆司,尖る,2,1,2,0.2
yamamoto,山本隆司,広い,2,4,7,0.8
yamamoto,山本隆司,引き付ける,2,1,2,0.2
yamamoto,山本隆司,強い,2,3,4,0.6
yamamoto,山本隆司,当たる,2,1,2,0.2
yamamoto,山本隆司,形成,2,3,5,0.6
yamamoto,山本隆司,後,2,1,2,0.2
yamamoto,山本隆司,情報,2,3,8,0.6
yamamoto,山本隆司,意味,2,2,3,0.4
yamamoto,山本隆司,技術,2,4,13,0.8
yamamoto,山本隆司,指標,2,2,3,0.4
yamamoto,山本隆司,教職員,2,2,5,0.4
yamamoto,山本隆司,数値,2,1,2,0.2
yamamoto,山本隆司,整理,2,2,3,0.4
yamamoto,山本隆司,案件,2,1,2,0.2
yamamoto,山本隆司,構想,2,4,5,0.8
yamamoto,山本隆司,構造,2,3,4,0.6
yamamoto,山本隆司,権限,2,2,5,0.4
yamamoto,山本隆司,横断,2,1,2,0.2
yamamoto,山本隆司,活力,2,1,2,0.2
yamamoto,山本隆司,特徴,2,1,2,0.2
yamamoto,山本隆司,現状,2,4,6,0.8
yamamoto,山本隆司,生み出す,2,5,9,1.0
yamamoto,山本隆司,留学,2,4,7,0.8
yamamoto,山本隆司,異なる,2,3,6,0.6
yamamoto,山本隆司,発信,2,3,5,0.6
yamamoto,山本隆司,監察,2,1,2,0.2
yamamoto,山本隆司,目的,2,4,7,0.8
yamamoto,山本隆司,相互,2,3,5,0.6
yamamoto,山本隆司,相反,2,1,2,0.2
yamamoto,山本隆司,知見,2,3,7,0.6
yamamoto,山本隆司,確立,2,2,6,0.4
yamamoto,山本隆司,築く,2,4,9,0.8
yamamoto,山本隆司,経営,2,5,29,1.0
yamamoto,山本隆司,統合,2,1,2,0.2
yamamoto,山本隆司,継続,2,2,3,0.4
yamamoto,山本隆司,続ける,2,4,8,0.8
yamamoto,山本隆司,維持,2,3,7,0.6
yamamoto,山本隆司,総合,2,3,5,0.6
yamamoto,山本隆司,繋ぐ,2,4,7,0.8
yamamoto,山本隆司,職員,2,3,16,0.6
yamamoto,山本隆司,育てる,2,2,4,0.4
yamamoto,山本隆司,能力,2,4,9,0.8
yamamoto,山本隆司,要する,2,2,5,0.4
yamamoto,山本隆司,要請,2,2,3,0.4
yamamoto,山本隆司,設定,2,1,2,0.2
yamamoto,山本隆司,設置,2,2,5,0.4
yamamoto,山本隆司,設計,2,4,8,0.8
yamamoto,山本隆司,説く,2,2,3,0.4
yamamoto,山本隆司,諸種,2,1,2,0.2
yamamoto,山本隆司,質量,2,1,2,0.2
yamamoto,山本隆司,越える,2,3,6,0.6
yamamoto,山本隆司,選択,2,2,3,0.4
yamamoto,山本隆司,避ける,2,2,3,0.4
yamamoto,山本隆司,配分,2,4,6,0.8
yamamoto,山本隆司,醸成,2,1,2,0.2
yamamoto,山本隆司,重ねる,2,2,3,0.4
yamamoto,山本隆司,重点,2,4,5,0.8
yamamoto,山本隆司,面,2,2,4,0.4
yamamoto,山本隆司,頂く,2,1,2,0.2
yamamoto,山本隆司,魅力,2,1,2,0.2
yamamoto,山本隆司,ebpm,1,1,1,0.2
yamamoto,山本隆司,wings,1,2,4,0.4
yamamoto,山本隆司,アップ-up,1,1,1,0.2
yamamoto,山本隆司,アート-art,1,4,7,0.8
yamamoto,山本隆司,イノベーション-innovation,1,3,7,0.6
yamamoto,山本隆司,カリキュラム-curriculum,1,1,1,0.2
yamamoto,山本隆司,コスト-cost,1,1,1,0.2
yamamoto,山本隆司,サイクル-cycle,1,1,1,0.2
yamamoto,山本隆司,サブ-sub,1,1,1,0.2
yamamoto,山本隆司,シミュレーション-simulation,1,1,1,0.2
yamamoto,山本隆司,ジャーナル-journal,1,1,1,0.2
yamamoto,山本隆司,スタンス-stance,1,1,1,0.2
yamamoto,山本隆司,センター-center,1,1,1,0.2
yamamoto,山本隆司,ダウン-down,1,1,1,0.2
yamamoto,山本隆司,ダブル-double,1,2,3,0.4
yamamoto,山本隆司,チェック-check,1,1,1,0.2
yamamoto,山本隆司,ディグリー-degree,1,2,3,0.4
yamamoto,山本隆司,トップ-top,1,2,5,0.4
yamamoto,山本隆司,ネットワーク-network,1,2,2,0.4
yamamoto,山本隆司,ハラスメント-harassment,1,1,1,0.2
yamamoto,山本隆司,バックグラウンド-background,1,1,1,0.2
yamamoto,山本隆司,パンデミック-pandemic,1,1,1,0.2
yamamoto,山本隆司,ピーク-peak,1,1,1,0.2
yamamoto,山本隆司,プレゼンス-presence,1,2,2,0.4
yamamoto,山本隆司,プログラム-program,1,3,4,0.6
yamamoto,山本隆司,ボトム-bottom,1,1,1,0.2
yamamoto,山本隆司,ポスト-post(郵便),1,1,1,0.2
yamamoto,山本隆司,メジャー-major,1,1,1,0.2
yamamoto,山本隆司,モデル-model,1,3,3,0.6
yamamoto,山本隆司,ランキング-ranking,1,2,2,0.4
yamamoto,山本隆司,リベラル-liberal,1,4,8,0.8
yamamoto,山本隆司,一定,1,1,1,0.2
yamamoto,山本隆司,上記,1,1,1,0.2
yamamoto,山本隆司,下,1,1,1,0.2
yamamoto,山本隆司,世代,1,3,7,0.6
yamamoto,山本隆司,乱用,1,1,1,0.2
yamamoto,山本隆司,予算,1,3,8,0.6
yamamoto,山本隆司,争い,1,1,1,0.2
yamamoto,山本隆司,交差,1,1,1,0.2
yamamoto,山本隆司,人口,1,2,2,0.4
yamamoto,山本隆司,人文,1,4,4,0.8
yamamoto,山本隆司,仕舞う,1,3,5,0.6
yamamoto,山本隆司,他方,1,1,1,0.2
yamamoto,山本隆司,付く,1,3,4,0.6
yamamoto,山本隆司,以前,1,1,1,0.2
yamamoto,山本隆司,以後,1,1,1,0.2
yamamoto,山本隆司,任せる,1,1,1,0.2
yamamoto,山本隆司,任用,1,1,1,0.2
yamamoto,山本隆司,企画,1,1,1,0.2
yamamoto,山本隆司,会,1,3,6,0.6
yamamoto,山本隆司,会社,1,1,1,0.2
yamamoto,山本隆司,伝説,1,1,1,0.2
yamamoto,山本隆司,低下,1,2,2,0.4
yamamoto,山本隆司,余地,1,2,3,0.4
yamamoto,山本隆司,作り込む,1,2,2,0.4
yamamoto,山本隆司,使い分け,1,1,1,0.2
yamamoto,山本隆司,保つ,1,2,2,0.4
yamamoto,山本隆司,保障,1,1,1,0.2
yamamoto,山本隆司,修士,1,2,3,0.4
yamamoto,山本隆司,個,1,1,1,0.2
yamamoto,山本隆司,個人,1,2,2,0.4
yamamoto,山本隆司,個性,1,2,2,0.4
yamamoto,山本隆司,候補,1,3,3,0.6
yamamoto,山本隆司,先,1,1,1,0.2
yamamoto,山本隆司,全て,1,4,8,0.8
yamamoto,山本隆司,共有,1,3,3,0.6
yamamoto,山本隆司,共著,1,1,1,0.2
yamamoto,山本隆司,分かる,1,1,1,0.2
yamamoto,山本隆司,分割,1,1,1,0.2
yamamoto,山本隆司,分断,1,4,6,0.8
yamamoto,山本隆司,分析,1,3,3,0.6
yamamoto,山本隆司,分立,1,1,1,0.2
yamamoto,山本隆司,別,1,2,3,0.4
yamamoto,山本隆司,削減,1,2,2,0.4
yamamoto,山本隆司,前回,1,1,1,0.2
yamamoto,山本隆司,前項,1,1,1,0.2
yamamoto,山本隆司,割合,1,1,1,0.2
yamamoto,山本隆司,創造,1,5,16,1.0
yamamoto,山本隆司,力強い,1,1,1,0.2
yamamoto,山本隆司,加える,1,5,11,1.0
yamamoto,山本隆司,加わる,1,2,2,0.4
yamamoto,山本隆司,加速,1,4,4,0.8
yamamoto,山本隆司,動向,1,1,1,0.2
yamamoto,山本隆司,動員,1,1,1,0.2
yamamoto,山本隆司,区別,1,1,1,0.2
yamamoto,山本隆司,半数,1,1,1,0.2
yamamoto,山本隆司,協議,1,1,1,0.2
yamamoto,山本隆司,即する,1,1,1,0.2
yamamoto,山本隆司,厳しい,1,2,2,0.4
yamamoto,山本隆司,参画,1,2,3,0.4
yamamoto,山本隆司,反対,1,1,1,0.2
yamamoto,山本隆司,収束,1,1,1,0.2
yamamoto,山本隆司,収益,1,1,1,0.2
yamamoto,山本隆司,収集,1,1,1,0.2
yamamoto,山本隆司,取り組み,1,2,2,0.4
yamamoto,山本隆司,受益,1,1,1,0.2
yamamoto,山本隆司,各国,1,1,1,0.2
yamamoto,山本隆司,合う,1,2,2,0.4
yamamoto,山本隆司,合わせる,1,3,3,0.6
yamamoto,山本隆司,合致,1,1,1,0.2
yamamoto,山本隆司,向ける,1,5,5,1.0
yamamoto,山本隆司,含める,1,3,3,0.6
yamamoto,山本隆司,唱える,1,1,1,0.2
yamamoto,山本隆司,問い直す,1,2,2,0.4
yamamoto,山本隆司,図式,1,1,1,0.2
yamamoto,山本隆司,国内,1,3,3,0.6
yamamoto,山本隆司,国内外,1,2,2,0.4
yamamoto,山本隆司,国家,1,2,2,0.4
yamamoto,山本隆司,国籍,1,1,1,0.2
yamamoto,山本隆司,地域,1,2,2,0.4
yamamoto,山本隆司,変動,1,3,3,0.6
yamamoto,山本隆司,変化,1,3,5,0.6
yamamoto,山本隆司,外国,1,1,1,0.2
yamamoto,山本隆司,失う,1,2,2,0.4
yamamoto,山本隆司,奉仕,1,3,3,0.6
yamamoto,山本隆司,契機,1,1,1,0.2
yamamoto,山本隆司,好機,1,1,1,0.2
yamamoto,山本隆司,如何,1,1,1,0.2
yamamoto,山本隆司,妨害,1,1,1,0.2
yamamoto,山本隆司,委員,1,2,2,0.4
yamamoto,山本隆司,姿勢,1,1,1,0.2
yamamoto,山本隆司,学ぶ,1,3,5,0.6
yamamoto,山本隆司,学修,1,2,3,0.4
yamamoto,山本隆司,学内,1,5,13,1.0
yamamoto,山本隆司,学外,1,2,4,0.4
yamamoto,山本隆司,学部,1,4,6,0.8
yamamoto,山本隆司,定員,1,1,1,0.2
yamamoto,山本隆司,定着,1,1,1,0.2
yamamoto,山本隆司,実務,1,3,3,0.6
yamamoto,山本隆司,実態,1,1,1,0.2
yamamoto,山本隆司,実装,1,2,2,0.4
yamamoto,山本隆司,実質,1,1,1,0.2
yamamoto,山本隆司,宿題,1,1,1,0.2
yamamoto,山本隆司,寄せ集める,1,1,1,0.2
yamamoto,山本隆司,対象,1,2,2,0.4
yamamoto,山本隆司,導入,1,1,1,0.2
yamamoto,山本隆司,小手,1,1,1,0.2
yamamoto,山本隆司,少ない,1,1,1,0.2
yamamoto,山本隆司,局所,1,1,1,0.2
yamamoto,山本隆司,差分,1,1,1,0.2
yamamoto,山本隆司,幅,1,2,2,0.4
yamamoto,山本隆司,年,1,3,15,0.6
yamamoto,山本隆司,広がる,1,1,1,0.2
yamamoto,山本隆司,廃止,1,1,1,0.2
yamamoto,山本隆司,建設,1,1,1,0.2
yamamoto,山本隆司,弱点,1,1,1,0.2
yamamoto,山本隆司,強み,1,2,2,0.4
yamamoto,山本隆司,強靭,1,1,1,0.2
yamamoto,山本隆司,当,1,1,1,0.2
yamamoto,山本隆司,当該,1,1,1,0.2
yamamoto,山本隆司,形,1,3,5,0.6
yamamoto,山本隆司,役員,1,1,1,0.2
yamamoto,山本隆司,性格,1,1,1,0.2
yamamoto,山本隆司,性質,1,1,1,0.2
yamamoto,山本隆司,恒常,1,1,1,0.2
yamamoto,山本隆司,成果,1,4,10,0.8
yamamoto,山本隆司,成長,1,3,8,0.6
yamamoto,山本隆司,所与,1,2,6,0.4
yamamoto,山本隆司,所属,1,2,3,0.4
yamamoto,山本隆司,所掌,1,1,1,0.2
yamamoto,山本隆司,手段,1,2,2,0.4
yamamoto,山本隆司,手続き,1,2,2,0.4
yamamoto,山本隆司,把握,1,1,1,0.2
yamamoto,山本隆司,抑,1,2,2,0.4
yamamoto,山本隆司,抑制,1,1,1,0.2
yamamoto,山本隆司,投入,1,1,1,0.2
yamamoto,山本隆司,押さえる,1,1,1,0.2
yamamoto,山本隆司,担う,1,5,12,1.0
yamamoto,山本隆司,拡充,1,3,4,0.6
yamamoto,山本隆司,指導,1,2,2,0.4
yamamoto,山本隆司,捕らえる,1,2,2,0.4
yamamoto,山本隆司,掛ける,1,1,1,0.2
yamamoto,山本隆司,採用,1,2,2,0.4
yamamoto,山本隆司,接ぎ木,1,1,1,0.2
yamamoto,山本隆司,提案,1,2,2,0.4
yamamoto,山本隆司,損なう,1,2,2,0.4
yamamoto,山本隆司,支援,1,5,14,1.0
yamamoto,山本隆司,支配,1,1,1,0.2
yamamoto,山本隆司,支障,1,1,1,0.2
yamamoto,山本隆司,改修,1,1,1,0.2
yamamoto,山本隆司,政,1,1,1,0.2
yamamoto,山本隆司,政治,1,2,3,0.4
yamamoto,山本隆司,教養,1,5,8,1.0
yamamoto,山本隆司,整備,1,3,5,0.6
yamamoto,山本隆司,新しい,1,5,9,1.0
yamamoto,山本隆司,方向,1,4,6,0.8
yamamoto,山本隆司,方法,1,2,2,0.4
yamamoto,山本隆司,既存,1,3,6,0.6
yamamoto,山本隆司,日程,1,1,1,0.2
yamamoto,山本隆司,時,1,3,6,0.6
yamamoto,山本隆司,普及,1,1,1,0.2
yamamoto,山本隆司,最終,1,2,2,0.4
yamamoto,山本隆司,有識,1,1,1,0.2
yamamoto,山本隆司,来る,1,3,13,0.6
yamamoto,山本隆司,果たす,1,5,12,1.0
yamamoto,山本隆司,核心,1,1,1,0.2
yamamoto,山本隆司,検討,1,2,3,0.4
yamamoto,山本隆司,標準,1,1,1,0.2
yamamoto,山本隆司,横,1,1,1,0.2
yamamoto,山本隆司,機構,1,2,3,0.4
yamamoto,山本隆司,機関,1,3,5,0.6
yamamoto,山本隆司,次第,1,1,1,0.2
yamamoto,山本隆司,歴史,1,3,3,0.6
yamamoto,山本隆司,比率,1,2,6,0.4
yamamoto,山本隆司,民主,1,3,3,0.6
yamamoto,山本隆司,気候,1,3,3,0.6
yamamoto,山本隆司,決める,1,3,6,0.6
yamamoto,山本隆司,決断,1,2,2,0.4
yamamoto,山本隆司,注意,1,1,1,0.2
yamamoto,山本隆司,活性,1,1,1,0.2
yamamoto,山本隆司,深める,1,1,1,0.2
yamamoto,山本隆司,減らす,1,1,1,0.2
yamamoto,山本隆司,減る,1,1,1,0.2
yamamoto,山本隆司,減少,1,2,2,0.4
yamamoto,山本隆司,渡る,1,3,4,0.6
yamamoto,山本隆司,測る,1,1,1,0.2
yamamoto,山本隆司,準備,1,2,2,0.4
yamamoto,山本隆司,漸進,1,1,1,0.2
yamamoto,山本隆司,激しい,1,1,1,0.2
yamamoto,山本隆司,無くす,1,1,1,0.2
yamamoto,山本隆司,照らす,1,1,1,0.2
yamamoto,山本隆司,特化,1,1,1,0.2
yamamoto,山本隆司,特性,1,3,3,0.6
yamamoto,山本隆司,独任,1,1,1,0.2
yamamoto,山本隆司,現われる,1,1,1,0.2
yamamoto,山本隆司,理念,1,3,4,0.6
yamamoto,山本隆司,理解,1,5,6,1.0
yamamoto,山本隆司,生ずる,1,2,2,0.4
yamamoto,山本隆司,生まれる,1,2,2,0.4
yamamoto,山本隆司,生活,1,1,1,0.2
yamamoto,山本隆司,用いる,1,2,3,0.4
yamamoto,山本隆司,用語,1,1,1,0.2
yamamoto,山本隆司,由来,1,1,1,0.2
yamamoto,山本隆司,留まる,1,4,4,0.8
yamamoto,山本隆司,留める,1,3,3,0.6
yamamoto,山本隆司,発表,1,2,2,0.4
yamamoto,山本隆司,発見,1,1,1,0.2
yamamoto,山本隆司,監視,1,2,2,0.4
yamamoto,山本隆司,目前,1,1,1,0.2
yamamoto,山本隆司,直接,1,1,1,0.2
yamamoto,山本隆司,相応,1,1,1,0.2
yamamoto,山本隆司,真価,1,2,3,0.4
yamamoto,山本隆司,研修,1,1,1,0.2
yamamoto,山本隆司,科長,1,2,2,0.4
yamamoto,山本隆司,称する,1,1,1,0.2
yamamoto,山本隆司,移す,1,1,1,0.2
yamamoto,山本隆司,積み重ねる,1,1,1,0.2
yamamoto,山本隆司,立つ,1,3,4,0.6
yamamoto,山本隆司,立てる,1,2,2,0.4
yamamoto,山本隆司,答える,1,2,2,0.4
yamamoto,山本隆司,策定,1,2,4,0.4
yamamoto,山本隆司,組み合わせ,1,1,1,0.2
yamamoto,山本隆司,組み替え,1,1,1,0.2
yamamoto,山本隆司,統一,1,1,1,0.2
yamamoto,山本隆司,継ぎ足す,1,1,1,0.2
yamamoto,山本隆司,編成,1,1,1,0.2
yamamoto,山本隆司,縦割り,1,1,1,0.2
yamamoto,山本隆司,縦横,1,1,1,0.2
yamamoto,山本隆司,縮小,1,1,1,0.2
yamamoto,山本隆司,繋がる,1,4,4,0.8
yamamoto,山本隆司,置く,1,2,2,0.4
yamamoto,山本隆司,老朽,1,1,1,0.2
yamamoto,山本隆司,育成,1,4,8,0.8
yamamoto,山本隆司,自己,1,1,1,0.2
yamamoto,山本隆司,自律,1,3,4,0.6
yamamoto,山本隆司,至る,1,2,2,0.4
yamamoto,山本隆司,良い,1,4,10,0.8
yamamoto,山本隆司,行く,1,4,22,0.8
yamamoto,山本隆司,表面,1,2,2,0.4
yamamoto,山本隆司,要素,1,2,2,0.4
yamamoto,山本隆司,見定める,1,1,1,0.2
yamamoto,山本隆司,規制,1,1,1,0.2
yamamoto,山本隆司,規模,1,3,5,0.6
yamamoto,山本隆司,解,1,2,2,0.4
yamamoto,山本隆司,言い合う,1,1,1,0.2
yamamoto,山本隆司,言語,1,2,3,0.4
yamamoto,山本隆司,記述,1,1,1,0.2
yamamoto,山本隆司,設ける,1,1,1,0.2
yamamoto,山本隆司,設備,1,3,3,0.6
yamamoto,山本隆司,詰める,1,1,1,0.2
yamamoto,山本隆司,説明,1,2,3,0.4
yamamoto,山本隆司,課程,1,4,7,0.8
yamamoto,山本隆司,調整,1,2,2,0.4
yamamoto,山本隆司,論文,1,1,1,0.2
yamamoto,山本隆司,議論,1,3,8,0.6
yamamoto,山本隆司,負う,1,3,4,0.6
yamamoto,山本隆司,負担,1,2,3,0.4
yamamoto,山本隆司,費用,1,2,2,0.4
yamamoto,山本隆司,資する,1,1,1,0.2
yamamoto,山本隆司,走る,1,1,1,0.2
yamamoto,山本隆司,距離,1,2,2,0.4
yamamoto,山本隆司,転換,1,1,1,0.2
yamamoto,山本隆司,軽減,1,1,1,0.2
yamamoto,山本隆司,輸出,1,1,1,0.2
yamamoto,山本隆司,輻湊,1,1,1,0.2
yamamoto,山本隆司,迎える,1,2,2,0.4
yamamoto,山本隆司,近代,1,1,1,0.2
yamamoto,山本隆司,追い付く,1,1,1,0.2
yamamoto,山本隆司,追加,1,1,1,0.2
yamamoto,山本隆司,逆,1,2,2,0.4
yamamoto,山本隆司,通り,1,3,4,0.6
yamamoto,山本隆司,連れる,1,1,1,0.2
yamamoto,山本隆司,進度,1,1,1,0.2
yamamoto,山本隆司,進捗,1,1,1,0.2
yamamoto,山本隆司,過程,1,2,2,0.4
yamamoto,山本隆司,道標,1,1,1,0.2
yamamoto,山本隆司,道筋,1,2,2,0.4
yamamoto,山本隆司,違い,1,2,2,0.4
yamamoto,山本隆司,部分,1,1,1,0.2
yamamoto,山本隆司,部門,1,2,2,0.4
yamamoto,山本隆司,重視,1,2,3,0.4
yamamoto,山本隆司,間,1,5,9,1.0
yamamoto,山本隆司,間接,1,2,2,0.4
yamamoto,山本隆司,阻害,1,1,1,0.2
yamamoto,山本隆司,限界,1,1,1,0.2
yamamoto,山本隆司,際,1,3,3,0.6
yamamoto,山本隆司,集中,1,3,4,0.6
yamamoto,山本隆司,雇用,1,2,2,0.4
yamamoto,山本隆司,頃,1,1,1,0.2
yamamoto,山本隆司,順位,1,1,1,0.2
yamamoto,山本隆司,風通し,1,1,1,0.2
yamamoto,山本隆司,高い,1,3,4,0.6
yamamoto,山本隆司,高まる,1,2,2,0.4
yamamoto,山本隆司,高齢,1,3,3,0.6
