doc_id,candidate_id,candidate_name,level,term_column,term,tf,idf,tfidf,raw_frequency,candidate_count,total_terms,rank
fujigaki,fujigaki,藤垣裕子,candidate,analysis_term_no_stopwords,為る,0.06439942112879884,1.0,0.06439942112879884,89,5,1382,1
fujigaki,fujigaki,藤垣裕子,candidate,analysis_term_no_stopwords,有る,0.052821997105643996,1.0,0.052821997105643996,73,5,1382,2
fujigaki,fujigaki,藤垣裕子,candidate,analysis_term_no_stopwords,事,0.02243125904486252,1.0,0.02243125904486252,31,5,1382,3
fujigaki,fujigaki,藤垣裕子,candidate,analysis_term_no_stopwords,考える,0.01881331403762663,1.1823215567939547,0.022243386741420276,26,4,1382,4
fujigaki,fujigaki,藤垣裕子,candidate,analysis_term_no_stopwords,力,0.017366136034732273,1.1823215567939547,0.020532356992080256,24,4,1382,5
fujigaki,fujigaki,藤垣裕子,candidate,analysis_term_no_stopwords,居る,0.019536903039073805,1.0,0.019536903039073805,27,5,1382,6
fujigaki,fujigaki,藤垣裕子,candidate,analysis_term_no_stopwords,日本,0.015918958031837915,1.0,0.015918958031837915,22,5,1382,7
fujigaki,fujigaki,藤垣裕子,candidate,analysis_term_no_stopwords,必要,0.013748191027496382,1.0,0.013748191027496382,19,5,1382,8
fujigaki,fujigaki,藤垣裕子,candidate,analysis_term_no_stopwords,コンセプト-concept,0.006512301013024602,2.09861228866811,0.01366679493343921,9,1,1382,9
fujigaki,fujigaki,藤垣裕子,candidate,analysis_term_no_stopwords,成る,0.013024602026049204,1.0,0.013024602026049204,18,5,1382,10
fujigaki,fujigaki,藤垣裕子,candidate,analysis_term_no_stopwords,環境,0.009406657018813314,1.1823215567939547,0.011121693370710138,13,4,1382,11
fujigaki,fujigaki,藤垣裕子,candidate,analysis_term_no_stopwords,為,0.01085383502170767,1.0,0.01085383502170767,15,5,1382,12
fujigaki,fujigaki,藤垣裕子,candidate,analysis_term_no_stopwords,年,0.00723589001447178,1.4054651081081644,0.010169790941448367,10,3,1382,13
fujigaki,fujigaki,藤垣裕子,candidate,analysis_term_no_stopwords,トウキョウ,0.010130246020260492,1.0,0.010130246020260492,14,5,1382,14
fujigaki,fujigaki,藤垣裕子,candidate,analysis_term_no_stopwords,世界,0.010130246020260492,1.0,0.010130246020260492,14,5,1382,15
fujigaki,fujigaki,藤垣裕子,candidate,analysis_term_no_stopwords,学術,0.010130246020260492,1.0,0.010130246020260492,14,5,1382,16
fujigaki,fujigaki,藤垣裕子,candidate,analysis_term_no_stopwords,中,0.006512301013024602,1.4054651081081644,0.009152811847303531,9,3,1382,17
fujigaki,fujigaki,藤垣裕子,candidate,analysis_term_no_stopwords,科学,0.007959479015918957,1.0,0.007959479015918957,11,5,1382,18
fujigaki,fujigaki,藤垣裕子,candidate,analysis_term_no_stopwords,出来る,0.006512301013024602,1.1823215567939547,0.007699633872030096,9,4,1382,19
fujigaki,fujigaki,藤垣裕子,candidate,analysis_term_no_stopwords,メーキング-making,0.00361794500723589,2.09861228866811,0.007592663851910673,5,1,1382,20
ohkoshi,ohkoshi,大越慎一,candidate,analysis_term_no_stopwords,為る,0.07152682255845942,1.0,0.07152682255845942,52,5,727,1
ohkoshi,ohkoshi,大越慎一,candidate,analysis_term_no_stopwords,有る,0.026134800550206328,1.0,0.026134800550206328,19,5,727,2
ohkoshi,ohkoshi,大越慎一,candidate,analysis_term_no_stopwords,世界,0.016506189821182942,1.0,0.016506189821182942,12,5,727,3
ohkoshi,ohkoshi,大越慎一,candidate,analysis_term_no_stopwords,トウキョウ,0.012379642365887207,1.0,0.012379642365887207,9,5,727,4
ohkoshi,ohkoshi,大越慎一,candidate,analysis_term_no_stopwords,因る,0.012379642365887207,1.0,0.012379642365887207,9,5,727,5
ohkoshi,ohkoshi,大越慎一,candidate,analysis_term_no_stopwords,社会,0.012379642365887207,1.0,0.012379642365887207,9,5,727,6
ohkoshi,ohkoshi,大越慎一,candidate,analysis_term_no_stopwords,学知,0.0068775790921595595,1.6931471805599454,0.011644753648967988,5,2,727,7
ohkoshi,ohkoshi,大越慎一,candidate,analysis_term_no_stopwords,産,0.0068775790921595595,1.6931471805599454,0.011644753648967988,5,2,727,8
ohkoshi,ohkoshi,大越慎一,candidate,analysis_term_no_stopwords,価値,0.008253094910591471,1.4054651081081644,0.011599436930741383,6,3,727,9
ohkoshi,ohkoshi,大越慎一,candidate,analysis_term_no_stopwords,共同,0.005502063273727648,2.09861228866811,0.011546697599274333,4,1,727,10
ohkoshi,ohkoshi,大越慎一,candidate,analysis_term_no_stopwords,新設,0.005502063273727648,2.09861228866811,0.011546697599274333,4,1,727,11
ohkoshi,ohkoshi,大越慎一,candidate,analysis_term_no_stopwords,創造,0.011004126547455296,1.0,0.011004126547455296,8,5,727,12
ohkoshi,ohkoshi,大越慎一,candidate,analysis_term_no_stopwords,国際,0.011004126547455296,1.0,0.011004126547455296,8,5,727,13
ohkoshi,ohkoshi,大越慎一,candidate,analysis_term_no_stopwords,為,0.011004126547455296,1.0,0.011004126547455296,8,5,727,14
ohkoshi,ohkoshi,大越慎一,candidate,analysis_term_no_stopwords,技術,0.008253094910591471,1.1823215567939547,0.009757812023058773,6,4,727,15
ohkoshi,ohkoshi,大越慎一,candidate,analysis_term_no_stopwords,構築,0.008253094910591471,1.1823215567939547,0.009757812023058773,6,4,727,16
ohkoshi,ohkoshi,大越慎一,candidate,analysis_term_no_stopwords,部,0.008253094910591471,1.1823215567939547,0.009757812023058773,6,4,727,17
ohkoshi,ohkoshi,大越慎一,candidate,analysis_term_no_stopwords,事,0.009628610729023384,1.0,0.009628610729023384,7,5,727,18
ohkoshi,ohkoshi,大越慎一,candidate,analysis_term_no_stopwords,学生,0.009628610729023384,1.0,0.009628610729023384,7,5,727,19
ohkoshi,ohkoshi,大越慎一,candidate,analysis_term_no_stopwords,gx,0.0041265474552957355,2.09861228866811,0.008660023199455748,3,1,727,20
someya,someya,染谷隆夫,candidate,analysis_term_no_stopwords,為る,0.07851985559566788,1.0,0.07851985559566788,87,5,1108,1
someya,someya,染谷隆夫,candidate,analysis_term_no_stopwords,有る,0.021660649819494584,1.0,0.021660649819494584,24,5,1108,2
someya,someya,染谷隆夫,candidate,analysis_term_no_stopwords,社会,0.01895306859205776,1.0,0.01895306859205776,21,5,1108,3
someya,someya,染谷隆夫,candidate,analysis_term_no_stopwords,事,0.018050541516245487,1.0,0.018050541516245487,20,5,1108,4
someya,someya,染谷隆夫,candidate,analysis_term_no_stopwords,トウキョウ,0.01444043321299639,1.0,0.01444043321299639,16,5,1108,5
someya,someya,染谷隆夫,candidate,analysis_term_no_stopwords,力,0.011732851985559567,1.1823215567939547,0.01387200382519983,13,4,1108,6
someya,someya,染谷隆夫,candidate,analysis_term_no_stopwords,出来る,0.010830324909747292,1.1823215567939547,0.012804926607876764,12,4,1108,7
someya,someya,染谷隆夫,candidate,analysis_term_no_stopwords,環境,0.010830324909747292,1.1823215567939547,0.012804926607876764,12,4,1108,8
someya,someya,染谷隆夫,candidate,analysis_term_no_stopwords,構成,0.011732851985559567,1.0,0.011732851985559567,13,5,1108,9
someya,someya,染谷隆夫,candidate,analysis_term_no_stopwords,居る,0.010830324909747292,1.0,0.010830324909747292,12,5,1108,10
someya,someya,染谷隆夫,candidate,analysis_term_no_stopwords,整える,0.007220216606498195,1.4054651081081644,0.01014776251341635,8,3,1108,11
someya,someya,染谷隆夫,candidate,analysis_term_no_stopwords,知,0.008122743682310469,1.1823215567939547,0.009603694955907573,9,4,1108,12
someya,someya,染谷隆夫,candidate,analysis_term_no_stopwords,尊重,0.005415162454873646,1.6931471805599454,0.009168667042743385,6,2,1108,13
someya,someya,染谷隆夫,candidate,analysis_term_no_stopwords,現場,0.005415162454873646,1.6931471805599454,0.009168667042743385,6,2,1108,14
someya,someya,染谷隆夫,candidate,analysis_term_no_stopwords,制度,0.009025270758122744,1.0,0.009025270758122744,10,5,1108,15
someya,someya,染谷隆夫,candidate,analysis_term_no_stopwords,世界,0.008122743682310469,1.0,0.008122743682310469,9,5,1108,16
someya,someya,染谷隆夫,candidate,analysis_term_no_stopwords,人材,0.008122743682310469,1.0,0.008122743682310469,9,5,1108,17
someya,someya,染谷隆夫,candidate,analysis_term_no_stopwords,本部,0.008122743682310469,1.0,0.008122743682310469,9,5,1108,18
someya,someya,染谷隆夫,candidate,analysis_term_no_stopwords,無い,0.008122743682310469,1.0,0.008122743682310469,9,5,1108,19
someya,someya,染谷隆夫,candidate,analysis_term_no_stopwords,人類,0.004512635379061372,1.6931471805599454,0.007640555868952822,5,2,1108,20
sugano,sugano,菅野暁,candidate,analysis_term_no_stopwords,為る,0.06411062225015714,1.0,0.06411062225015714,102,5,1591,1
sugano,sugano,菅野暁,candidate,analysis_term_no_stopwords,有る,0.03708359522313011,1.0,0.03708359522313011,59,5,1591,2
sugano,sugano,菅野暁,candidate,analysis_term_no_stopwords,事,0.028912633563796353,1.0,0.028912633563796353,46,5,1591,3
sugano,sugano,菅野暁,candidate,analysis_term_no_stopwords,トウキョウ,0.018227529855436832,1.0,0.018227529855436832,29,5,1591,4
sugano,sugano,菅野暁,candidate,analysis_term_no_stopwords,考える,0.014456316781898177,1.1823215567939547,0.017092014963080424,23,4,1591,5
sugano,sugano,菅野暁,candidate,analysis_term_no_stopwords,居る,0.016341923318667503,1.0,0.016341923318667503,26,5,1591,6
sugano,sugano,菅野暁,candidate,analysis_term_no_stopwords,必要,0.01257071024512885,1.0,0.01257071024512885,20,5,1591,7
sugano,sugano,菅野暁,candidate,analysis_term_no_stopwords,職員,0.008170961659333752,1.4054651081081644,0.011484001511883177,13,3,1591,8
sugano,sugano,菅野暁,candidate,analysis_term_no_stopwords,つく,0.011313639220615965,1.0,0.011313639220615965,18,5,1591,9
sugano,sugano,菅野暁,candidate,analysis_term_no_stopwords,経営,0.011313639220615965,1.0,0.011313639220615965,18,5,1591,10
sugano,sugano,菅野暁,candidate,analysis_term_no_stopwords,成る,0.010685103708359522,1.0,0.010685103708359522,17,5,1591,11
sugano,sugano,菅野暁,candidate,analysis_term_no_stopwords,無い,0.010685103708359522,1.0,0.010685103708359522,17,5,1591,12
sugano,sugano,菅野暁,candidate,analysis_term_no_stopwords,言う,0.010685103708359522,1.0,0.010685103708359522,17,5,1591,13
sugano,sugano,菅野暁,candidate,analysis_term_no_stopwords,行く,0.008799497171590195,1.1823215567939547,0.01040383519491852,14,4,1591,14
sugano,sugano,菅野暁,candidate,analysis_term_no_stopwords,於く,0.009428032683846637,1.0,0.009428032683846637,15,5,1591,15
sugano,sugano,菅野暁,candidate,analysis_term_no_stopwords,分野,0.008799497171590195,1.0,0.008799497171590195,14,5,1591,16
sugano,sugano,菅野暁,candidate,analysis_term_no_stopwords,為,0.008799497171590195,1.0,0.008799497171590195,14,5,1591,17
sugano,sugano,菅野暁,candidate,analysis_term_no_stopwords,国際,0.008170961659333752,1.0,0.008170961659333752,13,5,1591,18
sugano,sugano,菅野暁,candidate,analysis_term_no_stopwords,役割,0.00754242614707731,1.0,0.00754242614707731,12,5,1591,19
sugano,sugano,菅野暁,candidate,analysis_term_no_stopwords,社会,0.00754242614707731,1.0,0.00754242614707731,12,5,1591,20
yamamoto,yamamoto,山本隆司,candidate,analysis_term_no_stopwords,為る,0.08742107819329771,1.0,0.08742107819329771,180,5,2059,1
yamamoto,yamamoto,山本隆司,candidate,analysis_term_no_stopwords,有る,0.034968431277319086,1.0,0.034968431277319086,72,5,2059,2
yamamoto,yamamoto,山本隆司,candidate,analysis_term_no_stopwords,事,0.023312287518212724,1.0,0.023312287518212724,48,5,2059,3
yamamoto,yamamoto,山本隆司,candidate,analysis_term_no_stopwords,トウキョウ,0.022340942204953862,1.0,0.022340942204953862,46,5,2059,4
yamamoto,yamamoto,山本隆司,candidate,analysis_term_no_stopwords,成る,0.020883924235065566,1.0,0.020883924235065566,43,5,2059,5
yamamoto,yamamoto,山本隆司,candidate,analysis_term_no_stopwords,居る,0.01942690626517727,1.0,0.01942690626517727,40,5,2059,6
yamamoto,yamamoto,山本隆司,candidate,analysis_term_no_stopwords,プロセス-process,0.009227780475959204,1.6931471805599454,0.015623990495696438,19,2,2059,7
yamamoto,yamamoto,山本隆司,candidate,analysis_term_no_stopwords,ガバナンス-governance,0.008742107819329771,1.6931471805599454,0.014801675206449256,18,2,2059,8
yamamoto,yamamoto,山本隆司,candidate,analysis_term_no_stopwords,為,0.013113161728994658,1.0,0.013113161728994658,27,5,2059,9
yamamoto,yamamoto,山本隆司,candidate,analysis_term_no_stopwords,国際,0.012141816415735794,1.0,0.012141816415735794,25,5,2059,10
yamamoto,yamamoto,山本隆司,candidate,analysis_term_no_stopwords,部局,0.012141816415735794,1.0,0.012141816415735794,25,5,2059,11
yamamoto,yamamoto,山本隆司,candidate,analysis_term_no_stopwords,言う,0.011656143759106362,1.0,0.011656143759106362,24,5,2059,12
yamamoto,yamamoto,山本隆司,candidate,analysis_term_no_stopwords,問題,0.006799417192812044,1.6931471805599454,0.011512414049460531,14,2,2059,13
yamamoto,yamamoto,山本隆司,candidate,analysis_term_no_stopwords,必要,0.011170471102476931,1.0,0.011170471102476931,23,5,2059,14
yamamoto,yamamoto,山本隆司,candidate,analysis_term_no_stopwords,課題,0.011170471102476931,1.0,0.011170471102476931,23,5,2059,15
yamamoto,yamamoto,山本隆司,candidate,analysis_term_no_stopwords,社会,0.010199125789218067,1.0,0.010199125789218067,21,5,2059,16
yamamoto,yamamoto,山本隆司,candidate,analysis_term_no_stopwords,組織,0.009227780475959204,1.0,0.009227780475959204,19,5,2059,17
yamamoto,yamamoto,山本隆司,candidate,analysis_term_no_stopwords,出来る,0.006799417192812044,1.1823215567939547,0.008039097520697118,14,4,2059,18
yamamoto,yamamoto,山本隆司,candidate,analysis_term_no_stopwords,知,0.006799417192812044,1.1823215567939547,0.008039097520697118,14,4,2059,19
yamamoto,yamamoto,山本隆司,candidate,analysis_term_no_stopwords,utd,0.004371053909664886,1.6931471805599454,0.007400837603224628,9,2,2059,20
