term,言及候補数,総頻度,関連語,各候補の代表文脈,共通課題,解釈メモ
為る,5,510,有る(100) / 事(74) / トウキョウ(70) / 居る(63) / 成る(52),藤垣裕子: 激動する国際情勢の中で、そして日本の中で、大学が果たすべき役割はやはり「学術」の基盤をしっかりと継承し発展させていくことであろう。日本の大… / 大越慎一: 世界は、地球温暖化の加速、紛争等の地政学的緊張、格差や分断など、複雑で相互に関連する地球規模の課題を抱えている。日本においては、少子高齢化… / 染谷隆夫: いま日本を含む世界は、地政学的な緊張、気候変動、格差の拡大と分断の深化、生成AIに代表される技術革新のインパクトなど、複合的な課題に直面し… / 菅野暁: このような中での大学、そして東京大学の役割については以下のように考える。混沌とした現状の的確な分析と、それをベースにした将来進むべき方向、… / 山本隆司: 1 世界や日本における 不確実性 とリスクの増大は、パンデミックや気候変動などにより明らかになっている。その中で 資源の取り合い の状況は…,,
有る,5,247,為る(100) / 事(72) / トウキョウ(63) / 居る(56) / 成る(53),藤垣裕子: 人類にとって大学とは何か。ヒトは他の動物と異なり、文化や教育・学習を通じた世代間情報伝達機構をもつ。大学で学ぶことの人類にとっての意味は、… / 大越慎一: 世界は、地球温暖化の加速、紛争等の地政学的緊張、格差や分断など、複雑で相互に関連する地球規模の課題を抱えている。日本においては、少子高齢化… / 染谷隆夫: この責務を果たすための前提となるのは、信頼である。いま東京大学には社会から厳しい目が向けられ、教育研究の現場が元気を失っている。本学の真価… / 菅野暁: 現在の世界情勢は分断と対立、民主主義の後退、そして対立が大規模な軍事衝突につながるリスクが高まっている危機的な状況に向かいつつあると考える… / 山本隆司: 1 世界や日本における 不確実性 とリスクの増大は、パンデミックや気候変動などにより明らかになっている。その中で 資源の取り合い の状況は…,,
事,5,152,為る(74) / 有る(72) / トウキョウ(51) / 居る(43) / 成る(39),藤垣裕子: 人類にとって大学とは何か。ヒトは他の動物と異なり、文化や教育・学習を通じた世代間情報伝達機構をもつ。大学で学ぶことの人類にとっての意味は、… / 大越慎一: 世界は、地球温暖化の加速、紛争等の地政学的緊張、格差や分断など、複雑で相互に関連する地球規模の課題を抱えている。日本においては、少子高齢化… / 染谷隆夫: この責務を果たすための前提となるのは、信頼である。いま東京大学には社会から厳しい目が向けられ、教育研究の現場が元気を失っている。本学の真価… / 菅野暁: このような中での大学、そして東京大学の役割については以下のように考える。混沌とした現状の的確な分析と、それをベースにした将来進むべき方向、… / 山本隆司: このような状況において、大学の果たすべき役割は、目前に現れている課題に対する解を示すことを超えて、 将来の社会課題に向けて多様な知を準備し…,,
トウキョウ,5,114,為る(70) / 有る(63) / 事(51) / 居る(42) / 成る(34),藤垣裕子: 東京大学は、日本を代表する大学の1つであり、海外から「One of the top universities of the world」と… / 大越慎一: 世界は、地球温暖化の加速、紛争等の地政学的緊張、格差や分断など、複雑で相互に関連する地球規模の課題を抱えている。日本においては、少子高齢化… / 染谷隆夫: 東京大学は、世界の公共に奉仕する総合大学として、最高水準の教育と研究を担い、次代のリーダーを育て、より良い未来を構想する責務を負っている。 / 菅野暁: このような中での大学、そして東京大学の役割については以下のように考える。混沌とした現状の的確な分析と、それをベースにした将来進むべき方向、… / 山本隆司: 2 東京大学は、もともとは国家の近代化のために設けられた国立大学である。その後、リベラルアーツ教育の導入、さらに、社会連携、国際化を推進し…,,
居る,5,111,為る(63) / 有る(56) / 事(43) / トウキョウ(42) / 成る(34),藤垣裕子: 激動する国際情勢の中で、そして日本の中で、大学が果たすべき役割はやはり「学術」の基盤をしっかりと継承し発展させていくことであろう。日本の大… / 大越慎一: 世界は、地球温暖化の加速、紛争等の地政学的緊張、格差や分断など、複雑で相互に関連する地球規模の課題を抱えている。日本においては、少子高齢化… / 染谷隆夫: いま日本を含む世界は、地政学的な緊張、気候変動、格差の拡大と分断の深化、生成AIに代表される技術革新のインパクトなど、複合的な課題に直面し… / 菅野暁: 現在の世界情勢は分断と対立、民主主義の後退、そして対立が大規模な軍事衝突につながるリスクが高まっている危機的な状況に向かいつつあると考える… / 山本隆司: 1 世界や日本における 不確実性 とリスクの増大は、パンデミックや気候変動などにより明らかになっている。その中で 資源の取り合い の状況は…,,
成る,5,90,有る(53) / 為る(52) / 事(39) / 居る(34) / トウキョウ(34),藤垣裕子: 人類にとって大学とは何か。ヒトは他の動物と異なり、文化や教育・学習を通じた世代間情報伝達機構をもつ。大学で学ぶことの人類にとっての意味は、… / 大越慎一: 東京大学の教育は、学生に対して知識の伝達にとどまらず、自ら問いを立て、深く考え、未知の課題に挑戦する能力を身に付けさせるものでなければなら… / 染谷隆夫: この責務を果たすための前提となるのは、信頼である。いま東京大学には社会から厳しい目が向けられ、教育研究の現場が元気を失っている。本学の真価… / 菅野暁: 現在の世界情勢は分断と対立、民主主義の後退、そして対立が大規模な軍事衝突につながるリスクが高まっている危機的な状況に向かいつつあると考える… / 山本隆司: 1 世界や日本における 不確実性 とリスクの増大は、パンデミックや気候変動などにより明らかになっている。その中で 資源の取り合い の状況は…,,
必要,5,72,有る(49) / 為る(48) / 為(30) / 事(29) / トウキョウ(28),藤垣裕子: 東京大学には、世界トップレベルの研究者が多く集まっており、どの分野のことでも学内の同僚に聞けば知見が得られるという点で恵まれた環境にある。… / 大越慎一: 東京大学の教育は、学生に対して知識の伝達にとどまらず、自ら問いを立て、深く考え、未知の課題に挑戦する能力を身に付けさせるものでなければなら… / 染谷隆夫: AIは既存の知識の整理に長けているが、常に正しい結果を導きだすとは限らない。既存の知識や常識を問い直すために必要なのは、確かでゆるぎない基… / 菅野暁: 専門分野の学修においては生成AIが長足の進歩を遂げる中、一方方向の授業ではなく、ディスカッションを取り入れ、大学外、海外に出てのアクティブ… / 山本隆司: 科学技術の開発・活用は、課題に対応するために不可欠である。しかし、技術の開発・活用は新たな課題を生む面もあり、その課題への対応に新たな知が…,,
社会,5,72,為る(44) / 有る(41) / 事(32) / トウキョウ(29) / 居る(25),藤垣裕子: 人類にとって大学とは何か。ヒトは他の動物と異なり、文化や教育・学習を通じた世代間情報伝達機構をもつ。大学で学ぶことの人類にとっての意味は、… / 大越慎一: 世界は、地球温暖化の加速、紛争等の地政学的緊張、格差や分断など、複雑で相互に関連する地球規模の課題を抱えている。日本においては、少子高齢化… / 染谷隆夫: いま日本を含む世界は、地政学的な緊張、気候変動、格差の拡大と分断の深化、生成AIに代表される技術革新のインパクトなど、複合的な課題に直面し… / 菅野暁: 専門分野の学修においては生成AIが長足の進歩を遂げる中、一方方向の授業ではなく、ディスカッションを取り入れ、大学外、海外に出てのアクティブ… / 山本隆司: 1 世界や日本における 不確実性 とリスクの増大は、パンデミックや気候変動などにより明らかになっている。その中で 資源の取り合い の状況は…,,
為,5,69,為る(47) / 有る(45) / 事(34) / 必要(30) / トウキョウ(30),"藤垣裕子: 東京大学は,国内外の様々な分野で指導的役割を果たしうる「世界的視野をもった市民的エリート」(東京大学憲章)を育成することが,社会から負託さ… / 大越慎一: 東京大学の運営・経営は、学問の自由と大学の公共性を堅持しつつ、教育効果と研究力を最大化するための持続可能な基盤を構築するものでなければなら… / 染谷隆夫: この責務を果たすための前提となるのは、信頼である。いま東京大学には社会から厳しい目が向けられ、教育研究の現場が元気を失っている。本学の真価… / 菅野暁: また、研究において従来の分野を超えた取り組みが、複雑化する社会のニーズにこたえるために必要となってくる。更に、研究の成果である「知」を大学… / 山本隆司: 科学技術の開発・活用は、課題に対応するために不可欠である。しかし、技術の開発・活用は新たな課題を生む面もあり、その課題への対応に新たな知が…",,
国際,5,59,為る(33) / 有る(31) / トウキョウ(22) / 事(21) / 成る(20),藤垣裕子: 激動する国際情勢の中で、そして日本の中で、大学が果たすべき役割はやはり「学術」の基盤をしっかりと継承し発展させていくことであろう。日本の大… / 大越慎一: 東京大学の教育は、学生に対して知識の伝達にとどまらず、自ら問いを立て、深く考え、未知の課題に挑戦する能力を身に付けさせるものでなければなら… / 染谷隆夫: 国際化については、海外大学との組織的な連携を強化し、世界から優れた学生、研究者、職員が集い活躍できる環境を整える。言語や制度の壁を取り除き… / 菅野暁: (3)国際化について / 山本隆司: 2 東京大学は、もともとは国家の近代化のために設けられた国立大学である。その後、リベラルアーツ教育の導入、さらに、社会連携、国際化を推進し…,,
無い,5,52,為る(38) / 有る(33) / 事(28) / 居る(22) / 成る(21),藤垣裕子: 激動する国際情勢の中で、そして日本の中で、大学が果たすべき役割はやはり「学術」の基盤をしっかりと継承し発展させていくことであろう。日本の大… / 大越慎一: 東京大学の教育は、学生に対して知識の伝達にとどまらず、自ら問いを立て、深く考え、未知の課題に挑戦する能力を身に付けさせるものでなければなら… / 染谷隆夫: いま日本を含む世界は、地政学的な緊張、気候変動、格差の拡大と分断の深化、生成AIに代表される技術革新のインパクトなど、複合的な課題に直面し… / 菅野暁: 大学教育にかかわった経験はなく、専門家ではない前提で考えを述べたい。東京大学の教育は前期課程の教養教育(リベラルアーツ)と後期課程の専門分… / 山本隆司: このような状況において、大学の果たすべき役割は、目前に現れている課題に対する解を示すことを超えて、 将来の社会課題に向けて多様な知を準備し…,,
言う,5,51,有る(35) / 為る(34) / 事(24) / 居る(21) / トウキョウ(20),藤垣裕子: 東京大学は、日本を代表する大学の1つであり、海外から「One of the top universities of the world」と… / 大越慎一: 世界最高水準の研究大学として、卓越した研究力と新たなる価値創造を担い、世界で活躍する高度人材育成のための国際的な教育・研究の場でなければな… / 染谷隆夫: 東京大学の真価は、文系・理系という固定的な区分を超えた総合知を構築しうる資源・人材を保有していることにある。AIの時代にこそ、リベラルアー… / 菅野暁: 日本については、上で述べた状況に加えて人口減少、急速な高齢化、地方の衰退、食料・エネルギー自給における脆弱性、移民とどう向き合うか等様々な… / 山本隆司: 1 世界や日本における 不確実性 とリスクの増大は、パンデミックや気候変動などにより明らかになっている。その中で 資源の取り合い の状況は…,,
世界,5,44,為る(23) / 有る(20) / 社会(15) / 居る(15) / トウキョウ(14),"藤垣裕子: 東京大学は,国内外の様々な分野で指導的役割を果たしうる「世界的視野をもった市民的エリート」(東京大学憲章)を育成することが,社会から負託さ… / 大越慎一: 世界は、地球温暖化の加速、紛争等の地政学的緊張、格差や分断など、複雑で相互に関連する地球規模の課題を抱えている。日本においては、少子高齢化… / 染谷隆夫: いま日本を含む世界は、地政学的な緊張、気候変動、格差の拡大と分断の深化、生成AIに代表される技術革新のインパクトなど、複合的な課題に直面し… / 菅野暁: 現在の世界情勢は分断と対立、民主主義の後退、そして対立が大規模な軍事衝突につながるリスクが高まっている危機的な状況に向かいつつあると考える… / 山本隆司: 1 世界や日本における 不確実性 とリスクの増大は、パンデミックや気候変動などにより明らかになっている。その中で 資源の取り合い の状況は…",,
課題,5,42,為る(25) / 有る(24) / 居る(18) / トウキョウ(16) / 事(16),藤垣裕子: 1学外コミュニケーションのみならず、学内コミュニケーションを充実させるための組織を整える必要がある。国際卓越研究大学におけるGRIや学術経… / 大越慎一: 世界は、地球温暖化の加速、紛争等の地政学的緊張、格差や分断など、複雑で相互に関連する地球規模の課題を抱えている。日本においては、少子高齢化… / 染谷隆夫: いま日本を含む世界は、地政学的な緊張、気候変動、格差の拡大と分断の深化、生成AIに代表される技術革新のインパクトなど、複合的な課題に直面し… / 菅野暁: 日本については、上で述べた状況に加えて人口減少、急速な高齢化、地方の衰退、食料・エネルギー自給における脆弱性、移民とどう向き合うか等様々な… / 山本隆司: 科学技術の開発・活用は、課題に対応するために不可欠である。しかし、技術の開発・活用は新たな課題を生む面もあり、その課題への対応に新たな知が…,,
部局,5,41,為る(23) / 本部(18) / 有る(16) / トウキョウ(14) / 事(14),藤垣裕子: 1学外コミュニケーションのみならず、学内コミュニケーションを充実させるための組織を整える必要がある。国際卓越研究大学におけるGRIや学術経… / 大越慎一: 東京大学は、教職員、学生を合わせて約4万人が所属する組織である。総長の役割は、その多様な意見を尊重しながら、国民からの負託を十分に理解し、… / 染谷隆夫: この責務を果たすための前提となるのは、信頼である。いま東京大学には社会から厳しい目が向けられ、教育研究の現場が元気を失っている。本学の真価… / 菅野暁: (2)本部と部局の関係見直し / 山本隆司: もう一つの方策はUTDにある。英語で学際的な学部・修士課程の一貫教育を行う UTDは、東京大学全体の教育の国際化・学際化を先導する開かれた…,,
つく,5,39,有る(23) / 為る(23) / 事(15) / 必要(13) / 居る(13),藤垣裕子: 社会連携については、大学の営みを深く理解してくれる産業界のパートナーを増やすこと、スタートアップ等大学発の研究開発と産業との連携をはかるた… / 大越慎一: 東京大学の運営・経営は、学問の自由と大学の公共性を堅持しつつ、教育効果と研究力を最大化するための持続可能な基盤を構築するものでなければなら… / 染谷隆夫: 国際化については、海外大学との組織的な連携を強化し、世界から優れた学生、研究者、職員が集い活躍できる環境を整える。言語や制度の壁を取り除き… / 菅野暁: 日本については、上で述べた状況に加えて人口減少、急速な高齢化、地方の衰退、食料・エネルギー自給における脆弱性、移民とどう向き合うか等様々な… / 山本隆司: このような状況において、大学の果たすべき役割は、目前に現れている課題に対する解を示すことを超えて、 将来の社会課題に向けて多様な知を準備し…,,
分野,5,39,為る(23) / 有る(22) / 事(19) / トウキョウ(17) / 社会(14),"藤垣裕子: 東京大学は,国内外の様々な分野で指導的役割を果たしうる「世界的視野をもった市民的エリート」(東京大学憲章)を育成することが,社会から負託さ… / 大越慎一: 世界は、地球温暖化の加速、紛争等の地政学的緊張、格差や分断など、複雑で相互に関連する地球規模の課題を抱えている。日本においては、少子高齢化… / 染谷隆夫: AIは既存の知識の整理に長けているが、常に正しい結果を導きだすとは限らない。既存の知識や常識を問い直すために必要なのは、確かでゆるぎない基… / 菅野暁: 大学教育にかかわった経験はなく、専門家ではない前提で考えを述べたい。東京大学の教育は前期課程の教養教育(リベラルアーツ)と後期課程の専門分… / 山本隆司: 1 東京大学の教育には、専門教育と教養教育をともに重視するという明確な特徴がある。そして、教育が最先端の研究を反映し、また、 教育の場が研…",,
因る,5,38,為る(27) / 有る(24) / 事(19) / トウキョウ(15) / 社会(13),藤垣裕子: 現在、大学のマネジメントは「運営」から「経営」へと大きく舵を切ろうとしている。財務部や社会連携部の努力により、運営費や受託研究費を切り崩す… / 大越慎一: 世界は、地球温暖化の加速、紛争等の地政学的緊張、格差や分断など、複雑で相互に関連する地球規模の課題を抱えている。日本においては、少子高齢化… / 染谷隆夫: 本部は、一律の統制を加える上位組織ではなく、部局だけでは解決しにくい制度的・財務的・社会的課題を引き受ける支援組織でなければならない。同時… / 菅野暁: このような中での大学、そして東京大学の役割については以下のように考える。混沌とした現状の的確な分析と、それをベースにした将来進むべき方向、… / 山本隆司: 1 世界や日本における 不確実性 とリスクの増大は、パンデミックや気候変動などにより明らかになっている。その中で 資源の取り合い の状況は…,,
役割,5,37,為る(24) / 有る(21) / 居る(18) / トウキョウ(17) / 事(17),藤垣裕子: 激動する国際情勢の中で、そして日本の中で、大学が果たすべき役割はやはり「学術」の基盤をしっかりと継承し発展させていくことであろう。日本の大… / 大越慎一: 世界は、地球温暖化の加速、紛争等の地政学的緊張、格差や分断など、複雑で相互に関連する地球規模の課題を抱えている。日本においては、少子高齢化… / 染谷隆夫: いま日本を含む世界は、地政学的な緊張、気候変動、格差の拡大と分断の深化、生成AIに代表される技術革新のインパクトなど、複合的な課題に直面し… / 菅野暁: このような中での大学、そして東京大学の役割については以下のように考える。混沌とした現状の的確な分析と、それをベースにした将来進むべき方向、… / 山本隆司: このような状況において、大学の果たすべき役割は、目前に現れている課題に対する解を示すことを超えて、 将来の社会課題に向けて多様な知を準備し…,,
組織,5,37,為る(24) / 有る(23) / トウキョウ(17) / 必要(14) / 居る(14),藤垣裕子: 国際卓越研究大学への東大の申請書のなかでGRI(Global Research Infrastructure)は要となる組織である。GRI… / 大越慎一: 東京大学の運営・経営は、学問の自由と大学の公共性を堅持しつつ、教育効果と研究力を最大化するための持続可能な基盤を構築するものでなければなら… / 染谷隆夫: アカデミアの基本は、研究者自身の好奇心に基づく探究と、多様な学術の尊重 にある。東京大学では研究者の裁量を最大限に尊重し、若手が独自性を確… / 菅野暁: 3職員の役割の再定義:正直に申し上げて、東京大学における教員と職員の関係はいびつである。この状態のままでは、東京大学の組織としての持続性に… / 山本隆司: 世界と日本の社会の中で、 多様な知からシナジーを生む開かれた場 となることが、東京大学の役割である。現在東京大学で計画されている GRI、…,,
於く,5,36,為る(28) / 有る(27) / 事(19) / 居る(17) / トウキョウ(16),"藤垣裕子: 東京大学は,国内外の様々な分野で指導的役割を果たしうる「世界的視野をもった市民的エリート」(東京大学憲章)を育成することが,社会から負託さ… / 大越慎一: 世界は、地球温暖化の加速、紛争等の地政学的緊張、格差や分断など、複雑で相互に関連する地球規模の課題を抱えている。日本においては、少子高齢化… / 染谷隆夫: いま日本を含む世界は、地政学的な緊張、気候変動、格差の拡大と分断の深化、生成AIに代表される技術革新のインパクトなど、複合的な課題に直面し… / 菅野暁: 日本については、上で述べた状況に加えて人口減少、急速な高齢化、地方の衰退、食料・エネルギー自給における脆弱性、移民とどう向き合うか等様々な… / 山本隆司: 1 世界や日本における 不確実性 とリスクの増大は、パンデミックや気候変動などにより明らかになっている。その中で 資源の取り合い の状況は…",,
日本,5,36,有る(18) / 為る(18) / 居る(16) / 世界(10) / 考える(10),藤垣裕子: 激動する国際情勢の中で、そして日本の中で、大学が果たすべき役割はやはり「学術」の基盤をしっかりと継承し発展させていくことであろう。日本の大… / 大越慎一: 世界は、地球温暖化の加速、紛争等の地政学的緊張、格差や分断など、複雑で相互に関連する地球規模の課題を抱えている。日本においては、少子高齢化… / 染谷隆夫: いま日本を含む世界は、地政学的な緊張、気候変動、格差の拡大と分断の深化、生成AIに代表される技術革新のインパクトなど、複合的な課題に直面し… / 菅野暁: 日本については、上で述べた状況に加えて人口減少、急速な高齢化、地方の衰退、食料・エネルギー自給における脆弱性、移民とどう向き合うか等様々な… / 山本隆司: 1 世界や日本における 不確実性 とリスクの増大は、パンデミックや気候変動などにより明らかになっている。その中で 資源の取り合い の状況は…,,
学術,5,34,為る(20) / 有る(19) / トウキョウ(14) / 居る(12) / 事(12),藤垣裕子: 激動する国際情勢の中で、そして日本の中で、大学が果たすべき役割はやはり「学術」の基盤をしっかりと継承し発展させていくことであろう。日本の大… / 大越慎一: 東京大学の運営・経営は、学問の自由と大学の公共性を堅持しつつ、教育効果と研究力を最大化するための持続可能な基盤を構築するものでなければなら… / 染谷隆夫: いま日本を含む世界は、地政学的な緊張、気候変動、格差の拡大と分断の深化、生成AIに代表される技術革新のインパクトなど、複合的な課題に直面し… / 菅野暁: どれ一つとしてできないのはさすがに困るが、すべてをできる総長を得ることはほとんど不可能であろう。これからの東京大学総長の役割を考える際に忘… / 山本隆司: 世界と日本の社会の中で、 多様な知からシナジーを生む開かれた場 となることが、東京大学の役割である。現在東京大学で計画されている GRI、…,,
専門,5,33,為る(16) / 有る(14) / 事(12) / 社会(9) / 無い(8),藤垣裕子: 「壁を所与と考えない力」および「コンセプトメイキングができる力」を東大の教育のなかに埋め込むための一つの方策が戦後初代総長の南原繁氏が指摘… / 大越慎一: 東京大学の教育は、学生に対して知識の伝達にとどまらず、自ら問いを立て、深く考え、未知の課題に挑戦する能力を身に付けさせるものでなければなら… / 染谷隆夫: 学生や若手研究者を海外へ送り出し、世界から多様な人材を迎え入れる。大学と社会を柔軟に往還できる仕組みを、その学習・教育研究の過程において整… / 菅野暁: 大学教育にかかわった経験はなく、専門家ではない前提で考えを述べたい。東京大学の教育は前期課程の教養教育(リベラルアーツ)と後期課程の専門分… / 山本隆司: 1 東京大学の教育には、専門教育と教養教育をともに重視するという明確な特徴がある。そして、教育が最先端の研究を反映し、また、 教育の場が研…,,
学生,5,31,為る(23) / 有る(21) / 事(17) / 居る(16) / トウキョウ(15),"藤垣裕子: 東京大学は,国内外の様々な分野で指導的役割を果たしうる「世界的視野をもった市民的エリート」(東京大学憲章)を育成することが,社会から負託さ… / 大越慎一: 東京大学の教育は、学生に対して知識の伝達にとどまらず、自ら問いを立て、深く考え、未知の課題に挑戦する能力を身に付けさせるものでなければなら… / 染谷隆夫: 学生や若手研究者を海外へ送り出し、世界から多様な人材を迎え入れる。大学と社会を柔軟に往還できる仕組みを、その学習・教育研究の過程において整… / 菅野暁: 「知」がグローバルな広がりを持つためには、東京大学の国際化は必須であるが、現状は欧米、アジアの有力大学と比べて遅れている。これはTHE、Q… / 山本隆司: 他方で、留学生および外国人教員(国籍の区別ではなく、バックグラウンドの多様性の意味で用語を用いる)の少なさが、かねて指摘されている。この点…",,
物,5,29,有る(23) / 為る(23) / 事(18) / 社会(15) / トウキョウ(15),藤垣裕子: 人類にとって大学とは何か。ヒトは他の動物と異なり、文化や教育・学習を通じた世代間情報伝達機構をもつ。大学で学ぶことの人類にとっての意味は、… / 大越慎一: 東京大学の教育は、学生に対して知識の伝達にとどまらず、自ら問いを立て、深く考え、未知の課題に挑戦する能力を身に付けさせるものでなければなら… / 染谷隆夫: AIは既存の知識の整理に長けているが、常に正しい結果を導きだすとは限らない。既存の知識や常識を問い直すために必要なのは、確かでゆるぎない基… / 菅野暁: 専門分野の学修においては生成AIが長足の進歩を遂げる中、一方方向の授業ではなく、ディスカッションを取り入れ、大学外、海外に出てのアクティブ… / 山本隆司: 1 世界や日本における 不確実性 とリスクの増大は、パンデミックや気候変動などにより明らかになっている。その中で 資源の取り合い の状況は…,,
経営,5,29,有る(17) / 為る(17) / トウキョウ(14) / 事(12) / 為(11),藤垣裕子: 現在、大学のマネジメントは「運営」から「経営」へと大きく舵を切ろうとしている。財務部や社会連携部の努力により、運営費や受託研究費を切り崩す… / 大越慎一: 東京大学の運営・経営は、学問の自由と大学の公共性を堅持しつつ、教育効果と研究力を最大化するための持続可能な基盤を構築するものでなければなら… / 染谷隆夫: 東京大学の 運営・経営では、透明性、公正性、説明責任を備えたガバナンスを確立し、社会と構成員からの信頼を築く 。ガバナンス改革は、構成員の… / 菅野暁: (1)運営・経営について / 山本隆司: (1) 大学の運営・経営の難しさは、学問研究の性質上、 ステークホルダーが将来世代を含み、多様で特定しがたい ことにある。そのため、 中心…,,
総長,5,29,為る(16) / 有る(14) / トウキョウ(12) / 居る(11) / 事(11),藤垣裕子: 東大総長には、学内で果たす役割と学外で果たす役割と2種の役割がある。東京大学内では、各分野で世界的に活躍する構成員が活き活きと研究・教育に… / 大越慎一: 東京大学は、教職員、学生を合わせて約4万人が所属する組織である。総長の役割は、その多様な意見を尊重しながら、国民からの負託を十分に理解し、… / 染谷隆夫: 本部は、一律の統制を加える上位組織ではなく、部局だけでは解決しにくい制度的・財務的・社会的課題を引き受ける支援組織でなければならない。同時… / 菅野暁: 2責任と権限の明確化:大学執行部は総長、理事10名、執行役15名、副学長9名からなり、それぞれに「担当」が充てられているものの、どこまで自… / 山本隆司: (2) 加えて、日本の国立大学法人の法制度に独特な点として、 独任制の学長(総長)に権限が集中 していることがある。総長を監視する権限をも…,,
連携,5,29,為る(16) / 有る(14) / 社会(11) / トウキョウ(11) / 事(11),藤垣裕子: 東京大学には、世界トップレベルの研究者が多く集まっており、どの分野のことでも学内の同僚に聞けば知見が得られるという点で恵まれた環境にある。… / 大越慎一: これからの教育では、各分野の専門教育に加え、海外派遣プログラム、産学官連携インターンシップ、アントレプレナーシップ教育、SDGsおよびGX… / 染谷隆夫: 国際化については、海外大学との組織的な連携を強化し、世界から優れた学生、研究者、職員が集い活躍できる環境を整える。言語や制度の壁を取り除き… / 菅野暁: (2)社会連携について / 山本隆司: 2 東京大学は、もともとは国家の近代化のために設けられた国立大学である。その後、リベラルアーツ教育の導入、さらに、社会連携、国際化を推進し…,,
制度,5,28,為る(19) / 有る(17) / 事(13) / 成る(11) / 国際(10),藤垣裕子: 2日本が世界のリーダーとして立つため東大は何をすべきか。私は本学の学生、そして研究者が「壁を所与と考えない力」および「コンセプトメイキング… / 大越慎一: これからの教育では、各分野の専門教育に加え、海外派遣プログラム、産学官連携インターンシップ、アントレプレナーシップ教育、SDGsおよびGX… / 染谷隆夫: それぞれの研究の本質を最も深く理解しているのは、日々探究に取り組んでいる現場である。本部は、部局の専門性と自律性を尊重し、現場のアイデアを… / 菅野暁: 3職員の役割の再定義:正直に申し上げて、東京大学における教員と職員の関係はいびつである。この状態のままでは、東京大学の組織としての持続性に… / 山本隆司: 世界と日本の社会の中で、 多様な知からシナジーを生む開かれた場 となることが、東京大学の役割である。現在東京大学で計画されている GRI、…,,
本部,5,28,為る(20) / 部局(18) / 有る(16) / 居る(13) / 事(12),藤垣裕子: 国際卓越研究大学への東大の申請書のなかでGRI(Global Research Infrastructure)は要となる組織である。GRI… / 大越慎一: 東京大学は、教職員、学生を合わせて約4万人が所属する組織である。総長の役割は、その多様な意見を尊重しながら、国民からの負託を十分に理解し、… / 染谷隆夫: この責務を果たすための前提となるのは、信頼である。いま東京大学には社会から厳しい目が向けられ、教育研究の現場が元気を失っている。本学の真価… / 菅野暁: (2)本部と部局の関係見直し / 山本隆司: (2) その上で、現在議論されている学術ユニットが、チャレンジングな、いわば尖った研究を行うための研究者のグループ(緩やかな組織)として活…,,
構成,5,28,為る(17) / 有る(16) / トウキョウ(15) / 事(13) / 出来る(10),藤垣裕子: 国際化については、各構成員がおこなっている研究が国際的にますます展開するための手助け(拠点形成や旅費・人件費の確保)が必要となる。来日した… / 大越慎一: 東京大学は、教職員、学生を合わせて約4万人が所属する組織である。総長の役割は、その多様な意見を尊重しながら、国民からの負託を十分に理解し、… / 染谷隆夫: 東京大学の 運営・経営では、透明性、公正性、説明責任を備えたガバナンスを確立し、社会と構成員からの信頼を築く 。ガバナンス改革は、構成員の… / 菅野暁: このうち1と3については議論の余地は小さいと考えるが、2については進め方について構成員の理解を得ながら規模感、スピード感を調整していく必要… / 山本隆司: (2) その上で、現在議論されている学術ユニットが、チャレンジングな、いわば尖った研究を行うための研究者のグループ(緩やかな組織)として活…,,
行う,5,27,為る(18) / 有る(17) / 必要(13) / 成る(12) / トウキョウ(12),藤垣裕子: 国際化については、各構成員がおこなっている研究が国際的にますます展開するための手助け(拠点形成や旅費・人件費の確保)が必要となる。来日した… / 大越慎一: 東京大学の教育は、学生に対して知識の伝達にとどまらず、自ら問いを立て、深く考え、未知の課題に挑戦する能力を身に付けさせるものでなければなら… / 染谷隆夫: 本部は、一律の統制を加える上位組織ではなく、部局だけでは解決しにくい制度的・財務的・社会的課題を引き受ける支援組織でなければならない。同時… / 菅野暁: このような中での大学、そして東京大学の役割については以下のように考える。混沌とした現状の的確な分析と、それをベースにした将来進むべき方向、… / 山本隆司: もう一つの方策はUTDにある。英語で学際的な学部・修士課程の一貫教育を行う UTDは、東京大学全体の教育の国際化・学際化を先導する開かれた…,,
科学,5,25,有る(12) / 為る(12) / 社会(9) / 居る(9) / 技術(7),藤垣裕子: 激動する国際情勢の中で、そして日本の中で、大学が果たすべき役割はやはり「学術」の基盤をしっかりと継承し発展させていくことであろう。日本の大… / 大越慎一: 世界は、地球温暖化の加速、紛争等の地政学的緊張、格差や分断など、複雑で相互に関連する地球規模の課題を抱えている。日本においては、少子高齢化… / 染谷隆夫: 東京大学の真価は、文系・理系という固定的な区分を超えた総合知を構築しうる資源・人材を保有していることにある。AIの時代にこそ、リベラルアー… / 菅野暁: 昨年ノーベル賞を受賞した日本の科学者が繰り返し述べているように、日本の基礎研究に対する資金不足は危機的な状態にあると考える。政府の政策に若… / 山本隆司: 科学技術の開発・活用は、課題に対応するために不可欠である。しかし、技術の開発・活用は新たな課題を生む面もあり、その課題への対応に新たな知が…,,
人材,5,22,為る(18) / 有る(16) / 社会(12) / トウキョウ(12) / 事(12),"藤垣裕子: 東京大学は,国内外の様々な分野で指導的役割を果たしうる「世界的視野をもった市民的エリート」(東京大学憲章)を育成することが,社会から負託さ… / 大越慎一: 世界は、地球温暖化の加速、紛争等の地政学的緊張、格差や分断など、複雑で相互に関連する地球規模の課題を抱えている。日本においては、少子高齢化… / 染谷隆夫: 学生や若手研究者を海外へ送り出し、世界から多様な人材を迎え入れる。大学と社会を柔軟に往還できる仕組みを、その学習・教育研究の過程において整… / 菅野暁: まず、大学の中にある「知」(=コンテンツ)をデータベース化して、これを常にアップデートする。そしてコンテンツを企業、公的機関等の外部のステ… / 山本隆司: 1 東京大学の教育には、専門教育と教養教育をともに重視するという明確な特徴がある。そして、教育が最先端の研究を反映し、また、 教育の場が研…",,
卓越,5,22,国際(16) / 為る(15) / 有る(14) / 成る(11) / gri(8),藤垣裕子: 国際卓越研究大学への東大の申請書のなかでGRI(Global Research Infrastructure)は要となる組織である。GRI… / 大越慎一: 世界最高水準の研究大学として、卓越した研究力と新たなる価値創造を担い、世界で活躍する高度人材育成のための国際的な教育・研究の場でなければな… / 染谷隆夫: 国際卓越研究大学としての成否は、現場の自由な探究を支えながら、知の創造、価値化、再投資をつなぐ自律的な成長モデルを確立できるかどうかにかか… / 菅野暁: 国際卓越研究大学への申請における中核概念であるGRI(Global Research Integrate)について考えを述べたい。 / 山本隆司: 各学術ユニットの 具体的な研究領域ないし研究テーマの候補 は、連携研究機構、分野横断的な研究センターといった組織、国際卓越研究大学構想の過…,,
教員,5,22,為る(14) / 有る(13) / 為(12) / 事(12) / トウキョウ(10),"藤垣裕子: 東京大学は,国内外の様々な分野で指導的役割を果たしうる「世界的視野をもった市民的エリート」(東京大学憲章)を育成することが,社会から負託さ… / 大越慎一: 東京大学の運営・経営は、学問の自由と大学の公共性を堅持しつつ、教育効果と研究力を最大化するための持続可能な基盤を構築するものでなければなら… / 染谷隆夫: 東京大学にとって、すべての構成員が能力を最大限に発揮できる環境の整備は喫緊の重点項目である。AIを使いこなした業務改善、DXによる時間の創… / 菅野暁: 3職員の役割の再定義:正直に申し上げて、東京大学における教員と職員の関係はいびつである。この状態のままでは、東京大学の組織としての持続性に… / 山本隆司: 他方で、留学生および外国人教員(国籍の区別ではなく、バックグラウンドの多様性の意味で用語を用いる)の少なさが、かねて指摘されている。この点…",,
責任,5,22,為る(13) / 有る(12) / 事(10) / 為(9) / 出来る(8),"藤垣裕子: 東京大学は,国内外の様々な分野で指導的役割を果たしうる「世界的視野をもった市民的エリート」(東京大学憲章)を育成することが,社会から負託さ… / 大越慎一: 東京大学は、教職員、学生を合わせて約4万人が所属する組織である。総長の役割は、その多様な意見を尊重しながら、国民からの負託を十分に理解し、… / 染谷隆夫: この責務を果たすための前提となるのは、信頼である。いま東京大学には社会から厳しい目が向けられ、教育研究の現場が元気を失っている。本学の真価… / 菅野暁: 2責任と権限の明確化:大学執行部は総長、理事10名、執行役15名、副学長9名からなり、それぞれに「担当」が充てられているものの、どこまで自… / 山本隆司: (2) その上で、現在議論されている学術ユニットが、チャレンジングな、いわば尖った研究を行うための研究者のグループ(緩やかな組織)として活…",,
運営,5,21,有る(14) / 為る(14) / トウキョウ(12) / 事(12) / 為(10),藤垣裕子: 現在、大学のマネジメントは「運営」から「経営」へと大きく舵を切ろうとしている。財務部や社会連携部の努力により、運営費や受託研究費を切り崩す… / 大越慎一: 東京大学の運営・経営は、学問の自由と大学の公共性を堅持しつつ、教育効果と研究力を最大化するための持続可能な基盤を構築するものでなければなら… / 染谷隆夫: 東京大学の 運営・経営では、透明性、公正性、説明責任を備えたガバナンスを確立し、社会と構成員からの信頼を築く 。ガバナンス改革は、構成員の… / 菅野暁: (1)運営・経営について / 山本隆司: このように教育研究部局と学術ユニットの性格の違いを明確にした上で、学術ユニットの研究計画や評価に整合するように、さらに、学術ユニットを強化…,,
持つ,5,19,有る(15) / 為る(15) / 事(14) / 居る(13) / トウキョウ(12),藤垣裕子: 人類にとって大学とは何か。ヒトは他の動物と異なり、文化や教育・学習を通じた世代間情報伝達機構をもつ。大学で学ぶことの人類にとっての意味は、… / 大越慎一: 世界は、地球温暖化の加速、紛争等の地政学的緊張、格差や分断など、複雑で相互に関連する地球規模の課題を抱えている。日本においては、少子高齢化… / 染谷隆夫: この責務を果たすための前提となるのは、信頼である。いま東京大学には社会から厳しい目が向けられ、教育研究の現場が元気を失っている。本学の真価… / 菅野暁: 一方で、研究の分野、研究の進め方などはAIの発展もあって急速に変化してきており、変えるべきところと変えるべきでないところの見極めをしっかり… / 山本隆司: (2) その上で、現在議論されている学術ユニットが、チャレンジングな、いわば尖った研究を行うための研究者のグループ(緩やかな組織)として活…,,
基礎,5,18,為る(12) / 有る(11) / 社会(10) / 事(9) / 居る(8),藤垣裕子: 人類にとって大学とは何か。ヒトは他の動物と異なり、文化や教育・学習を通じた世代間情報伝達機構をもつ。大学で学ぶことの人類にとっての意味は、… / 大越慎一: 東京大学の研究は、研究者一人ひとりの好奇心と深い学識に基づく自由な発想を源泉として新たな学知を創造することである。その学知を価値創造へとつ… / 染谷隆夫: AIは既存の知識の整理に長けているが、常に正しい結果を導きだすとは限らない。既存の知識や常識を問い直すために必要なのは、確かでゆるぎない基… / 菅野暁: 大学教育にかかわった経験はなく、専門家ではない前提で考えを述べたい。東京大学の教育は前期課程の教養教育(リベラルアーツ)と後期課程の専門分… / 山本隆司: (1) まず、東京大学の研究者が取り組んでいる研究、築いている研究上のネットワーク、捉えている国内外の研究動向につき、 全学で量的・質的な…,,
活動,5,18,有る(15) / 為る(15) / トウキョウ(11) / 事(11) / 為(10),藤垣裕子: 現在、大学のマネジメントは「運営」から「経営」へと大きく舵を切ろうとしている。財務部や社会連携部の努力により、運営費や受託研究費を切り崩す… / 大越慎一: 東京大学の運営・経営は、学問の自由と大学の公共性を堅持しつつ、教育効果と研究力を最大化するための持続可能な基盤を構築するものでなければなら… / 染谷隆夫: AIは既存の知識の整理に長けているが、常に正しい結果を導きだすとは限らない。既存の知識や常識を問い直すために必要なのは、確かでゆるぎない基… / 菅野暁: 研究活動に従事したことはなく、専門家ではないことを前提に考えを述べる。 / 山本隆司: (1) 大学の運営・経営の難しさは、学問研究の性質上、 ステークホルダーが将来世代を含み、多様で特定しがたい ことにある。そのため、 中心…,,
創造,5,16,有る(11) / 為る(11) / 社会(8) / 事(8) / 成る(7),藤垣裕子: 人類にとって大学とは何か。ヒトは他の動物と異なり、文化や教育・学習を通じた世代間情報伝達機構をもつ。大学で学ぶことの人類にとっての意味は、… / 大越慎一: 世界は、地球温暖化の加速、紛争等の地政学的緊張、格差や分断など、複雑で相互に関連する地球規模の課題を抱えている。日本においては、少子高齢化… / 染谷隆夫: いま日本を含む世界は、地政学的な緊張、気候変動、格差の拡大と分断の深化、生成AIに代表される技術革新のインパクトなど、複合的な課題に直面し… / 菅野暁: 3職員の役割の再定義:正直に申し上げて、東京大学における教員と職員の関係はいびつである。この状態のままでは、東京大学の組織としての持続性に… / 山本隆司: 個の多様な力からシナジーを生み組織の力にすること は、どの組織でも課題である。しかし、大学、特に最先端の学知の創造を任務とする東京大学では…,,
改革,5,15,為る(13) / 有る(12) / トウキョウ(9) / 事(9) / 組織(8),藤垣裕子: 現在、大学のマネジメントは「運営」から「経営」へと大きく舵を切ろうとしている。財務部や社会連携部の努力により、運営費や受託研究費を切り崩す… / 大越慎一: 東京大学の運営・経営は、学問の自由と大学の公共性を堅持しつつ、教育効果と研究力を最大化するための持続可能な基盤を構築するものでなければなら… / 染谷隆夫: 東京大学の 運営・経営では、透明性、公正性、説明責任を備えたガバナンスを確立し、社会と構成員からの信頼を築く 。ガバナンス改革は、構成員の… / 菅野暁: 3職員の役割の再定義:正直に申し上げて、東京大学における教員と職員の関係はいびつである。この状態のままでは、東京大学の組織としての持続性に… / 山本隆司: 世界と日本の社会の中で、 多様な知からシナジーを生む開かれた場 となることが、東京大学の役割である。現在東京大学で計画されている GRI、…,,
支援,5,14,有る(13) / 為る(13) / 事(9) / トウキョウ(8) / 強化(7),藤垣裕子: 東大総長には、学内で果たす役割と学外で果たす役割と2種の役割がある。東京大学内では、各分野で世界的に活躍する構成員が活き活きと研究・教育に… / 大越慎一: これからの教育では、各分野の専門教育に加え、海外派遣プログラム、産学官連携インターンシップ、アントレプレナーシップ教育、SDGsおよびGX… / 染谷隆夫: それぞれの研究の本質を最も深く理解しているのは、日々探究に取り組んでいる現場である。本部は、部局の専門性と自律性を尊重し、現場のアイデアを… / 菅野暁: 一方で、研究の分野、研究の進め方などはAIの発展もあって急速に変化してきており、変えるべきところと変えるべきでないところの見極めをしっかり… / 山本隆司: (3) これに対し、東京大学の現在の財政状況に鑑みると、 国際卓越研究大学として認定されない場合 、組織の大幅な組換えを伴い、大きな追加的…,,
自由,5,14,有る(10) / 為る(10) / 成る(8) / トウキョウ(8) / 事(7),藤垣裕子: 東京大学には、世界トップレベルの研究者が多く集まっており、どの分野のことでも学内の同僚に聞けば知見が得られるという点で恵まれた環境にある。… / 大越慎一: 東京大学の研究は、研究者一人ひとりの好奇心と深い学識に基づく自由な発想を源泉として新たな学知を創造することである。その学知を価値創造へとつ… / 染谷隆夫: 国際卓越研究大学としての成否は、現場の自由な探究を支えながら、知の創造、価値化、再投資をつなぐ自律的な成長モデルを確立できるかどうかにかか… / 菅野暁: 現在の世界情勢は分断と対立、民主主義の後退、そして対立が大規模な軍事衝突につながるリスクが高まっている危機的な状況に向かいつつあると考える… / 山本隆司: さらに、学問研究活動の核心は 自由と個性 にある。,,
学内,5,13,有る(10) / 為る(10) / 為(8) / トウキョウ(8) / 事(7),藤垣裕子: 東京大学には、世界トップレベルの研究者が多く集まっており、どの分野のことでも学内の同僚に聞けば知見が得られるという点で恵まれた環境にある。… / 大越慎一: 世界最高水準の研究大学として、卓越した研究力と新たなる価値創造を担い、世界で活躍する高度人材育成のための国際的な教育・研究の場でなければな… / 染谷隆夫: この責務を果たすための前提となるのは、信頼である。いま東京大学には社会から厳しい目が向けられ、教育研究の現場が元気を失っている。本学の真価… / 菅野暁: まず、大学の中にある「知」(=コンテンツ)をデータベース化して、これを常にアップデートする。そしてコンテンツを企業、公的機関等の外部のステ… / 山本隆司: 基本的な考え方は、前項 (質問4-1) で述べた。総長の役割は、学内外の多様なステークホルダーをつなぎ、教育研究上のシナジーを生むことにあ…,,
対する,5,13,有る(11) / 為る(11) / 事(9) / 居る(7) / トウキョウ(7),藤垣裕子: それに対し、学外では学術の重要性を説いていく必要があるだろう。東京大学は文部科学省管轄の高等教育機関の1つであると同時に、東京大学の構成員… / 大越慎一: 東京大学の教育は、学生に対して知識の伝達にとどまらず、自ら問いを立て、深く考え、未知の課題に挑戦する能力を身に付けさせるものでなければなら… / 染谷隆夫: 制度設計においては、本部が一律の目標や手法を部局にあてはめて進めるのではなく、学術分野ごとに異なる時間軸や評価軸があることを尊重して、その… / 菅野暁: 昨年ノーベル賞を受賞した日本の科学者が繰り返し述べているように、日本の基礎研究に対する資金不足は危機的な状態にあると考える。政府の政策に若… / 山本隆司: このような状況において、大学の果たすべき役割は、目前に現れている課題に対する解を示すことを超えて、 将来の社会課題に向けて多様な知を準備し…,,
担う,5,12,為る(11) / 社会(8) / トウキョウ(8) / 有る(8) / 人材(7),"藤垣裕子: 東京大学は,国内外の様々な分野で指導的役割を果たしうる「世界的視野をもった市民的エリート」(東京大学憲章)を育成することが,社会から負託さ… / 大越慎一: 世界は、地球温暖化の加速、紛争等の地政学的緊張、格差や分断など、複雑で相互に関連する地球規模の課題を抱えている。日本においては、少子高齢化… / 染谷隆夫: 東京大学は、世界の公共に奉仕する総合大学として、最高水準の教育と研究を担い、次代のリーダーを育て、より良い未来を構想する責務を負っている。 / 菅野暁: そもそも国際卓越の助成金の目的は、世界最高水準の研究力を持つ大学をつくるために大学の経営を改革し、その研究力を社会に還元するということにあ… / 山本隆司: (1) 東京大学が優先しなければならないのは、 学生が今後の社会を担うために学ぶ環境と、研究者、特にキャリア初期研究者が学問を牽引するため…",,
果たす,5,12,為る(11) / 事(10) / 有る(10) / 役割(9) / 居る(9),藤垣裕子: 激動する国際情勢の中で、そして日本の中で、大学が果たすべき役割はやはり「学術」の基盤をしっかりと継承し発展させていくことであろう。日本の大… / 大越慎一: 世界は、地球温暖化の加速、紛争等の地政学的緊張、格差や分断など、複雑で相互に関連する地球規模の課題を抱えている。日本においては、少子高齢化… / 染谷隆夫: この責務を果たすための前提となるのは、信頼である。いま東京大学には社会から厳しい目が向けられ、教育研究の現場が元気を失っている。本学の真価… / 菅野暁: このような中での大学、そして東京大学の役割については以下のように考える。混沌とした現状の的確な分析と、それをベースにした将来進むべき方向、… / 山本隆司: このような状況において、大学の果たすべき役割は、目前に現れている課題に対する解を示すことを超えて、 将来の社会課題に向けて多様な知を準備し…,,
示す,5,12,為る(12) / 有る(11) / 事(10) / 居る(8) / 役割(7),藤垣裕子: 国際化については、各構成員がおこなっている研究が国際的にますます展開するための手助け(拠点形成や旅費・人件費の確保)が必要となる。来日した… / 大越慎一: 東京大学は、教職員、学生を合わせて約4万人が所属する組織である。総長の役割は、その多様な意見を尊重しながら、国民からの負託を十分に理解し、… / 染谷隆夫: それぞれの研究の本質を最も深く理解しているのは、日々探究に取り組んでいる現場である。本部は、部局の専門性と自律性を尊重し、現場のアイデアを… / 菅野暁: このような中での大学、そして東京大学の役割については以下のように考える。混沌とした現状の的確な分析と、それをベースにした将来進むべき方向、… / 山本隆司: このような状況において、大学の果たすべき役割は、目前に現れている課題に対する解を示すことを超えて、 将来の社会課題に向けて多様な知を準備し…,,
加える,5,11,有る(8) / 為る(7) / 為(5) / 必要(5) / トウキョウ(5),藤垣裕子: 1学外コミュニケーションのみならず、学内コミュニケーションを充実させるための組織を整える必要がある。国際卓越研究大学におけるGRIや学術経… / 大越慎一: これからの教育では、各分野の専門教育に加え、海外派遣プログラム、産学官連携インターンシップ、アントレプレナーシップ教育、SDGsおよびGX… / 染谷隆夫: AIは既存の知識の整理に長けているが、常に正しい結果を導きだすとは限らない。既存の知識や常識を問い直すために必要なのは、確かでゆるぎない基… / 菅野暁: 日本については、上で述べた状況に加えて人口減少、急速な高齢化、地方の衰退、食料・エネルギー自給における脆弱性、移民とどう向き合うか等様々な… / 山本隆司: (2) 加えて、日本の国立大学法人の法制度に独特な点として、 独任制の学長(総長)に権限が集中 していることがある。総長を監視する権限をも…,,
新しい,5,9,有る(9) / 為る(8) / 成る(7) / 国際(5) / 必要(5),藤垣裕子: 人類にとって大学とは何か。ヒトは他の動物と異なり、文化や教育・学習を通じた世代間情報伝達機構をもつ。大学で学ぶことの人類にとっての意味は、… / 大越慎一: 東京大学の教育は、学生に対して知識の伝達にとどまらず、自ら問いを立て、深く考え、未知の課題に挑戦する能力を身に付けさせるものでなければなら… / 染谷隆夫: 新しい研究領域を切り拓くには、倫理、法制度、研究インテグリティ、知財、データ、社会的受容などの課題に、全学的な専門組織が迅速に対応する必要… / 菅野暁: 東京大学総長の経営における役割は、法人化後の 20 年余で大きく変わってきたと思う。UC Berkeleyの初代学長であったClark K… / 山本隆司: もう一つの方策はUTDにある。英語で学際的な学部・修士課程の一貫教育を行う UTDは、東京大学全体の教育の国際化・学際化を先導する開かれた…,,
生み出す,5,9,有る(8) / 為る(8) / 社会(6) / 事(6) / 因る(4),藤垣裕子: 人類にとって大学とは何か。ヒトは他の動物と異なり、文化や教育・学習を通じた世代間情報伝達機構をもつ。大学で学ぶことの人類にとっての意味は、… / 大越慎一: 世界は、地球温暖化の加速、紛争等の地政学的緊張、格差や分断など、複雑で相互に関連する地球規模の課題を抱えている。日本においては、少子高齢化… / 染谷隆夫: この責務を果たすための前提となるのは、信頼である。いま東京大学には社会から厳しい目が向けられ、教育研究の現場が元気を失っている。本学の真価… / 菅野暁: まず、大学の中にある「知」(=コンテンツ)をデータベース化して、これを常にアップデートする。そしてコンテンツを企業、公的機関等の外部のステ… / 山本隆司: 1 学知は、トップダウン・ボトムアップという決められた一方向の道筋により発展するものではない。異なる研究、異なる観点を認識するプロセス か…,,
間,5,9,有る(7) / 為る(7) / 事(6) / 考える(5) / 為(5),藤垣裕子: 東京大学には、世界トップレベルの研究者が多く集まっており、どの分野のことでも学内の同僚に聞けば知見が得られるという点で恵まれた環境にある。… / 大越慎一: 東京大学の運営・経営は、学問の自由と大学の公共性を堅持しつつ、教育効果と研究力を最大化するための持続可能な基盤を構築するものでなければなら… / 染谷隆夫: この責務を果たすための前提となるのは、信頼である。いま東京大学には社会から厳しい目が向けられ、教育研究の現場が元気を失っている。本学の真価… / 菅野暁: このような中での大学、そして東京大学の役割については以下のように考える。混沌とした現状の的確な分析と、それをベースにした将来進むべき方向、… / 山本隆司: 第1に、 大学本部の役員、諸種の会議体および担当部署の間の役割分担および相互関係が、必ずしも明確でない 。そのため、 組織およびコミュニケ…,,
基づく,5,8,有る(7) / 為る(7) / トウキョウ(6) / 物(4) / 無い(4),藤垣裕子: 1960年代に富山県で多くの患者がでたイタイイタイ病について、1968年に発表された厚生省見解及びその附属資料は、当時の最新知見をもとに原… / 大越慎一: 東京大学の教育は、学生に対して知識の伝達にとどまらず、自ら問いを立て、深く考え、未知の課題に挑戦する能力を身に付けさせるものでなければなら… / 染谷隆夫: AIは既存の知識の整理に長けているが、常に正しい結果を導きだすとは限らない。既存の知識や常識を問い直すために必要なのは、確かでゆるぎない基… / 菅野暁: 1中長期的経営視点:運営費交付金や科研費を受け取り、これを単年度または複数年度にわたって費消するという国に依存した「運営」から、自立かつ持… / 山本隆司: 3 こうした多面にわたる課題に鑑みて、ガバナンスの構造改革は、東京大学が今後取り組むべき重点課題である。東京大学のガバナンスのためには、 …,,
教養,5,8,専門(5) / 無い(5) / トウキョウ(5) / 事(5) / 有る(5),藤垣裕子: 「壁を所与と考えない力」および「コンセプトメイキングができる力」を東大の教育のなかに埋め込むための一つの方策が戦後初代総長の南原繁氏が指摘… / 大越慎一: 東京大学の教育は、学生に対して知識の伝達にとどまらず、自ら問いを立て、深く考え、未知の課題に挑戦する能力を身に付けさせるものでなければなら… / 染谷隆夫: AIは既存の知識の整理に長けているが、常に正しい結果を導きだすとは限らない。既存の知識や常識を問い直すために必要なのは、確かでゆるぎない基… / 菅野暁: 大学教育にかかわった経験はなく、専門家ではない前提で考えを述べたい。東京大学の教育は前期課程の教養教育(リベラルアーツ)と後期課程の専門分… / 山本隆司: 1 東京大学の教育には、専門教育と教養教育をともに重視するという明確な特徴がある。そして、教育が最先端の研究を反映し、また、 教育の場が研…,,
理解,5,6,事(6) / 有る(6) / 為る(6) / 成る(5) / トウキョウ(5),藤垣裕子: 社会連携については、大学の営みを深く理解してくれる産業界のパートナーを増やすこと、スタートアップ等大学発の研究開発と産業との連携をはかるた… / 大越慎一: 東京大学は、教職員、学生を合わせて約4万人が所属する組織である。総長の役割は、その多様な意見を尊重しながら、国民からの負託を十分に理解し、… / 染谷隆夫: それぞれの研究の本質を最も深く理解しているのは、日々探究に取り組んでいる現場である。本部は、部局の専門性と自律性を尊重し、現場のアイデアを… / 菅野暁: このうち1と3については議論の余地は小さいと考えるが、2については進め方について構成員の理解を得ながら規模感、スピード感を調整していく必要… / 山本隆司: 第4に、 学外有識者に東京大学全体の問題状況を理解していただいた上で、変革のための知見をいただき、それを大学運営に生かすというサイクル は…,,
向ける,5,5,有る(5) / 為る(5) / 成る(4) / 居る(4) / 事(4),藤垣裕子: 社会連携については、大学の営みを深く理解してくれる産業界のパートナーを増やすこと、スタートアップ等大学発の研究開発と産業との連携をはかるた… / 大越慎一: 世界最高水準の研究大学として、卓越した研究力と新たなる価値創造を担い、世界で活躍する高度人材育成のための国際的な教育・研究の場でなければな… / 染谷隆夫: この責務を果たすための前提となるのは、信頼である。いま東京大学には社会から厳しい目が向けられ、教育研究の現場が元気を失っている。本学の真価… / 菅野暁: このような中での大学、そして東京大学の役割については以下のように考える。混沌とした現状の的確な分析と、それをベースにした将来進むべき方向、… / 山本隆司: このような状況において、大学の果たすべき役割は、目前に現れている課題に対する解を示すことを超えて、 将来の社会課題に向けて多様な知を準備し…,,
考える,4,61,有る(42) / 為る(41) / 事(30) / トウキョウ(27) / 必要(23),藤垣裕子: 激動する国際情勢の中で、そして日本の中で、大学が果たすべき役割はやはり「学術」の基盤をしっかりと継承し発展させていくことであろう。日本の大… / 大越慎一: 東京大学の教育は、学生に対して知識の伝達にとどまらず、自ら問いを立て、深く考え、未知の課題に挑戦する能力を身に付けさせるものでなければなら… / 菅野暁: 現在の世界情勢は分断と対立、民主主義の後退、そして対立が大規模な軍事衝突につながるリスクが高まっている危機的な状況に向かいつつあると考える… / 山本隆司: (1) ガバナンスや法は研究の自由を妨害する規制であるという二項対立 の考え方は、東京大学の構成員にも見られなくはなかった。意思決定の効率…,,
出来る,4,45,為る(38) / 有る(33) / 事(29) / トウキョウ(22) / 居る(21),藤垣裕子: 東京大学には、世界トップレベルの研究者が多く集まっており、どの分野のことでも学内の同僚に聞けば知見が得られるという点で恵まれた環境にある。… / 染谷隆夫: この責務を果たすための前提となるのは、信頼である。いま東京大学には社会から厳しい目が向けられ、教育研究の現場が元気を失っている。本学の真価… / 菅野暁: このような中での大学、そして東京大学の役割については以下のように考える。混沌とした現状の的確な分析と、それをベースにした将来進むべき方向、… / 山本隆司: 2 東京大学は、もともとは国家の近代化のために設けられた国立大学である。その後、リベラルアーツ教育の導入、さらに、社会連携、国際化を推進し…,,
力,4,42,為る(16) / 有る(15) / トウキョウ(11) / 事(11) / 考える(9),藤垣裕子: 激動する国際情勢の中で、そして日本の中で、大学が果たすべき役割はやはり「学術」の基盤をしっかりと継承し発展させていくことであろう。日本の大… / 大越慎一: 東京大学の教育は、学生に対して知識の伝達にとどまらず、自ら問いを立て、深く考え、未知の課題に挑戦する能力を身に付けさせるものでなければなら… / 染谷隆夫: この責務を果たすための前提となるのは、信頼である。いま東京大学には社会から厳しい目が向けられ、教育研究の現場が元気を失っている。本学の真価… / 山本隆司: 個の多様な力からシナジーを生み組織の力にすること は、どの組織でも課題である。しかし、大学、特に最先端の学知の創造を任務とする東京大学では…,,
環境,4,33,為る(20) / 有る(19) / 事(16) / トウキョウ(15) / 出来る(14),"藤垣裕子: 東京大学は,国内外の様々な分野で指導的役割を果たしうる「世界的視野をもった市民的エリート」(東京大学憲章)を育成することが,社会から負託さ… / 染谷隆夫: この責務を果たすための前提となるのは、信頼である。いま東京大学には社会から厳しい目が向けられ、教育研究の現場が元気を失っている。本学の真価… / 菅野暁: 現在の世界情勢は分断と対立、民主主義の後退、そして対立が大規模な軍事衝突につながるリスクが高まっている危機的な状況に向かいつつあると考える… / 山本隆司: (1) 東京大学が優先しなければならないのは、 学生が今後の社会を担うために学ぶ環境と、研究者、特にキャリア初期研究者が学問を牽引するため…",,
知,4,28,為る(17) / 有る(16) / 社会(13) / 居る(12) / トウキョウ(11),藤垣裕子: 東京大学には、世界トップレベルの研究者が多く集まっており、どの分野のことでも学内の同僚に聞けば知見が得られるという点で恵まれた環境にある。… / 大越慎一: 世界は、地球温暖化の加速、紛争等の地政学的緊張、格差や分断など、複雑で相互に関連する地球規模の課題を抱えている。日本においては、少子高齢化… / 染谷隆夫: いま日本を含む世界は、地政学的な緊張、気候変動、格差の拡大と分断の深化、生成AIに代表される技術革新のインパクトなど、複合的な課題に直面し… / 山本隆司: 科学技術の開発・活用は、課題に対応するために不可欠である。しかし、技術の開発・活用は新たな課題を生む面もあり、その課題への対応に新たな知が…,,
行く,4,22,為る(17) / 必要(14) / 有る(14) / 事(12) / 考える(11),藤垣裕子: 激動する国際情勢の中で、そして日本の中で、大学が果たすべき役割はやはり「学術」の基盤をしっかりと継承し発展させていくことであろう。日本の大… / 染谷隆夫: 総長として学問の自由を守り抜き、構成員の一人ひとりが学問の自由を享受し、それに伴う責任を果たせる環境を整える。本部と部局がそれぞれの役割を… / 菅野暁: 東京大学の研究分野は非常に幅が広く、かつバランスがとれており、これを維持しながら拡大強化していくことが必要と考える。 / 山本隆司: 3 こうした多面にわたる課題に鑑みて、ガバナンスの構造改革は、東京大学が今後取り組むべき重点課題である。東京大学のガバナンスのためには、 …,,
強化,4,21,為る(18) / 有る(16) / 事(13) / トウキョウ(12) / 人材(10),大越慎一: 東京大学の運営・経営は、学問の自由と大学の公共性を堅持しつつ、教育効果と研究力を最大化するための持続可能な基盤を構築するものでなければなら… / 染谷隆夫: 本部は、一律の統制を加える上位組織ではなく、部局だけでは解決しにくい制度的・財務的・社会的課題を引き受ける支援組織でなければならない。同時… / 菅野暁: 専門分野の学修においては生成AIが長足の進歩を遂げる中、一方方向の授業ではなく、ディスカッションを取り入れ、大学外、海外に出てのアクティブ… / 山本隆司: 1 東京大学の教育には、専門教育と教養教育をともに重視するという明確な特徴がある。そして、教育が最先端の研究を反映し、また、 教育の場が研…,,
関係,4,18,為る(12) / 有る(11) / 為(8) / 必要(8) / 成る(8),藤垣裕子: それに対し、学外では学術の重要性を説いていく必要があるだろう。東京大学は文部科学省管轄の高等教育機関の1つであると同時に、東京大学の構成員… / 染谷隆夫: この責務を果たすための前提となるのは、信頼である。いま東京大学には社会から厳しい目が向けられ、教育研究の現場が元気を失っている。本学の真価… / 菅野暁: 3職員の役割の再定義:正直に申し上げて、東京大学における教員と職員の関係はいびつである。この状態のままでは、東京大学の組織としての持続性に… / 山本隆司: (2) その上で、現在議論されている学術ユニットが、チャレンジングな、いわば尖った研究を行うための研究者のグループ(緩やかな組織)として活…,,
全体,4,17,為る(14) / 居る(11) / 有る(11) / 為(10) / 必要(10),藤垣裕子: それに対し、学外では学術の重要性を説いていく必要があるだろう。東京大学は文部科学省管轄の高等教育機関の1つであると同時に、東京大学の構成員… / 染谷隆夫: 総長の最も重要な役割は、すべての構成員が安心して教育研究、業務、学びに集中し、それぞれの夢の実現に邁進できる環境を整えること である。その… / 菅野暁: 1中長期的経営視点:運営費交付金や科研費を受け取り、これを単年度または複数年度にわたって費消するという国に依存した「運営」から、自立かつ持… / 山本隆司: もう一つの方策はUTDにある。英語で学際的な学部・修士課程の一貫教育を行う UTDは、東京大学全体の教育の国際化・学際化を先導する開かれた…,,
対応,4,17,為る(14) / 有る(11) / 事(9) / 居る(8) / 出来る(7),藤垣裕子: 1960年代に富山県で多くの患者がでたイタイイタイ病について、1968年に発表された厚生省見解及びその附属資料は、当時の最新知見をもとに原… / 染谷隆夫: それぞれの研究の本質を最も深く理解しているのは、日々探究に取り組んでいる現場である。本部は、部局の専門性と自律性を尊重し、現場のアイデアを… / 菅野暁: 一方、科類に応じて後期課程における専門分野がかなりの程度規定されてしまう。現在、そして将来において科類の枠組みが固定的でなく、複数分野にま… / 山本隆司: 科学技術の開発・活用は、課題に対応するために不可欠である。しかし、技術の開発・活用は新たな課題を生む面もあり、その課題への対応に新たな知が…,,
基盤,4,16,有る(10) / 為る(10) / 社会(8) / 成る(7) / 国際(6),藤垣裕子: 激動する国際情勢の中で、そして日本の中で、大学が果たすべき役割はやはり「学術」の基盤をしっかりと継承し発展させていくことであろう。日本の大… / 大越慎一: 世界は、地球温暖化の加速、紛争等の地政学的緊張、格差や分断など、複雑で相互に関連する地球規模の課題を抱えている。日本においては、少子高齢化… / 染谷隆夫: 東京大学における教育の使命は、人類社会の変革を先導する次代のリーダーを輩出することであり、その基盤となるのが学部教育 である。教育の本質は… / 山本隆司: 1 世界や日本における 不確実性 とリスクの増大は、パンデミックや気候変動などにより明らかになっている。その中で 資源の取り合い の状況は…,,
点,4,16,有る(13) / 為る(13) / トウキョウ(11) / 言う(8) / 必要(7),藤垣裕子: 東京大学には、世界トップレベルの研究者が多く集まっており、どの分野のことでも学内の同僚に聞けば知見が得られるという点で恵まれた環境にある。… / 大越慎一: 世界最高水準の研究大学として、卓越した研究力と新たなる価値創造を担い、世界で活躍する高度人材育成のための国際的な教育・研究の場でなければな… / 菅野暁: 2004年に国立大学法人として国からspin-offされて22年、東京大学の経営は様々な点で変わってきたが、まだ発展途上であると思う。民間… / 山本隆司: 他方で、留学生および外国人教員(国籍の区別ではなく、バックグラウンドの多様性の意味で用語を用いる)の少なさが、かねて指摘されている。この点…,,
評価,4,16,有る(10) / 為る(10) / トウキョウ(7) / 学術(6) / 為(6),藤垣裕子: 国際卓越研究大学への東大の申請書のなかでGRI(Global Research Infrastructure)は要となる組織である。GRI… / 大越慎一: 東京大学の運営・経営は、学問の自由と大学の公共性を堅持しつつ、教育効果と研究力を最大化するための持続可能な基盤を構築するものでなければなら… / 染谷隆夫: 制度設計においては、本部が一律の目標や手法を部局にあてはめて進めるのではなく、学術分野ごとに異なる時間軸や評価軸があることを尊重して、その… / 山本隆司: 他方で、留学生および外国人教員(国籍の区別ではなく、バックグラウンドの多様性の意味で用語を用いる)の少なさが、かねて指摘されている。この点…,,
進める,4,16,為る(14) / 事(13) / 有る(13) / トウキョウ(9) / 居る(8),大越慎一: 東京大学の運営・経営は、学問の自由と大学の公共性を堅持しつつ、教育効果と研究力を最大化するための持続可能な基盤を構築するものでなければなら… / 染谷隆夫: AIは既存の知識の整理に長けているが、常に正しい結果を導きだすとは限らない。既存の知識や常識を問い直すために必要なのは、確かでゆるぎない基… / 菅野暁: 一方で、研究の分野、研究の進め方などはAIの発展もあって急速に変化してきており、変えるべきところと変えるべきでないところの見極めをしっかり… / 山本隆司: 2 以上の課題に対応する方策の一つは、大学が 学生に道標を示しながら、個々の学生が学際的または国際的な学修を選択する余地を実質的に広げるこ…,,
上,4,15,有る(11) / 為る(11) / 事(9) / トウキョウ(7) / 部局(6),藤垣裕子: 激動する国際情勢の中で、そして日本の中で、大学が果たすべき役割はやはり「学術」の基盤をしっかりと継承し発展させていくことであろう。日本の大… / 染谷隆夫: 総長の最も重要な役割は、すべての構成員が安心して教育研究、業務、学びに集中し、それぞれの夢の実現に邁進できる環境を整えること である。その… / 菅野暁: 日本については、上で述べた状況に加えて人口減少、急速な高齢化、地方の衰退、食料・エネルギー自給における脆弱性、移民とどう向き合うか等様々な… / 山本隆司: (1) まず、東京大学の研究者が取り組んでいる研究、築いている研究上のネットワーク、捉えている国内外の研究動向につき、 全学で量的・質的な…,,
ai,4,14,有る(11) / 為る(11) / 社会(9) / 事(8) / 分野(7),大越慎一: これからの教育では、各分野の専門教育に加え、海外派遣プログラム、産学官連携インターンシップ、アントレプレナーシップ教育、SDGsおよびGX… / 染谷隆夫: いま日本を含む世界は、地政学的な緊張、気候変動、格差の拡大と分断の深化、生成AIに代表される技術革新のインパクトなど、複合的な課題に直面し… / 菅野暁: 現在の世界情勢は分断と対立、民主主義の後退、そして対立が大規模な軍事衝突につながるリスクが高まっている危機的な状況に向かいつつあると考える… / 山本隆司: このような状況において、大学の果たすべき役割は、目前に現れている課題に対する解を示すことを超えて、 将来の社会課題に向けて多様な知を準備し…,,
gri,4,14,為る(11) / 有る(10) / 国際(9) / 卓越(8) / 成る(7),藤垣裕子: 国際卓越研究大学への東大の申請書のなかでGRI(Global Research Infrastructure)は要となる組織である。GRI… / 大越慎一: 世界最高水準の研究大学として、卓越した研究力と新たなる価値創造を担い、世界で活躍する高度人材育成のための国際的な教育・研究の場でなければな… / 菅野暁: 国際卓越研究大学への申請における中核概念であるGRI(Global Research Integrate)について考えを述べたい。 / 山本隆司: 世界と日本の社会の中で、 多様な知からシナジーを生む開かれた場 となることが、東京大学の役割である。現在東京大学で計画されている GRI、…,,
体制,4,14,有る(11) / 為(10) / 為る(10) / 事(9) / 必要(8),大越慎一: 東京大学の運営・経営は、学問の自由と大学の公共性を堅持しつつ、教育効果と研究力を最大化するための持続可能な基盤を構築するものでなければなら… / 染谷隆夫: 本部は、一律の統制を加える上位組織ではなく、部局だけでは解決しにくい制度的・財務的・社会的課題を引き受ける支援組織でなければならない。同時… / 菅野暁: 2責任と権限の明確化:大学執行部は総長、理事10名、執行役15名、副学長9名からなり、それぞれに「担当」が充てられているものの、どこまで自… / 山本隆司: (2) その上で、現在議論されている学術ユニットが、チャレンジングな、いわば尖った研究を行うための研究者のグループ(緩やかな組織)として活…,,
場,4,14,有る(12) / 為る(12) / トウキョウ(11) / 事(10) / 成る(8),藤垣裕子: 社会連携については、大学の営みを深く理解してくれる産業界のパートナーを増やすこと、スタートアップ等大学発の研究開発と産業との連携をはかるた… / 大越慎一: 東京大学は、教職員、学生を合わせて約4万人が所属する組織である。総長の役割は、その多様な意見を尊重しながら、国民からの負託を十分に理解し、… / 菅野暁: このような中での大学、そして東京大学の役割については以下のように考える。混沌とした現状の的確な分析と、それをベースにした将来進むべき方向、… / 山本隆司: 世界と日本の社会の中で、 多様な知からシナジーを生む開かれた場 となることが、東京大学の役割である。現在東京大学で計画されている GRI、…,,
会議,4,13,有る(7) / 為る(7) / 居る(6) / 事(5) / 全体(4),藤垣裕子: 激動する国際情勢の中で、そして日本の中で、大学が果たすべき役割はやはり「学術」の基盤をしっかりと継承し発展させていくことであろう。日本の大… / 染谷隆夫: 総長の最も重要な役割は、すべての構成員が安心して教育研究、業務、学びに集中し、それぞれの夢の実現に邁進できる環境を整えること である。その… / 菅野暁: 2責任と権限の明確化:大学執行部は総長、理事10名、執行役15名、副学長9名からなり、それぞれに「担当」が充てられているものの、どこまで自… / 山本隆司: (2) 加えて、日本の国立大学法人の法制度に独特な点として、 独任制の学長(総長)に権限が集中 していることがある。総長を監視する権限をも…,,
技術,4,13,為る(11) / 有る(10) / 社会(8) / トウキョウ(8) / 事(8),藤垣裕子: 東京大学には、世界トップレベルの研究者が多く集まっており、どの分野のことでも学内の同僚に聞けば知見が得られるという点で恵まれた環境にある。… / 大越慎一: 世界は、地球温暖化の加速、紛争等の地政学的緊張、格差や分断など、複雑で相互に関連する地球規模の課題を抱えている。日本においては、少子高齢化… / 染谷隆夫: いま日本を含む世界は、地政学的な緊張、気候変動、格差の拡大と分断の深化、生成AIに代表される技術革新のインパクトなど、複合的な課題に直面し… / 山本隆司: 科学技術の開発・活用は、課題に対応するために不可欠である。しかし、技術の開発・活用は新たな課題を生む面もあり、その課題への対応に新たな知が…,,
持続,4,13,為る(11) / トウキョウ(8) / 事(8) / 有る(8) / 因る(7),大越慎一: 東京大学の運営・経営は、学問の自由と大学の公共性を堅持しつつ、教育効果と研究力を最大化するための持続可能な基盤を構築するものでなければなら… / 染谷隆夫: 新しい研究領域を切り拓くには、倫理、法制度、研究インテグリティ、知財、データ、社会的受容などの課題に、全学的な専門組織が迅速に対応する必要… / 菅野暁: 1中長期的経営視点:運営費交付金や科研費を受け取り、これを単年度または複数年度にわたって費消するという国に依存した「運営」から、自立かつ持… / 山本隆司: 1 世界や日本における 不確実性 とリスクの増大は、パンデミックや気候変動などにより明らかになっている。その中で 資源の取り合い の状況は…,,
構築,4,13,有る(10) / 為る(10) / 事(8) / 居る(7) / トウキョウ(7),藤垣裕子: 激動する国際情勢の中で、そして日本の中で、大学が果たすべき役割はやはり「学術」の基盤をしっかりと継承し発展させていくことであろう。日本の大… / 大越慎一: これからの教育では、各分野の専門教育に加え、海外派遣プログラム、産学官連携インターンシップ、アントレプレナーシップ教育、SDGsおよびGX… / 染谷隆夫: この責務を果たすための前提となるのは、信頼である。いま東京大学には社会から厳しい目が向けられ、教育研究の現場が元気を失っている。本学の真価… / 菅野暁: 1中長期的経営視点:運営費交付金や科研費を受け取り、これを単年度または複数年度にわたって費消するという国に依存した「運営」から、自立かつ持…,,
海外,4,13,為る(10) / 有る(8) / 学生(6) / 国際(6) / 考える(6),藤垣裕子: 東京大学は、日本を代表する大学の1つであり、海外から「One of the top universities of the world」と… / 大越慎一: これからの教育では、各分野の専門教育に加え、海外派遣プログラム、産学官連携インターンシップ、アントレプレナーシップ教育、SDGsおよびGX… / 染谷隆夫: AIは既存の知識の整理に長けているが、常に正しい結果を導きだすとは限らない。既存の知識や常識を問い直すために必要なのは、確かでゆるぎない基… / 菅野暁: 専門分野の学修においては生成AIが長足の進歩を遂げる中、一方方向の授業ではなく、ディスカッションを取り入れ、大学外、海外に出てのアクティブ…,,
現在,4,13,有る(10) / 為る(10) / トウキョウ(9) / 成る(8) / 居る(8),藤垣裕子: 現在、大学のマネジメントは「運営」から「経営」へと大きく舵を切ろうとしている。財務部や社会連携部の努力により、運営費や受託研究費を切り崩す… / 大越慎一: 現在の東京大学の教育・研究力の世界的な地位は、現在所属している教職員・学生により達成されているものであることを十分に踏まえ、学内教員への強… / 菅野暁: 現在の世界情勢は分断と対立、民主主義の後退、そして対立が大規模な軍事衝突につながるリスクが高まっている危機的な状況に向かいつつあると考える… / 山本隆司: 世界と日本の社会の中で、 多様な知からシナジーを生む開かれた場 となることが、東京大学の役割である。現在東京大学で計画されている GRI、…,,
資源,4,13,為る(11) / 有る(10) / 事(8) / 社会(7) / 居る(7),大越慎一: 東京大学の運営・経営は、学問の自由と大学の公共性を堅持しつつ、教育効果と研究力を最大化するための持続可能な基盤を構築するものでなければなら… / 染谷隆夫: この責務を果たすための前提となるのは、信頼である。いま東京大学には社会から厳しい目が向けられ、教育研究の現場が元気を失っている。本学の真価… / 菅野暁: このうち1と3については議論の余地は小さいと考えるが、2については進め方について構成員の理解を得ながら規模感、スピード感を調整していく必要… / 山本隆司: 1 世界や日本における 不確実性 とリスクの増大は、パンデミックや気候変動などにより明らかになっている。その中で 資源の取り合い の状況は…,,
一,4,12,有る(11) / 為る(11) / 居る(8) / 事(8) / 言う(6),"藤垣裕子: 東京大学は,国内外の様々な分野で指導的役割を果たしうる「世界的視野をもった市民的エリート」(東京大学憲章)を育成することが,社会から負託さ… / 染谷隆夫: AIは既存の知識の整理に長けているが、常に正しい結果を導きだすとは限らない。既存の知識や常識を問い直すために必要なのは、確かでゆるぎない基… / 菅野暁: 誰もこれらすべてをできるわけではないし、どれ一つとしてできない人もいる。 / 山本隆司: 2 以上の課題に対応する方策の一つは、大学が 学生に道標を示しながら、個々の学生が学際的または国際的な学修を選択する余地を実質的に広げるこ…",,
投資,4,12,有る(9) / 為る(9) / 因る(6) / 社会(6) / 為(6),藤垣裕子: 現在、大学のマネジメントは「運営」から「経営」へと大きく舵を切ろうとしている。財務部や社会連携部の努力により、運営費や受託研究費を切り崩す… / 大越慎一: 世界最高水準の研究大学として、卓越した研究力と新たなる価値創造を担い、世界で活躍する高度人材育成のための国際的な教育・研究の場でなければな… / 染谷隆夫: この責務を果たすための前提となるのは、信頼である。いま東京大学には社会から厳しい目が向けられ、教育研究の現場が元気を失っている。本学の真価… / 菅野暁: 1中長期的経営視点:運営費交付金や科研費を受け取り、これを単年度または複数年度にわたって費消するという国に依存した「運営」から、自立かつ持…,,
決定,4,12,有る(8) / 為る(8) / 意思(7) / 為(7) / 必要(6),藤垣裕子: 国際化については、各構成員がおこなっている研究が国際的にますます展開するための手助け(拠点形成や旅費・人件費の確保)が必要となる。来日した… / 染谷隆夫: 総長の最も重要な役割は、すべての構成員が安心して教育研究、業務、学びに集中し、それぞれの夢の実現に邁進できる環境を整えること である。その… / 菅野暁: 2責任と権限の明確化:大学執行部は総長、理事10名、執行役15名、副学長9名からなり、それぞれに「担当」が充てられているものの、どこまで自… / 山本隆司: 1 学知は、トップダウン・ボトムアップという決められた一方向の道筋により発展するものではない。異なる研究、異なる観点を認識するプロセス か…,,
充実,4,11,有る(9) / 為る(9) / 考える(7) / 為(7) / 事(7),藤垣裕子: 激動する国際情勢の中で、そして日本の中で、大学が果たすべき役割はやはり「学術」の基盤をしっかりと継承し発展させていくことであろう。日本の大… / 大越慎一: 東京大学の運営・経営は、学問の自由と大学の公共性を堅持しつつ、教育効果と研究力を最大化するための持続可能な基盤を構築するものでなければなら… / 染谷隆夫: 東京大学の持続的な成長へとつながる信頼の再構築と充実には長い時間を要するが、構成員の力を信じ、誠実に、粘り強く取り組む。 / 菅野暁: まず、大学の中にある「知」(=コンテンツ)をデータベース化して、これを常にアップデートする。そしてコンテンツを企業、公的機関等の外部のステ…,,
問う,4,11,為る(8) / 居る(7) / 有る(7) / 社会(6) / 無い(5),藤垣裕子: また、国際卓越研究大学は 25 年後の研究力を問うが、現在の学生は25年後には中堅のPIとなっているはずである。したがって、国際卓越研究大… / 大越慎一: 世界最高水準の研究大学として、卓越した研究力と新たなる価値創造を担い、世界で活躍する高度人材育成のための国際的な教育・研究の場でなければな… / 染谷隆夫: 東京大学における教育の使命は、人類社会の変革を先導する次代のリーダーを輩出することであり、その基盤となるのが学部教育 である。教育の本質は… / 山本隆司: 1 世界や日本における 不確実性 とリスクの増大は、パンデミックや気候変動などにより明らかになっている。その中で 資源の取り合い の状況は…,,
部,4,11,有る(8) / 為る(8) / 為(5) / 居る(5) / トウキョウ(5),藤垣裕子: 現在、大学のマネジメントは「運営」から「経営」へと大きく舵を切ろうとしている。財務部や社会連携部の努力により、運営費や受託研究費を切り崩す… / 大越慎一: これからの教育では、各分野の専門教育に加え、海外派遣プログラム、産学官連携インターンシップ、アントレプレナーシップ教育、SDGsおよびGX… / 染谷隆夫: 総長の最も重要な役割は、すべての構成員が安心して教育研究、業務、学びに集中し、それぞれの夢の実現に邁進できる環境を整えること である。その… / 菅野暁: 2責任と権限の明確化:大学執行部は総長、理事10名、執行役15名、副学長9名からなり、それぞれに「担当」が充てられているものの、どこまで自…,,
作る,4,10,有る(9) / 為る(9) / 事(7) / 言う(6) / 出来る(6),藤垣裕子: 国際化については、各構成員がおこなっている研究が国際的にますます展開するための手助け(拠点形成や旅費・人件費の確保)が必要となる。来日した… / 染谷隆夫: 総長の最も重要な役割は、すべての構成員が安心して教育研究、業務、学びに集中し、それぞれの夢の実現に邁進できる環境を整えること である。その… / 菅野暁: そもそも国際卓越の助成金の目的は、世界最高水準の研究力を持つ大学をつくるために大学の経営を改革し、その研究力を社会に還元するということにあ… / 山本隆司: もう一つの方策はUTDにある。英語で学際的な学部・修士課程の一貫教育を行う UTDは、東京大学全体の教育の国際化・学際化を先導する開かれた…,,
全学,4,10,為る(9) / 有る(7) / 部局(5) / 必要(5) / 居る(5),大越慎一: これからの教育では、各分野の専門教育に加え、海外派遣プログラム、産学官連携インターンシップ、アントレプレナーシップ教育、SDGsおよびGX… / 染谷隆夫: 本部は、一律の統制を加える上位組織ではなく、部局だけでは解決しにくい制度的・財務的・社会的課題を引き受ける支援組織でなければならない。同時… / 菅野暁: 3施設:部局の持っている既得権益的な施設の使用を見直し、必要に応じてスペースチャージを入れながら、大学全体として施設の最適配置を目指すべき… / 山本隆司: 2 以上の課題に対応する方策の一つは、大学が 学生に道標を示しながら、個々の学生が学際的または国際的な学修を選択する余地を実質的に広げるこ…,,
得る,4,10,為る(9) / トウキョウ(8) / 有る(8) / 事(7) / 社会(6),"藤垣裕子: 東京大学は,国内外の様々な分野で指導的役割を果たしうる「世界的視野をもった市民的エリート」(東京大学憲章)を育成することが,社会から負託さ… / 染谷隆夫: 国際化については、海外大学との組織的な連携を強化し、世界から優れた学生、研究者、職員が集い活躍できる環境を整える。言語や制度の壁を取り除き… / 菅野暁: どれ一つとしてできないのはさすがに困るが、すべてをできる総長を得ることはほとんど不可能であろう。これからの東京大学総長の役割を考える際に忘… / 山本隆司: (1) 東京大学が優先しなければならないのは、 学生が今後の社会を担うために学ぶ環境と、研究者、特にキャリア初期研究者が学問を牽引するため…",,
成果,4,10,為る(9) / 有る(8) / 事(6) / 国際(5) / 出来る(5),藤垣裕子: 国際卓越研究大学への東大の申請書のなかでGRI(Global Research Infrastructure)は要となる組織である。GRI… / 染谷隆夫: AIは既存の知識の整理に長けているが、常に正しい結果を導きだすとは限らない。既存の知識や常識を問い直すために必要なのは、確かでゆるぎない基… / 菅野暁: また、研究において従来の分野を超えた取り組みが、複雑化する社会のニーズにこたえるために必要となってくる。更に、研究の成果である「知」を大学… / 山本隆司: 第2に、人社の研究分野には、英語でジャーナルに(共著)論文を発表するという指標では成果および国際化の進度を測ることができないものがある。,,
経験,4,10,有る(8) / トウキョウ(7) / 為る(7) / 事(6) / 環境(4),"藤垣裕子: 東京大学は,国内外の様々な分野で指導的役割を果たしうる「世界的視野をもった市民的エリート」(東京大学憲章)を育成することが,社会から負託さ… / 大越慎一: これからの教育では、各分野の専門教育に加え、海外派遣プログラム、産学官連携インターンシップ、アントレプレナーシップ教育、SDGsおよびGX… / 染谷隆夫: AIは既存の知識の整理に長けているが、常に正しい結果を導きだすとは限らない。既存の知識や常識を問い直すために必要なのは、確かでゆるぎない基… / 菅野暁: 大学教育にかかわった経験はなく、専門家ではない前提で考えを述べたい。東京大学の教育は前期課程の教養教育(リベラルアーツ)と後期課程の専門分…",,
良い,4,10,為る(6) / 有る(5) / 事(4) / つく(3) / 言う(3),藤垣裕子: 社会連携については、大学の営みを深く理解してくれる産業界のパートナーを増やすこと、スタートアップ等大学発の研究開発と産業との連携をはかるた… / 染谷隆夫: 東京大学は、世界の公共に奉仕する総合大学として、最高水準の教育と研究を担い、次代のリーダーを育て、より良い未来を構想する責務を負っている。 / 菅野暁: 「大学の学長は多くの期待を背負っている。学生の友人であり、教授陣の同僚であり、卒業生の良き仲間であり、評議会における優れた行政人であり、公… / 山本隆司: ガバナンス改革は、問題を指摘し合い、建設的に意見を言い合える風通しのよい組織文化の醸成につながる 。,,
コミュニケーション-communication,4,9,為(6) / 有る(6) / 為る(6) / 学内(4) / 役割(4),藤垣裕子: 東大総長には、学内で果たす役割と学外で果たす役割と2種の役割がある。東京大学内では、各分野で世界的に活躍する構成員が活き活きと研究・教育に… / 大越慎一: 世界最高水準の研究大学として、卓越した研究力と新たなる価値創造を担い、世界で活躍する高度人材育成のための国際的な教育・研究の場でなければな… / 染谷隆夫: 総長の最も重要な役割は、すべての構成員が安心して教育研究、業務、学びに集中し、それぞれの夢の実現に邁進できる環境を整えること である。その… / 山本隆司: 第1に、 大学本部の役員、諸種の会議体および担当部署の間の役割分担および相互関係が、必ずしも明確でない 。そのため、 組織およびコミュニケ…,,
変革,4,9,為る(8) / 有る(7) / 成る(6) / 事(6) / 社会(5),藤垣裕子: 人類にとって大学とは何か。ヒトは他の動物と異なり、文化や教育・学習を通じた世代間情報伝達機構をもつ。大学で学ぶことの人類にとっての意味は、… / 大越慎一: 世界は、地球温暖化の加速、紛争等の地政学的緊張、格差や分断など、複雑で相互に関連する地球規模の課題を抱えている。日本においては、少子高齢化… / 染谷隆夫: 東京大学における教育の使命は、人類社会の変革を先導する次代のリーダーを輩出することであり、その基盤となるのが学部教育 である。教育の本質は… / 山本隆司: この循環により、教育研究部局が東京大学の研究力を高めるように変革される 。,,
大きい,4,9,為る(9) / 有る(8) / 居る(7) / トウキョウ(7) / 社会(5),藤垣裕子: 現在、大学のマネジメントは「運営」から「経営」へと大きく舵を切ろうとしている。財務部や社会連携部の努力により、運営費や受託研究費を切り崩す… / 染谷隆夫: いま日本を含む世界は、地政学的な緊張、気候変動、格差の拡大と分断の深化、生成AIに代表される技術革新のインパクトなど、複合的な課題に直面し… / 菅野暁: 東京大学が有する「知」を社会に還元することは社会全体の発展のために必要である。東京大学は社会連携において国内の大学の中では抜きんでているが… / 山本隆司: (1) 大学の運営・経営の難しさは、学問研究の性質上、 ステークホルダーが将来世代を含み、多様で特定しがたい ことにある。そのため、 中心…,,
学問,4,9,為る(7) / 為(6) / 成る(6) / 有る(6) / 自由(5),藤垣裕子: 同時に大事なことは、変革を駆動する大学として、変えなくてはならないものと変えてはいけないものとの境界の見定めである。変えてはいけないことは… / 大越慎一: 東京大学の運営・経営は、学問の自由と大学の公共性を堅持しつつ、教育効果と研究力を最大化するための持続可能な基盤を構築するものでなければなら… / 染谷隆夫: 総長として学問の自由を守り抜き、構成員の一人ひとりが学問の自由を享受し、それに伴う責任を果たせる環境を整える。本部と部局がそれぞれの役割を… / 山本隆司: (1) 大学の運営・経営の難しさは、学問研究の性質上、 ステークホルダーが将来世代を含み、多様で特定しがたい ことにある。そのため、 中心…,,
推進,4,9,社会(6) / 有る(5) / 為る(5) / 連携(4) / 物(4),藤垣裕子: 人類にとって大学とは何か。ヒトは他の動物と異なり、文化や教育・学習を通じた世代間情報伝達機構をもつ。大学で学ぶことの人類にとっての意味は、… / 大越慎一: 東京大学の運営・経営は、学問の自由と大学の公共性を堅持しつつ、教育効果と研究力を最大化するための持続可能な基盤を構築するものでなければなら… / 染谷隆夫: 本部は、一律の統制を加える上位組織ではなく、部局だけでは解決しにくい制度的・財務的・社会的課題を引き受ける支援組織でなければならない。同時… / 山本隆司: 2 東京大学は、もともとは国家の近代化のために設けられた国立大学である。その後、リベラルアーツ教育の導入、さらに、社会連携、国際化を推進し…,,
活用,4,9,為る(8) / 為(7) / 成る(7) / 有る(7) / 必要(6),藤垣裕子: 社会連携については、大学の営みを深く理解してくれる産業界のパートナーを増やすこと、スタートアップ等大学発の研究開発と産業との連携をはかるた… / 大越慎一: 東京大学の運営・経営は、学問の自由と大学の公共性を堅持しつつ、教育効果と研究力を最大化するための持続可能な基盤を構築するものでなければなら… / 染谷隆夫: 国際卓越研究大学としての成否は、現場の自由な探究を支えながら、知の創造、価値化、再投資をつなぐ自律的な成長モデルを確立できるかどうかにかか… / 山本隆司: 科学技術の開発・活用は、課題に対応するために不可欠である。しかし、技術の開発・活用は新たな課題を生む面もあり、その課題への対応に新たな知が…,,
築く,4,9,為る(9) / 有る(7) / トウキョウ(6) / 事(6) / 環境(5),藤垣裕子: 同時に大事なことは、変革を駆動する大学として、変えなくてはならないものと変えてはいけないものとの境界の見定めである。変えてはいけないことは… / 染谷隆夫: アカデミアの基本は、研究者自身の好奇心に基づく探究と、多様な学術の尊重 にある。東京大学では研究者の裁量を最大限に尊重し、若手が独自性を確… / 菅野暁: 「大学の学長は多くの期待を背負っている。学生の友人であり、教授陣の同僚であり、卒業生の良き仲間であり、評議会における優れた行政人であり、公… / 山本隆司: もう一つの方策はUTDにある。英語で学際的な学部・修士課程の一貫教育を行う UTDは、東京大学全体の教育の国際化・学際化を先導する開かれた…,,
能力,4,9,有る(8) / 為る(8) / 考える(6) / 事(6) / 力(5),"藤垣裕子: 東京大学は,国内外の様々な分野で指導的役割を果たしうる「世界的視野をもった市民的エリート」(東京大学憲章)を育成することが,社会から負託さ… / 大越慎一: 東京大学の教育は、学生に対して知識の伝達にとどまらず、自ら問いを立て、深く考え、未知の課題に挑戦する能力を身に付けさせるものでなければなら… / 染谷隆夫: 東京大学にとって、すべての構成員が能力を最大限に発揮できる環境の整備は喫緊の重点項目である。AIを使いこなした業務改善、DXによる時間の創… / 山本隆司: (1) 東京大学が優先しなければならないのは、 学生が今後の社会を担うために学ぶ環境と、研究者、特にキャリア初期研究者が学問を牽引するため…",,
財務,4,9,有る(7) / 為る(7) / 支援(5) / 因る(5) / 必要(5),藤垣裕子: 現在、大学のマネジメントは「運営」から「経営」へと大きく舵を切ろうとしている。財務部や社会連携部の努力により、運営費や受託研究費を切り崩す… / 大越慎一: 東京大学の運営・経営は、学問の自由と大学の公共性を堅持しつつ、教育効果と研究力を最大化するための持続可能な基盤を構築するものでなければなら… / 染谷隆夫: 本部は、一律の統制を加える上位組織ではなく、部局だけでは解決しにくい制度的・財務的・社会的課題を引き受ける支援組織でなければならない。同時… / 菅野暁: 次に財務面から見ると、国際卓越による助成金は今後東京大学が世界水準の研究力を維持していくためには必要不可欠と考える。インフレ環境下で国から…,,
財政,4,9,有る(7) / 為る(7) / 基盤(5) / 国際(5) / 居る(5),藤垣裕子: 激動する国際情勢の中で、そして日本の中で、大学が果たすべき役割はやはり「学術」の基盤をしっかりと継承し発展させていくことであろう。日本の大… / 大越慎一: 世界最高水準の研究大学として、卓越した研究力と新たなる価値創造を担い、世界で活躍する高度人材育成のための国際的な教育・研究の場でなければな… / 菅野暁: 1中長期的経営視点:運営費交付金や科研費を受け取り、これを単年度または複数年度にわたって費消するという国に依存した「運営」から、自立かつ持… / 山本隆司: (2) 東京大学は、大学本部および部局の全体として、ガバナンスのために資源(人員、予算)を十分投入できていない。顕著な例がハラスメント対応…,,
通ずる,4,9,為る(6) / 社会(5) / 有る(5) / 学び(4) / 専門(4),藤垣裕子: 人類にとって大学とは何か。ヒトは他の動物と異なり、文化や教育・学習を通じた世代間情報伝達機構をもつ。大学で学ぶことの人類にとっての意味は、… / 大越慎一: 東京大学の教育は、学生に対して知識の伝達にとどまらず、自ら問いを立て、深く考え、未知の課題に挑戦する能力を身に付けさせるものでなければなら… / 染谷隆夫: AIは既存の知識の整理に長けているが、常に正しい結果を導きだすとは限らない。既存の知識や常識を問い直すために必要なのは、確かでゆるぎない基… / 菅野暁: 専門分野の学修においては生成AIが長足の進歩を遂げる中、一方方向の授業ではなく、ディスカッションを取り入れ、大学外、海外に出てのアクティブ…,,
リベラル-liberal,4,8,有る(6) / アート-art(5) / 居る(5) / トウキョウ(5) / 事(5),藤垣裕子: 「壁を所与と考えない力」および「コンセプトメイキングができる力」を東大の教育のなかに埋め込むための一つの方策が戦後初代総長の南原繁氏が指摘… / 染谷隆夫: AIは既存の知識の整理に長けているが、常に正しい結果を導きだすとは限らない。既存の知識や常識を問い直すために必要なのは、確かでゆるぎない基… / 菅野暁: このような中での大学、そして東京大学の役割については以下のように考える。混沌とした現状の的確な分析と、それをベースにした将来進むべき方向、… / 山本隆司: 2 東京大学は、もともとは国家の近代化のために設けられた国立大学である。その後、リベラルアーツ教育の導入、さらに、社会連携、国際化を推進し…,,
全て,4,8,為る(7) / 出来る(6) / 環境(4) / 役割(4) / 無い(4),藤垣裕子: 1960年代に富山県で多くの患者がでたイタイイタイ病について、1968年に発表された厚生省見解及びその附属資料は、当時の最新知見をもとに原… / 染谷隆夫: 総長の最も重要な役割は、すべての構成員が安心して教育研究、業務、学びに集中し、それぞれの夢の実現に邁進できる環境を整えること である。その… / 菅野暁: 誰もこれらすべてをできるわけではないし、どれ一つとしてできない人もいる。 / 山本隆司: 第2に、 大学本部と部局との役割分担および協力関係についても、シナジーを生み出すための共通認識が、まだ形成されていない 。教育研究の現場の…,,
公共,4,8,為る(8) / 社会(7) / 有る(7) / トウキョウ(6) / 事(6),藤垣裕子: 東京大学には、世界トップレベルの研究者が多く集まっており、どの分野のことでも学内の同僚に聞けば知見が得られるという点で恵まれた環境にある。… / 大越慎一: 東京大学の研究は、研究者一人ひとりの好奇心と深い学識に基づく自由な発想を源泉として新たな学知を創造することである。その学知を価値創造へとつ… / 染谷隆夫: 東京大学は、世界の公共に奉仕する総合大学として、最高水準の教育と研究を担い、次代のリーダーを育て、より良い未来を構想する責務を負っている。 / 山本隆司: (1) 大学の運営・経営の難しさは、学問研究の性質上、 ステークホルダーが将来世代を含み、多様で特定しがたい ことにある。そのため、 中心…,,
共,4,8,為る(6) / トウキョウ(5) / 事(5) / 有る(5) / 無い(4),藤垣裕子: 国際化については、各構成員がおこなっている研究が国際的にますます展開するための手助け(拠点形成や旅費・人件費の確保)が必要となる。来日した… / 大越慎一: 東京大学の研究は、研究者一人ひとりの好奇心と深い学識に基づく自由な発想を源泉として新たな学知を創造することである。その学知を価値創造へとつ… / 染谷隆夫: 総長として学問の自由を守り抜き、構成員の一人ひとりが学問の自由を享受し、それに伴う責任を果たせる環境を整える。本部と部局がそれぞれの役割を… / 山本隆司: 1 東京大学の教育には、専門教育と教養教育をともに重視するという明確な特徴がある。そして、教育が最先端の研究を反映し、また、 教育の場が研…,,
其々,4,8,為る(8) / トウキョウ(7) / 事(7) / 有る(7) / 役割(6),"藤垣裕子: 東京大学は,国内外の様々な分野で指導的役割を果たしうる「世界的視野をもった市民的エリート」(東京大学憲章)を育成することが,社会から負託さ… / 染谷隆夫: それぞれの研究の本質を最も深く理解しているのは、日々探究に取り組んでいる現場である。本部は、部局の専門性と自律性を尊重し、現場のアイデアを… / 菅野暁: 2責任と権限の明確化:大学執行部は総長、理事10名、執行役15名、副学長9名からなり、それぞれに「担当」が充てられているものの、どこまで自… / 山本隆司: 世界と日本の社会の中で、 多様な知からシナジーを生む開かれた場 となることが、東京大学の役割である。現在東京大学で計画されている GRI、…",,
寄付,4,8,有る(7) / 為る(7) / 運用(5) / 無い(5) / 成る(5),藤垣裕子: 現在、大学のマネジメントは「運営」から「経営」へと大きく舵を切ろうとしている。財務部や社会連携部の努力により、運営費や受託研究費を切り崩す… / 大越慎一: 東京大学の運営・経営は、学問の自由と大学の公共性を堅持しつつ、教育効果と研究力を最大化するための持続可能な基盤を構築するものでなければなら… / 染谷隆夫: 本部は、一律の統制を加える上位組織ではなく、部局だけでは解決しにくい制度的・財務的・社会的課題を引き受ける支援組織でなければならない。同時… / 菅野暁: 1中長期的経営視点:運営費交付金や科研費を受け取り、これを単年度または複数年度にわたって費消するという国に依存した「運営」から、自立かつ持…,,
感,4,8,事(7) / 有る(7) / 為る(6) / 役割(4) / 必要(4),"藤垣裕子: 東京大学は,国内外の様々な分野で指導的役割を果たしうる「世界的視野をもった市民的エリート」(東京大学憲章)を育成することが,社会から負託さ… / 大越慎一: 世界は、地球温暖化の加速、紛争等の地政学的緊張、格差や分断など、複雑で相互に関連する地球規模の課題を抱えている。日本においては、少子高齢化… / 染谷隆夫: 総長の最も重要な役割は、すべての構成員が安心して教育研究、業務、学びに集中し、それぞれの夢の実現に邁進できる環境を整えること である。その… / 菅野暁: このうち1と3については議論の余地は小さいと考えるが、2については進め方について構成員の理解を得ながら規模感、スピード感を調整していく必要…",,
求める,4,8,為る(6) / 必要(5) / 有る(5) / 為(4) / トウキョウ(4),藤垣裕子: 東大総長には、学内で果たす役割と学外で果たす役割と2種の役割がある。東京大学内では、各分野で世界的に活躍する構成員が活き活きと研究・教育に… / 染谷隆夫: 総長の最も重要な役割は、すべての構成員が安心して教育研究、業務、学びに集中し、それぞれの夢の実現に邁進できる環境を整えること である。その… / 菅野暁: 東京大学総長の経営における役割は、法人化後の 20 年余で大きく変わってきたと思う。UC Berkeleyの初代学長であったClark K… / 山本隆司: 第1に、自然科学の研究に当たり留意すべき点の指摘や、自然科学の研究を社会で活用するために必要な知見が、人社の研究に求められる場合がある。こ…,,
続ける,4,8,有る(8) / 為る(8) / 社会(6) / 居る(6) / 物(5),藤垣裕子: 社会連携については、大学の営みを深く理解してくれる産業界のパートナーを増やすこと、スタートアップ等大学発の研究開発と産業との連携をはかるた… / 染谷隆夫: AIは既存の知識の整理に長けているが、常に正しい結果を導きだすとは限らない。既存の知識や常識を問い直すために必要なのは、確かでゆるぎない基… / 菅野暁: このうち1と3については議論の余地は小さいと考えるが、2については進め方について構成員の理解を得ながら規模感、スピード感を調整していく必要… / 山本隆司: このような状況において、大学の果たすべき役割は、目前に現れている課題に対する解を示すことを超えて、 将来の社会課題に向けて多様な知を準備し…,,
育成,4,8,有る(7) / 為る(7) / 人材(6) / 成る(6) / トウキョウ(5),"藤垣裕子: 東京大学は,国内外の様々な分野で指導的役割を果たしうる「世界的視野をもった市民的エリート」(東京大学憲章)を育成することが,社会から負託さ… / 大越慎一: 東京大学の教育は、学生に対して知識の伝達にとどまらず、自ら問いを立て、深く考え、未知の課題に挑戦する能力を身に付けさせるものでなければなら… / 菅野暁: このような中での大学、そして東京大学の役割については以下のように考える。混沌とした現状の的確な分析と、それをベースにした将来進むべき方向、… / 山本隆司: 1 東京大学の教育には、専門教育と教養教育をともに重視するという明確な特徴がある。そして、教育が最先端の研究を反映し、また、 教育の場が研…",,
設計,4,8,有る(6) / 為る(6) / 制度(5) / 組織(4) / 考える(4),藤垣裕子: 1学外コミュニケーションのみならず、学内コミュニケーションを充実させるための組織を整える必要がある。国際卓越研究大学におけるGRIや学術経… / 染谷隆夫: 制度設計においては、本部が一律の目標や手法を部局にあてはめて進めるのではなく、学術分野ごとに異なる時間軸や評価軸があることを尊重して、その… / 菅野暁: 3職員の役割の再定義:正直に申し上げて、東京大学における教員と職員の関係はいびつである。この状態のままでは、東京大学の組織としての持続性に… / 山本隆司: 2 国際卓越研究大学に認定された場合のGRIの制度設計をする上でも、認定されない場合のシミュレーションを行う上でも、東京大学の今後の活動に…,,
アート-art,4,7,リベラル-liberal(5) / 有る(5) / 居る(4) / トウキョウ(4) / 事(4),藤垣裕子: 「壁を所与と考えない力」および「コンセプトメイキングができる力」を東大の教育のなかに埋め込むための一つの方策が戦後初代総長の南原繁氏が指摘… / 染谷隆夫: AIは既存の知識の整理に長けているが、常に正しい結果を導きだすとは限らない。既存の知識や常識を問い直すために必要なのは、確かでゆるぎない基… / 菅野暁: 大学教育にかかわった経験はなく、専門家ではない前提で考えを述べたい。東京大学の教育は前期課程の教養教育(リベラルアーツ)と後期課程の専門分… / 山本隆司: 2 東京大学は、もともとは国家の近代化のために設けられた国立大学である。その後、リベラルアーツ教育の導入、さらに、社会連携、国際化を推進し…,,
図る,4,7,有る(6) / 為る(5) / 充実(4) / 事(4) / 連携(3),藤垣裕子: 社会連携については、大学の営みを深く理解してくれる産業界のパートナーを増やすこと、スタートアップ等大学発の研究開発と産業との連携をはかるた… / 大越慎一: 世界最高水準の研究大学として、卓越した研究力と新たなる価値創造を担い、世界で活躍する高度人材育成のための国際的な教育・研究の場でなければな… / 菅野暁: まず、大学の中にある「知」(=コンテンツ)をデータベース化して、これを常にアップデートする。そしてコンテンツを企業、公的機関等の外部のステ… / 山本隆司: 施設・設備の必要な維持・改修を行い、効率的な利用を図るプロセスの確立 は、喫緊の課題である。,,
広い,4,7,トウキョウ(6) / 為る(6) / 事(5) / 有る(5) / 居る(4),大越慎一: 東京大学の教育は、学生に対して知識の伝達にとどまらず、自ら問いを立て、深く考え、未知の課題に挑戦する能力を身に付けさせるものでなければなら… / 染谷隆夫: AIは既存の知識の整理に長けているが、常に正しい結果を導きだすとは限らない。既存の知識や常識を問い直すために必要なのは、確かでゆるぎない基… / 菅野暁: 東京大学の研究分野は非常に幅が広く、かつバランスがとれており、これを維持しながら拡大強化していくことが必要と考える。 / 山本隆司: (2) 加えて、日本の国立大学法人の法制度に独特な点として、 独任制の学長(総長)に権限が集中 していることがある。総長を監視する権限をも…,,
拡大,4,7,為る(7) / 居る(6) / 社会(5) / トウキョウ(5) / 事(5),大越慎一: 東京大学は、教職員、学生を合わせて約4万人が所属する組織である。総長の役割は、その多様な意見を尊重しながら、国民からの負託を十分に理解し、… / 染谷隆夫: いま日本を含む世界は、地政学的な緊張、気候変動、格差の拡大と分断の深化、生成AIに代表される技術革新のインパクトなど、複合的な課題に直面し… / 菅野暁: 東京大学の研究分野は非常に幅が広く、かつバランスがとれており、これを維持しながら拡大強化していくことが必要と考える。 / 山本隆司: 1 東京大学の教育には、専門教育と教養教育をともに重視するという明確な特徴がある。そして、教育が最先端の研究を反映し、また、 教育の場が研…,,
留学,4,7,事(6) / 有る(6) / 学生(5) / 国際(5) / 為る(5),藤垣裕子: 国際化については、各構成員がおこなっている研究が国際的にますます展開するための手助け(拠点形成や旅費・人件費の確保)が必要となる。来日した… / 染谷隆夫: 東京大学にとって、すべての構成員が能力を最大限に発揮できる環境の整備は喫緊の重点項目である。AIを使いこなした業務改善、DXによる時間の創… / 菅野暁: 「知」がグローバルな広がりを持つためには、東京大学の国際化は必須であるが、現状は欧米、アジアの有力大学と比べて遅れている。これはTHE、Q… / 山本隆司: 他方で、留学生および外国人教員(国籍の区別ではなく、バックグラウンドの多様性の意味で用語を用いる)の少なさが、かねて指摘されている。この点…,,
目的,4,7,為る(7) / トウキョウ(6) / 事(6) / 有る(6) / 為(5),藤垣裕子: 現在、大学のマネジメントは「運営」から「経営」へと大きく舵を切ろうとしている。財務部や社会連携部の努力により、運営費や受託研究費を切り崩す… / 染谷隆夫: 東京大学の 運営・経営では、透明性、公正性、説明責任を備えたガバナンスを確立し、社会と構成員からの信頼を築く 。ガバナンス改革は、構成員の… / 菅野暁: そもそも国際卓越の助成金の目的は、世界最高水準の研究力を持つ大学をつくるために大学の経営を改革し、その研究力を社会に還元するということにあ… / 山本隆司: 世界と日本の社会の中で、 多様な知からシナジーを生む開かれた場 となることが、東京大学の役割である。現在東京大学で計画されている GRI、…,,
繋ぐ,4,7,事(5) / 有る(5) / 為る(5) / 社会(4) / 学内(3),藤垣裕子: 東京大学には、世界トップレベルの研究者が多く集まっており、どの分野のことでも学内の同僚に聞けば知見が得られるという点で恵まれた環境にある。… / 染谷隆夫: 国際卓越研究大学としての成否は、現場の自由な探究を支えながら、知の創造、価値化、再投資をつなぐ自律的な成長モデルを確立できるかどうかにかか… / 菅野暁: まず、大学の中にある「知」(=コンテンツ)をデータベース化して、これを常にアップデートする。そしてコンテンツを企業、公的機関等の外部のステ… / 山本隆司: 1 東京大学の教育には、専門教育と教養教育をともに重視するという明確な特徴がある。そして、教育が最先端の研究を反映し、また、 教育の場が研…,,
課程,4,7,専門(5) / 事(4) / 有る(4) / 為る(4) / 後期(3),藤垣裕子: 「壁を所与と考えない力」および「コンセプトメイキングができる力」を東大の教育のなかに埋め込むための一つの方策が戦後初代総長の南原繁氏が指摘… / 大越慎一: これからの教育では、各分野の専門教育に加え、海外派遣プログラム、産学官連携インターンシップ、アントレプレナーシップ教育、SDGsおよびGX… / 菅野暁: 大学教育にかかわった経験はなく、専門家ではない前提で考えを述べたい。東京大学の教育は前期課程の教養教育(リベラルアーツ)と後期課程の専門分… / 山本隆司: もう一つの方策はUTDにある。英語で学際的な学部・修士課程の一貫教育を行う UTDは、東京大学全体の教育の国際化・学際化を先導する開かれた…,,
伸ばす,4,6,事(5) / 有る(5) / 為る(5) / 出来る(4) / 成る(4),"藤垣裕子: 東京大学は,国内外の様々な分野で指導的役割を果たしうる「世界的視野をもった市民的エリート」(東京大学憲章)を育成することが,社会から負託さ… / 染谷隆夫: 東京大学における教育の使命は、人類社会の変革を先導する次代のリーダーを輩出することであり、その基盤となるのが学部教育 である。教育の本質は… / 菅野暁: このうち1と3については議論の余地は小さいと考えるが、2については進め方について構成員の理解を得ながら規模感、スピード感を調整していく必要… / 山本隆司: (1) 東京大学が優先しなければならないのは、 学生が今後の社会を担うために学ぶ環境と、研究者、特にキャリア初期研究者が学問を牽引するため…",,
分断,4,6,居る(5) / 世界(4) / 役割(4) / 有る(4) / 為る(4),大越慎一: 世界は、地球温暖化の加速、紛争等の地政学的緊張、格差や分断など、複雑で相互に関連する地球規模の課題を抱えている。日本においては、少子高齢化… / 染谷隆夫: いま日本を含む世界は、地政学的な緊張、気候変動、格差の拡大と分断の深化、生成AIに代表される技術革新のインパクトなど、複合的な課題に直面し… / 菅野暁: 現在の世界情勢は分断と対立、民主主義の後退、そして対立が大規模な軍事衝突につながるリスクが高まっている危機的な状況に向かいつつあると考える… / 山本隆司: 世界と日本の社会の中で、 多様な知からシナジーを生む開かれた場 となることが、東京大学の役割である。現在東京大学で計画されている GRI、…,,
学部,4,6,有る(6) / 国際(5) / 成る(5) / 為る(5) / 教員(4),大越慎一: 東京大学の教育は、学生に対して知識の伝達にとどまらず、自ら問いを立て、深く考え、未知の課題に挑戦する能力を身に付けさせるものでなければなら… / 染谷隆夫: 東京大学における教育の使命は、人類社会の変革を先導する次代のリーダーを輩出することであり、その基盤となるのが学部教育 である。教育の本質は… / 菅野暁: 「知」がグローバルな広がりを持つためには、東京大学の国際化は必須であるが、現状は欧米、アジアの有力大学と比べて遅れている。これはTHE、Q… / 山本隆司: もう一つの方策はUTDにある。英語で学際的な学部・修士課程の一貫教育を行う UTDは、東京大学全体の教育の国際化・学際化を先導する開かれた…,,
方向,4,6,有る(6) / 為る(6) / 考える(5) / トウキョウ(5) / 事(5),藤垣裕子: それに対し、学外では学術の重要性を説いていく必要があるだろう。東京大学は文部科学省管轄の高等教育機関の1つであると同時に、東京大学の構成員… / 大越慎一: 東京大学は、教職員、学生を合わせて約4万人が所属する組織である。総長の役割は、その多様な意見を尊重しながら、国民からの負託を十分に理解し、… / 菅野暁: このような中での大学、そして東京大学の役割については以下のように考える。混沌とした現状の的確な分析と、それをベースにした将来進むべき方向、… / 山本隆司: 1 学知は、トップダウン・ボトムアップという決められた一方向の道筋により発展するものではない。異なる研究、異なる観点を認識するプロセス か…,,
活躍,4,6,為る(6) / 国際(5) / 有る(5) / 出来る(4) / トウキョウ(4),藤垣裕子: 東大総長には、学内で果たす役割と学外で果たす役割と2種の役割がある。東京大学内では、各分野で世界的に活躍する構成員が活き活きと研究・教育に… / 大越慎一: 世界最高水準の研究大学として、卓越した研究力と新たなる価値創造を担い、世界で活躍する高度人材育成のための国際的な教育・研究の場でなければな… / 染谷隆夫: 国際化については、海外大学との組織的な連携を強化し、世界から優れた学生、研究者、職員が集い活躍できる環境を整える。言語や制度の壁を取り除き… / 山本隆司: 他方で、留学生および外国人教員(国籍の区別ではなく、バックグラウンドの多様性の意味で用語を用いる)の少なさが、かねて指摘されている。この点…,,
現状,4,6,居る(6) / トウキョウ(6) / 有る(6) / 為る(6) / 事(5),藤垣裕子: 国際卓越研究大学への東大の申請書のなかでGRI(Global Research Infrastructure)は要となる組織である。GRI… / 染谷隆夫: この責務を果たすための前提となるのは、信頼である。いま東京大学には社会から厳しい目が向けられ、教育研究の現場が元気を失っている。本学の真価… / 菅野暁: このような中での大学、そして東京大学の役割については以下のように考える。混沌とした現状の的確な分析と、それをベースにした将来進むべき方向、… / 山本隆司: (2) その上で、現在議論されている学術ユニットが、チャレンジングな、いわば尖った研究を行うための研究者のグループ(緩やかな組織)として活…,,
産業,4,6,居る(5) / 事(5) / 有る(5) / 為る(5) / 知(4),藤垣裕子: 社会連携については、大学の営みを深く理解してくれる産業界のパートナーを増やすこと、スタートアップ等大学発の研究開発と産業との連携をはかるた… / 大越慎一: 世界は、地球温暖化の加速、紛争等の地政学的緊張、格差や分断など、複雑で相互に関連する地球規模の課題を抱えている。日本においては、少子高齢化… / 染谷隆夫: AIは既存の知識の整理に長けているが、常に正しい結果を導きだすとは限らない。既存の知識や常識を問い直すために必要なのは、確かでゆるぎない基… / 菅野暁: 「大学の学長は多くの期待を背負っている。学生の友人であり、教授陣の同僚であり、卒業生の良き仲間であり、評議会における優れた行政人であり、公…,,
配分,4,6,為る(5) / 資源(4) / トウキョウ(4) / 有る(4) / 評価(3),藤垣裕子: 国際卓越研究大学への東大の申請書のなかでGRI(Global Research Infrastructure)は要となる組織である。GRI… / 大越慎一: 東京大学の運営・経営は、学問の自由と大学の公共性を堅持しつつ、教育効果と研究力を最大化するための持続可能な基盤を構築するものでなければなら… / 染谷隆夫: 制度設計においては、本部が一律の目標や手法を部局にあてはめて進めるのではなく、学術分野ごとに異なる時間軸や評価軸があることを尊重して、その… / 山本隆司: 1 学知は、トップダウン・ボトムアップという決められた一方向の道筋により発展するものではない。異なる研究、異なる観点を認識するプロセス か…,,
一体,4,5,トウキョウ(5) / 有る(5) / 構成(4) / 組織(4) / 必要(4),大越慎一: 東京大学は、教職員、学生を合わせて約4万人が所属する組織である。総長の役割は、その多様な意見を尊重しながら、国民からの負託を十分に理解し、… / 染谷隆夫: 総長の最も重要な役割は、すべての構成員が安心して教育研究、業務、学びに集中し、それぞれの夢の実現に邁進できる環境を整えること である。その… / 菅野暁: 3障がい者の雇用比率が2.7%に引き上げられたが、東京大学はこの数字を満たしていない。また、障がい者の受け入れが一部の職場に偏り組織の中で… / 山本隆司: (2) その上で、現在議論されている学術ユニットが、チャレンジングな、いわば尖った研究を行うための研究者のグループ(緩やかな組織)として活…,,
先端,4,5,トウキョウ(5) / 事(5) / 有る(5) / 為る(5) / 社会(4),藤垣裕子: 東京大学には、世界トップレベルの研究者が多く集まっており、どの分野のことでも学内の同僚に聞けば知見が得られるという点で恵まれた環境にある。… / 大越慎一: 東京大学の運営・経営は、学問の自由と大学の公共性を堅持しつつ、教育効果と研究力を最大化するための持続可能な基盤を構築するものでなければなら… / 染谷隆夫: それぞれの研究の本質を最も深く理解しているのは、日々探究に取り組んでいる現場である。本部は、部局の専門性と自律性を尊重し、現場のアイデアを… / 山本隆司: 1 東京大学の教育には、専門教育と教養教育をともに重視するという明確な特徴がある。そして、教育が最先端の研究を反映し、また、 教育の場が研…,,
地球,4,5,有る(4) / 環境(3) / 世界(3) / 成る(3) / 居る(3),藤垣裕子: 同時に大事なことは、変革を駆動する大学として、変えなくてはならないものと変えてはいけないものとの境界の見定めである。変えてはいけないことは… / 大越慎一: 世界は、地球温暖化の加速、紛争等の地政学的緊張、格差や分断など、複雑で相互に関連する地球規模の課題を抱えている。日本においては、少子高齢化… / 染谷隆夫: 国際卓越研究大学としての成否は、現場の自由な探究を支えながら、知の創造、価値化、再投資をつなぐ自律的な成長モデルを確立できるかどうかにかか… / 菅野暁: 現在の世界情勢は分断と対立、民主主義の後退、そして対立が大規模な軍事衝突につながるリスクが高まっている危機的な状況に向かいつつあると考える…,,
構想,4,5,為る(5) / 有る(4) / 国際(3) / 必要(3) / 居る(3),藤垣裕子: また、国際卓越研究大学は 25 年後の研究力を問うが、現在の学生は25年後には中堅のPIとなっているはずである。したがって、国際卓越研究大… / 大越慎一: これからの教育では、各分野の専門教育に加え、海外派遣プログラム、産学官連携インターンシップ、アントレプレナーシップ教育、SDGsおよびGX… / 染谷隆夫: 東京大学は、世界の公共に奉仕する総合大学として、最高水準の教育と研究を担い、次代のリーダーを育て、より良い未来を構想する責務を負っている。 / 山本隆司: 各学術ユニットの 具体的な研究領域ないし研究テーマの候補 は、連携研究機構、分野横断的な研究センターといった組織、国際卓越研究大学構想の過…,,
深い,4,5,成る(5) / トウキョウ(5) / 有る(5) / 為る(5) / 社会(4),藤垣裕子: 社会連携については、大学の営みを深く理解してくれる産業界のパートナーを増やすこと、スタートアップ等大学発の研究開発と産業との連携をはかるた… / 大越慎一: 東京大学の教育は、学生に対して知識の伝達にとどまらず、自ら問いを立て、深く考え、未知の課題に挑戦する能力を身に付けさせるものでなければなら… / 染谷隆夫: それぞれの研究の本質を最も深く理解しているのは、日々探究に取り組んでいる現場である。本部は、部局の専門性と自律性を尊重し、現場のアイデアを… / 菅野暁: 東京大学総長の経営における役割は、法人化後の 20 年余で大きく変わってきたと思う。UC Berkeleyの初代学長であったClark K…,,
重点,4,5,有る(5) / 為る(5) / トウキョウ(4) / 事(4) / 進める(3),大越慎一: 東京大学の運営・経営は、学問の自由と大学の公共性を堅持しつつ、教育効果と研究力を最大化するための持続可能な基盤を構築するものでなければなら… / 染谷隆夫: 東京大学にとって、すべての構成員が能力を最大限に発揮できる環境の整備は喫緊の重点項目である。AIを使いこなした業務改善、DXによる時間の創… / 菅野暁: 一方で、研究の分野、研究の進め方などはAIの発展もあって急速に変化してきており、変えるべきところと変えるべきでないところの見極めをしっかり… / 山本隆司: 各学術ユニットの 具体的な研究領域ないし研究テーマの候補 は、連携研究機構、分野横断的な研究センターといった組織、国際卓越研究大学構想の過…,,
人文,4,4,科学(4) / 社会(4) / 分野(3) / 居る(3) / トウキョウ(3),大越慎一: 東京大学の研究は、研究者一人ひとりの好奇心と深い学識に基づく自由な発想を源泉として新たな学知を創造することである。その学知を価値創造へとつ… / 染谷隆夫: 東京大学の真価は、文系・理系という固定的な区分を超えた総合知を構築しうる資源・人材を保有していることにある。AIの時代にこそ、リベラルアー… / 菅野暁: 昨年ノーベル賞を受賞した日本の科学者が繰り返し述べているように、日本の基礎研究に対する資金不足は危機的な状態にあると考える。政府の政策に若… / 山本隆司: (2) 次に、東京大学が 人文社会科学分野 ( 以下「人社」という )の研究をどのように生かすかも問われている。さらに2点に注意を要する。,,
加速,4,4,トウキョウ(4) / 事(4) / 為る(4) / 居る(3) / 有る(3),大越慎一: 世界は、地球温暖化の加速、紛争等の地政学的緊張、格差や分断など、複雑で相互に関連する地球規模の課題を抱えている。日本においては、少子高齢化… / 染谷隆夫: それぞれの研究の本質を最も深く理解しているのは、日々探究に取り組んでいる現場である。本部は、部局の専門性と自律性を尊重し、現場のアイデアを… / 菅野暁: 1中長期的経営視点:運営費交付金や科研費を受け取り、これを単年度または複数年度にわたって費消するという国に依存した「運営」から、自立かつ持… / 山本隆司: ただし、そのための手段として、国際卓越研究大学には、特定の基準による数値目標、特に収益・受益の数値目標を、変化(差分)の計画の形で示すこと…,,
留まる,4,4,有る(4) / 為る(4) / 成る(3) / 事(3) / 洞察(2),藤垣裕子: 「壁を所与と考えない力」および「コンセプトメイキングができる力」を東大の教育のなかに埋め込むための一つの方策が戦後初代総長の南原繁氏が指摘… / 大越慎一: 東京大学の教育は、学生に対して知識の伝達にとどまらず、自ら問いを立て、深く考え、未知の課題に挑戦する能力を身に付けさせるものでなければなら… / 染谷隆夫: 国際卓越研究大学としての成否は、現場の自由な探究を支えながら、知の創造、価値化、再投資をつなぐ自律的な成長モデルを確立できるかどうかにかか… / 山本隆司: 第4に、 学外有識者に東京大学全体の問題状況を理解していただいた上で、変革のための知見をいただき、それを大学運営に生かすというサイクル は…,,
繋がる,4,4,充実(2) / 自由(2) / 環境(2) / 世界(2) / 考える(2),藤垣裕子: 東京大学には、世界トップレベルの研究者が多く集まっており、どの分野のことでも学内の同僚に聞けば知見が得られるという点で恵まれた環境にある。… / 染谷隆夫: 東京大学の持続的な成長へとつながる信頼の再構築と充実には長い時間を要するが、構成員の力を信じ、誠実に、粘り強く取り組む。 / 菅野暁: 現在の世界情勢は分断と対立、民主主義の後退、そして対立が大規模な軍事衝突につながるリスクが高まっている危機的な状況に向かいつつあると考える… / 山本隆司: ガバナンス改革は、問題を指摘し合い、建設的に意見を言い合える風通しのよい組織文化の醸成につながる 。,,
