term,candidate_count,total_frequency,trigger_sentence_count,top_related_terms,heuristic_score
為る,5,510,381,有る(100) / 事(74) / トウキョウ(70) / 居る(63) / 成る(52),5981
有る,5,247,171,為る(100) / 事(72) / トウキョウ(63) / 居る(56) / 成る(53),3141
事,5,152,105,為る(74) / 有る(72) / トウキョウ(51) / 居る(43) / 成る(39),2125
トウキョウ,5,114,80,為る(70) / 有る(63) / 事(51) / 居る(42) / 成る(34),1720
居る,5,111,82,為る(63) / 有る(56) / 事(43) / トウキョウ(42) / 成る(34),1692
成る,5,90,66,有る(53) / 為る(52) / 事(39) / 居る(34) / トウキョウ(34),1466
必要,5,72,72,有る(49) / 為る(48) / 為(30) / 事(29) / トウキョウ(28),1292
社会,5,72,53,為る(44) / 有る(41) / 事(32) / トウキョウ(29) / 居る(25),1273
為,5,69,58,為る(47) / 有る(45) / 事(34) / 必要(30) / トウキョウ(30),1248
国際,5,59,44,為る(33) / 有る(31) / トウキョウ(22) / 事(21) / 成る(20),1134
無い,5,52,36,為る(38) / 有る(33) / 事(28) / 居る(22) / 成る(21),1056
考える,4,61,44,有る(42) / 為る(41) / 事(30) / トウキョウ(27) / 必要(23),1054
言う,5,51,44,有る(35) / 為る(34) / 事(24) / 居る(21) / トウキョウ(20),1054
世界,5,44,33,為る(23) / 有る(20) / 社会(15) / 居る(15) / トウキョウ(14),973
課題,5,42,42,為る(25) / 有る(24) / 居る(18) / トウキョウ(16) / 事(16),962
部局,5,41,32,為る(23) / 本部(18) / 有る(16) / トウキョウ(14) / 事(14),942
つく,5,39,30,有る(23) / 為る(23) / 事(15) / 必要(13) / 居る(13),920
分野,5,39,30,為る(23) / 有る(22) / 事(19) / トウキョウ(17) / 社会(14),920
因る,5,38,29,為る(27) / 有る(24) / 事(19) / トウキョウ(15) / 社会(13),909
組織,5,37,32,為る(24) / 有る(23) / トウキョウ(17) / 必要(14) / 居る(14),902
役割,5,37,25,為る(24) / 有る(21) / 居る(18) / トウキョウ(17) / 事(17),895
日本,5,36,26,有る(18) / 為る(18) / 居る(16) / 世界(10) / 考える(10),886
於く,5,36,23,為る(28) / 有る(27) / 事(19) / 居る(17) / トウキョウ(16),883
出来る,4,45,26,為る(38) / 有る(33) / 事(29) / トウキョウ(22) / 居る(21),876
学術,5,34,20,為る(20) / 有る(19) / トウキョウ(14) / 居る(12) / 事(12),860
専門,5,33,25,為る(16) / 有る(14) / 事(12) / 社会(9) / 無い(8),855
力,4,42,20,為る(16) / 有る(15) / トウキョウ(11) / 事(11) / 考える(9),840
学生,5,31,23,為る(23) / 有る(21) / 事(17) / 居る(16) / トウキョウ(15),833
経営,5,29,23,有る(17) / 為る(17) / トウキョウ(14) / 事(12) / 為(11),813
物,5,29,22,有る(23) / 為る(23) / 事(18) / 社会(15) / トウキョウ(15),812
連携,5,29,21,為る(16) / 有る(14) / 社会(11) / トウキョウ(11) / 事(11),811
総長,5,29,16,為る(16) / 有る(14) / トウキョウ(12) / 居る(11) / 事(11),806
制度,5,28,23,為る(19) / 有る(17) / 事(13) / 成る(11) / 国際(10),803
構成,5,28,23,為る(17) / 有る(16) / トウキョウ(15) / 事(13) / 出来る(10),803
本部,5,28,22,為る(20) / 部局(18) / 有る(16) / 居る(13) / 事(12),802
行う,5,27,24,為る(18) / 有る(17) / 必要(13) / 成る(12) / トウキョウ(12),794
科学,5,25,19,有る(12) / 為る(12) / 社会(9) / 居る(9) / 技術(7),769
環境,4,33,22,為る(20) / 有る(19) / 事(16) / トウキョウ(15) / 出来る(14),752
卓越,5,22,18,国際(16) / 為る(15) / 有る(14) / 成る(11) / gri(8),738
教員,5,22,17,為る(14) / 有る(13) / 為(12) / 事(12) / トウキョウ(10),737
人材,5,22,15,為る(18) / 有る(16) / 社会(12) / トウキョウ(12) / 事(12),735
責任,5,22,15,為る(13) / 有る(12) / 事(10) / 為(9) / 出来る(8),735
運営,5,21,18,有る(14) / 為る(14) / トウキョウ(12) / 事(12) / 為(10),728
知,4,28,24,為る(17) / 有る(16) / 社会(13) / 居る(12) / トウキョウ(11),704
持つ,5,19,11,有る(15) / 為る(15) / 事(14) / 居る(13) / トウキョウ(12),701
基礎,5,18,13,為る(12) / 有る(11) / 社会(10) / 事(9) / 居る(8),693
活動,5,18,13,有る(15) / 為る(15) / トウキョウ(11) / 事(11) / 為(10),693
創造,5,16,11,有る(11) / 為る(11) / 社会(8) / 事(8) / 成る(7),671
改革,5,15,15,為る(13) / 有る(12) / トウキョウ(9) / 事(9) / 組織(8),665
支援,5,14,12,有る(13) / 為る(13) / 事(9) / トウキョウ(8) / 強化(7),652
自由,5,14,10,有る(10) / 為る(10) / 成る(8) / トウキョウ(8) / 事(7),650
学内,5,13,11,有る(10) / 為る(10) / 為(8) / トウキョウ(8) / 事(7),641
対する,5,13,11,有る(11) / 為る(11) / 事(9) / 居る(7) / トウキョウ(7),641
行く,4,22,19,為る(17) / 必要(14) / 有る(14) / 事(12) / 考える(11),639
強化,4,21,21,為る(18) / 有る(16) / 事(13) / トウキョウ(12) / 人材(10),631
示す,5,12,9,為る(12) / 有る(11) / 事(10) / 居る(8) / 役割(7),629
担う,5,12,6,為る(11) / 社会(8) / トウキョウ(8) / 有る(8) / 人材(7),626
果たす,5,12,6,為る(11) / 事(10) / 有る(10) / 役割(9) / 居る(9),626
加える,5,11,9,有る(8) / 為る(7) / 為(5) / 必要(5) / トウキョウ(5),619
間,5,9,8,有る(7) / 為る(7) / 事(6) / 考える(5) / 為(5),598
生み出す,5,9,7,有る(8) / 為る(8) / 社会(6) / 事(6) / 因る(4),597
新しい,5,9,6,有る(9) / 為る(8) / 成る(7) / 国際(5) / 必要(5),596
関係,4,18,15,為る(12) / 有る(11) / 為(8) / 必要(8) / 成る(8),595
基づく,5,8,6,有る(7) / 為る(7) / トウキョウ(6) / 物(4) / 無い(4),586
全体,4,17,15,為る(14) / 居る(11) / 有る(11) / 為(10) / 必要(10),585
対応,4,17,13,為る(14) / 有る(11) / 事(9) / 居る(8) / 出来る(7),583
教養,5,8,3,専門(5) / 無い(5) / トウキョウ(5) / 事(5) / 有る(5),583
評価,4,16,14,有る(10) / 為る(10) / トウキョウ(7) / 学術(6) / 為(6),574
進める,4,16,14,為る(14) / 事(13) / 有る(13) / トウキョウ(9) / 居る(8),574
基盤,4,16,13,有る(10) / 為る(10) / 社会(8) / 成る(7) / 国際(6),573
点,4,16,13,有る(13) / 為る(13) / トウキョウ(11) / 言う(8) / 必要(7),573
理解,5,6,5,事(6) / 有る(6) / 為る(6) / 成る(5) / トウキョウ(5),565
上,4,15,11,有る(11) / 為る(11) / 事(9) / トウキョウ(7) / 部局(6),561
向ける,5,5,4,有る(5) / 為る(5) / 成る(4) / 居る(4) / 事(4),554
体制,4,14,13,有る(11) / 為(10) / 為る(10) / 事(9) / 必要(8),553
場,4,14,13,有る(12) / 為る(12) / トウキョウ(11) / 事(10) / 成る(8),553
ai,4,14,11,有る(11) / 為る(11) / 社会(9) / 事(8) / 分野(7),551
gri,4,14,9,為る(11) / 有る(10) / 国際(9) / 卓越(8) / 成る(7),549
技術,4,13,12,為る(11) / 有る(10) / 社会(8) / トウキョウ(8) / 事(8),542
会議,4,13,11,有る(7) / 為る(7) / 居る(6) / 事(5) / 全体(4),541
現在,4,13,11,有る(10) / 為る(10) / トウキョウ(9) / 成る(8) / 居る(8),541
資源,4,13,11,為る(11) / 有る(10) / 事(8) / 社会(7) / 居る(7),541
持続,4,13,10,為る(11) / トウキョウ(8) / 事(8) / 有る(8) / 因る(7),540
海外,4,13,9,為る(10) / 有る(8) / 学生(6) / 国際(6) / 考える(6),539
構築,4,13,8,有る(10) / 為る(10) / 事(8) / 居る(7) / トウキョウ(7),538
決定,4,12,11,有る(8) / 為る(8) / 意思(7) / 為(7) / 必要(6),531
投資,4,12,9,有る(9) / 為る(9) / 因る(6) / 社会(6) / 為(6),529
一,4,12,7,有る(11) / 為る(11) / 居る(8) / 事(8) / 言う(6),527
充実,4,11,8,有る(9) / 為る(9) / 考える(7) / 為(7) / 事(7),518
問う,4,11,8,為る(8) / 居る(7) / 有る(7) / 社会(6) / 無い(5),518
部,4,11,7,有る(8) / 為る(8) / 為(5) / 居る(5) / トウキョウ(5),517
全学,4,10,8,為る(9) / 有る(7) / 部局(5) / 必要(5) / 居る(5),508
成果,4,10,8,為る(9) / 有る(8) / 事(6) / 国際(5) / 出来る(5),508
作る,4,10,7,有る(9) / 為る(9) / 事(7) / 言う(6) / 出来る(6),507
得る,4,10,7,為る(9) / トウキョウ(8) / 有る(8) / 事(7) / 社会(6),507
経験,4,10,3,有る(8) / トウキョウ(7) / 為る(7) / 事(6) / 環境(4),503
良い,4,10,3,為る(6) / 有る(5) / 事(4) / つく(3) / 言う(3),503
コミュニケーション-communication,4,9,9,為(6) / 有る(6) / 為る(6) / 学内(4) / 役割(4),499
活用,4,9,8,為る(8) / 為(7) / 成る(7) / 有る(7) / 必要(6),498
財政,4,9,8,有る(7) / 為る(7) / 基盤(5) / 国際(5) / 居る(5),498
財務,4,9,7,有る(7) / 為る(7) / 支援(5) / 因る(5) / 必要(5),497
大きい,4,9,6,為る(9) / 有る(8) / 居る(7) / トウキョウ(7) / 社会(5),496
推進,4,9,6,社会(6) / 有る(5) / 為る(5) / 連携(4) / 物(4),496
変革,4,9,5,為る(8) / 有る(7) / 成る(6) / 事(6) / 社会(5),495
築く,4,9,5,為る(9) / 有る(7) / トウキョウ(6) / 事(6) / 環境(5),495
通ずる,4,9,5,為る(6) / 社会(5) / 有る(5) / 学び(4) / 専門(4),495
学問,4,9,4,為る(7) / 為(6) / 成る(6) / 有る(6) / 自由(5),494
能力,4,9,3,有る(8) / 為る(8) / 考える(6) / 事(6) / 力(5),493
共,4,8,7,為る(6) / トウキョウ(5) / 事(5) / 有る(5) / 無い(4),487
設計,4,8,7,有る(6) / 為る(6) / 制度(5) / 組織(4) / 考える(4),487
其々,4,8,6,為る(8) / トウキョウ(7) / 事(7) / 有る(7) / 役割(6),486
寄付,4,8,6,有る(7) / 為る(7) / 運用(5) / 無い(5) / 成る(5),486
感,4,8,6,事(7) / 有る(7) / 為る(6) / 役割(4) / 必要(4),486
求める,4,8,6,為る(6) / 必要(5) / 有る(5) / 為(4) / トウキョウ(4),486
続ける,4,8,6,有る(8) / 為る(8) / 社会(6) / 居る(6) / 物(5),486
育成,4,8,5,有る(7) / 為る(7) / 人材(6) / 成る(6) / トウキョウ(5),485
公共,4,8,4,為る(8) / 社会(7) / 有る(7) / トウキョウ(6) / 事(6),484
リベラル-liberal,4,8,3,有る(6) / アート-art(5) / 居る(5) / トウキョウ(5) / 事(5),483
全て,4,8,3,為る(7) / 出来る(6) / 環境(4) / 役割(4) / 無い(4),483
広い,4,7,7,トウキョウ(6) / 為る(6) / 事(5) / 有る(5) / 居る(4),477
留学,4,7,7,事(6) / 有る(6) / 学生(5) / 国際(5) / 為る(5),477
図る,4,7,6,有る(6) / 為る(5) / 充実(4) / 事(4) / 連携(3),476
拡大,4,7,6,為る(7) / 居る(6) / 社会(5) / トウキョウ(5) / 事(5),476
目的,4,7,6,為る(7) / トウキョウ(6) / 事(6) / 有る(6) / 為(5),476
繋ぐ,4,7,5,事(5) / 有る(5) / 為る(5) / 社会(4) / 学内(3),475
アート-art,4,7,2,リベラル-liberal(5) / 有る(5) / 居る(4) / トウキョウ(4) / 事(4),472
課程,4,7,1,専門(5) / 事(4) / 有る(4) / 為る(4) / 後期(3),471
分断,4,6,6,居る(5) / 世界(4) / 役割(4) / 有る(4) / 為る(4),466
学部,4,6,5,有る(6) / 国際(5) / 成る(5) / 為る(5) / 教員(4),465
方向,4,6,5,有る(6) / 為る(6) / 考える(5) / トウキョウ(5) / 事(5),465
現状,4,6,5,居る(6) / トウキョウ(6) / 有る(6) / 為る(6) / 事(5),465
産業,4,6,5,居る(5) / 事(5) / 有る(5) / 為る(5) / 知(4),465
配分,4,6,5,為る(5) / 資源(4) / トウキョウ(4) / 有る(4) / 評価(3),465
活躍,4,6,4,為る(6) / 国際(5) / 有る(5) / 出来る(4) / トウキョウ(4),464
伸ばす,4,6,1,事(5) / 有る(5) / 為る(5) / 出来る(4) / 成る(4),461
先端,4,5,5,トウキョウ(5) / 事(5) / 有る(5) / 為る(5) / 社会(4),455
重点,4,5,5,有る(5) / 為る(5) / トウキョウ(4) / 事(4) / 進める(3),455
一体,4,5,4,トウキョウ(5) / 有る(5) / 構成(4) / 組織(4) / 必要(4),454
地球,4,5,4,有る(4) / 環境(3) / 世界(3) / 成る(3) / 居る(3),454
深い,4,5,4,成る(5) / トウキョウ(5) / 有る(5) / 為る(5) / 社会(4),454
構想,4,5,3,為る(5) / 有る(4) / 国際(3) / 必要(3) / 居る(3),453
加速,4,4,4,トウキョウ(4) / 事(4) / 為る(4) / 居る(3) / 有る(3),444
人文,4,4,3,科学(4) / 社会(4) / 分野(3) / 居る(3) / トウキョウ(3),443
繋がる,4,4,3,充実(2) / 自由(2) / 環境(2) / 世界(2) / 考える(2),443
留まる,4,4,2,有る(4) / 為る(4) / 成る(3) / 事(3) / 洞察(2),442
