term,candidate_count,candidate_prevalence,total_frequency,ohkoshi_frequency,sugano_frequency,someya_frequency,fujigaki_frequency,yamamoto_frequency
為る,5,1.0,510,52,102,87,89,180
有る,5,1.0,247,19,59,24,73,72
事,5,1.0,152,7,46,20,31,48
トウキョウ,5,1.0,114,9,29,16,14,46
居る,5,1.0,111,6,26,12,27,40
成る,5,1.0,90,5,17,7,18,43
必要,5,1.0,72,4,20,6,19,23
社会,5,1.0,72,9,12,21,9,21
為,5,1.0,69,8,14,5,15,27
国際,5,1.0,59,8,13,4,9,25
無い,5,1.0,52,5,17,9,7,14
言う,5,1.0,51,1,17,1,8,24
世界,5,1.0,44,12,3,9,14,6
課題,5,1.0,42,4,8,6,1,23
部局,5,1.0,41,3,5,7,1,25
つく,5,1.0,39,1,18,1,5,14
分野,5,1.0,39,5,14,4,6,10
因る,5,1.0,38,9,8,6,2,13
役割,5,1.0,37,2,12,6,8,9
組織,5,1.0,37,3,4,6,5,19
於く,5,1.0,36,6,15,4,5,6
日本,5,1.0,36,2,3,1,22,8
学術,5,1.0,34,4,3,4,14,9
専門,5,1.0,33,5,7,8,1,12
学生,5,1.0,31,7,3,3,5,13
物,5,1.0,29,4,4,2,8,11
経営,5,1.0,29,2,18,3,4,2
総長,5,1.0,29,1,9,5,3,11
連携,5,1.0,29,6,4,2,8,9
制度,5,1.0,28,2,2,10,5,9
本部,5,1.0,28,3,5,9,2,9
構成,5,1.0,28,1,2,13,8,4
行う,5,1.0,27,3,12,1,1,10
科学,5,1.0,25,6,2,1,11,5
人材,5,1.0,22,6,4,9,1,2
卓越,5,1.0,22,4,5,1,4,8
教員,5,1.0,22,3,10,1,1,7
責任,5,1.0,22,1,5,6,6,4
運営,5,1.0,21,4,5,3,2,7
持つ,5,1.0,19,1,6,4,5,3
基礎,5,1.0,18,4,4,3,2,5
活動,5,1.0,18,2,3,2,2,9
創造,5,1.0,16,8,1,5,1,1
改革,5,1.0,15,1,3,2,1,8
支援,5,1.0,14,5,3,4,1,1
自由,5,1.0,14,2,2,4,1,5
学内,5,1.0,13,3,1,2,6,1
対する,5,1.0,13,2,3,1,2,5
担う,5,1.0,12,3,1,6,1,1
果たす,5,1.0,12,2,2,2,5,1
示す,5,1.0,12,1,1,2,3,5
加える,5,1.0,11,4,1,4,1,1
新しい,5,1.0,9,3,1,1,3,1
生み出す,5,1.0,9,1,1,3,2,2
間,5,1.0,9,3,2,1,2,1
基づく,5,1.0,8,2,1,2,1,2
教養,5,1.0,8,1,2,1,3,1
理解,5,1.0,6,1,2,1,1,1
向ける,5,1.0,5,1,1,1,1,1
考える,4,0.8,61,5,23,0,26,7
出来る,4,0.8,45,0,10,12,9,14
力,4,0.8,42,3,0,13,24,2
環境,4,0.8,33,0,4,12,13,4
知,4,0.8,28,2,0,9,3,14
行く,4,0.8,22,0,14,1,6,1
強化,4,0.8,21,3,10,2,0,6
関係,4,0.8,18,0,5,1,1,11
全体,4,0.8,17,0,5,1,1,10
対応,4,0.8,17,0,3,2,2,10
基盤,4,0.8,16,5,0,4,2,5
点,4,0.8,16,1,5,0,3,7
評価,4,0.8,16,1,0,2,6,7
進める,4,0.8,16,3,6,4,0,3
上,4,0.8,15,0,3,2,1,9
ai,4,0.8,14,2,3,6,0,3
gri,4,0.8,14,1,3,0,3,7
体制,4,0.8,14,3,5,3,0,3
場,4,0.8,14,2,2,0,5,5
会議,4,0.8,13,0,3,1,2,7
技術,4,0.8,13,6,0,2,3,2
持続,4,0.8,13,1,3,2,0,7
構築,4,0.8,13,6,2,3,2,0
海外,4,0.8,13,4,3,3,3,0
現在,4,0.8,13,2,4,0,2,5
資源,4,0.8,13,1,1,4,0,7
一,4,0.8,12,0,3,1,3,5
投資,4,0.8,12,1,3,7,1,0
決定,4,0.8,12,0,2,1,1,8
充実,4,0.8,11,4,1,1,5,0
問う,4,0.8,11,1,0,4,1,5
部,4,0.8,11,6,1,1,3,0
作る,4,0.8,10,0,1,1,4,4
全学,4,0.8,10,1,1,5,0,3
得る,4,0.8,10,0,2,2,3,3
成果,4,0.8,10,0,4,4,1,1
経験,4,0.8,10,1,4,4,1,0
良い,4,0.8,10,0,6,1,2,1
コミュニケーション-communication,4,0.8,9,1,0,1,5,2
変革,4,0.8,9,2,0,2,2,3
大きい,4,0.8,9,0,3,1,1,4
学問,4,0.8,9,1,0,2,1,5
推進,4,0.8,9,2,0,1,1,5
活用,4,0.8,9,2,0,1,1,5
築く,4,0.8,9,0,1,5,1,2
能力,4,0.8,9,1,0,1,5,2
財務,4,0.8,9,1,3,3,2,0
財政,4,0.8,9,1,1,0,1,6
通ずる,4,0.8,9,1,1,6,1,0
リベラル-liberal,4,0.8,8,0,2,2,3,1
全て,4,0.8,8,0,3,3,1,1
公共,4,0.8,8,2,0,3,1,2
共,4,0.8,8,2,0,1,2,3
其々,4,0.8,8,0,1,3,2,2
寄付,4,0.8,8,4,2,1,1,0
感,4,0.8,8,1,4,1,2,0
求める,4,0.8,8,0,2,1,2,3
続ける,4,0.8,8,0,1,3,2,2
育成,4,0.8,8,4,1,0,2,1
設計,4,0.8,8,0,1,2,3,2
アート-art,4,0.8,7,0,1,2,3,1
図る,4,0.8,7,2,1,0,2,2
広い,4,0.8,7,2,2,1,0,2
拡大,4,0.8,7,1,2,1,0,3
留学,4,0.8,7,0,2,1,2,2
目的,4,0.8,7,0,2,1,2,2
繋ぐ,4,0.8,7,0,3,1,1,2
課程,4,0.8,7,2,3,0,1,1
伸ばす,4,0.8,6,0,1,2,1,2
分断,4,0.8,6,1,3,1,0,1
学部,4,0.8,6,2,2,1,0,1
方向,4,0.8,6,1,3,0,1,1
活躍,4,0.8,6,1,0,1,1,3
現状,4,0.8,6,0,2,1,1,2
産業,4,0.8,6,1,1,1,3,0
配分,4,0.8,6,1,0,1,2,2
一体,4,0.8,5,1,1,1,0,2
先端,4,0.8,5,1,0,1,1,2
地球,4,0.8,5,2,1,1,1,0
構想,4,0.8,5,1,0,1,1,2
深い,4,0.8,5,2,1,1,1,0
重点,4,0.8,5,1,1,1,0,2
人文,4,0.8,4,1,1,1,0,1
加速,4,0.8,4,1,1,1,0,1
留まる,4,0.8,4,1,0,1,1,1
繋がる,4,0.8,4,0,1,1,1,1
中,3,0.6,19,0,8,0,9,2
職員,3,0.6,16,0,13,1,0,2
年,3,0.6,15,0,4,0,10,1
整える,3,0.6,15,1,0,8,6,0
状況,3,0.6,14,1,4,0,0,9
述べる,3,0.6,14,0,8,0,3,3
価値,3,0.6,13,6,1,6,0,0
来る,3,0.6,13,0,8,0,4,1
他,3,0.6,11,0,2,0,5,4
場合,3,0.6,11,0,1,0,2,8
学長,3,0.6,11,0,7,0,2,2
業務,3,0.6,11,0,1,4,0,6
人事,3,0.6,10,1,5,0,0,4
信頼,3,0.6,10,0,0,5,2,3
国,3,0.6,10,3,3,0,4,0
高める,3,0.6,10,0,2,2,0,6
人,3,0.6,9,0,1,0,1,7
今後,3,0.6,9,0,2,0,3,4
壁,3,0.6,9,1,0,1,7,0
実現,3,0.6,9,0,1,5,0,3
将来,3,0.6,9,1,5,0,0,3
生かす,3,0.6,9,0,0,3,2,4
関する,3,0.6,9,2,6,0,1,0
予算,3,0.6,8,0,4,0,3,1
取る,3,0.6,8,0,3,1,4,0
循環,3,0.6,8,2,0,3,0,3
情報,3,0.6,8,1,0,0,5,2
成長,3,0.6,8,0,2,5,0,1
発展,3,0.6,8,0,3,0,2,3
議論,3,0.6,8,0,4,0,3,1
イノベーション-innovation,3,0.6,7,3,0,0,3,1
システム-system,3,0.6,7,3,1,0,3,0
世代,3,0.6,7,0,0,2,4,1
文化,3,0.6,7,0,0,1,3,3
水準,3,0.6,7,2,2,3,0,0
知見,3,0.6,7,0,0,1,4,2
維持,3,0.6,7,1,4,0,0,2
解決,3,0.6,7,0,3,1,0,3
関わる,3,0.6,7,0,1,0,2,4
二,3,0.6,6,2,0,0,1,3
以下,3,0.6,6,0,3,0,1,2
会,3,0.6,6,0,2,0,3,1
優れる,3,0.6,6,0,2,3,1,0
判断,3,0.6,6,0,3,1,2,0
利益,3,0.6,6,0,2,0,2,2
効果,3,0.6,6,1,0,1,0,4
含む,3,0.6,6,1,0,1,0,4
支える,3,0.6,6,0,2,3,1,0
改善,3,0.6,6,1,4,1,0,0
方策,3,0.6,6,0,2,0,1,3
既存,3,0.6,6,0,0,3,2,1
時,3,0.6,6,0,2,0,3,1
最大,3,0.6,6,1,1,4,0,0
機能,3,0.6,6,0,1,1,0,4
次,3,0.6,6,0,2,0,1,3
決める,3,0.6,6,0,2,3,0,1
異なる,3,0.6,6,0,0,3,1,2
確保,3,0.6,6,0,1,4,1,0
行政,3,0.6,6,0,1,1,4,0
財源,3,0.6,6,1,3,2,0,0
資金,3,0.6,6,1,3,2,0,0
越える,3,0.6,6,0,2,2,0,2
運用,3,0.6,6,3,1,0,2,0
リーダーシップ-leadership,3,0.6,5,1,0,0,2,2
一方,3,0.6,5,0,2,0,1,2
仕舞う,3,0.6,5,0,1,0,3,1
企業,3,0.6,5,1,3,0,1,0
使命,3,0.6,5,1,0,3,1,0
前,3,0.6,5,0,3,1,1,0
創出,3,0.6,5,1,0,1,0,3
向上,3,0.6,5,0,0,2,1,2
執行,3,0.6,5,2,2,1,0,0
変化,3,0.6,5,0,3,1,0,1
学ぶ,3,0.6,5,0,0,1,3,1
展開,3,0.6,5,1,0,0,1,3
形,3,0.6,5,0,3,1,0,1
形成,3,0.6,5,0,0,1,2,2
意見,3,0.6,5,1,0,1,0,3
政府,3,0.6,5,0,3,1,1,0
整備,3,0.6,5,0,2,2,0,1
機関,3,0.6,5,0,3,0,1,1
深化,3,0.6,5,1,0,1,0,3
発信,3,0.6,5,0,0,2,1,2
相互,3,0.6,5,2,0,0,1,2
知識,3,0.6,5,2,0,2,1,0
総合,3,0.6,5,0,1,2,0,2
規模,3,0.6,5,2,2,0,0,1
視点,3,0.6,5,0,2,1,2,0
視野,3,0.6,5,1,0,3,1,0
長い,3,0.6,5,2,2,1,0,0
開く,3,0.6,5,0,0,1,1,3
エンダウメント,3,0.6,4,2,0,1,1,0
プログラム-program,3,0.6,4,2,1,0,0,1
リスク-risk,3,0.6,4,0,1,1,0,2
上げる,3,0.6,4,0,1,0,1,2
付く,3,0.6,4,0,1,0,2,1
切る,3,0.6,4,0,1,1,2,0
基準,3,0.6,4,0,1,1,0,2
増やす,3,0.6,4,0,2,1,1,0
多く,3,0.6,4,1,1,0,2,0
強い,3,0.6,4,0,0,1,1,2
拡充,3,0.6,4,1,2,0,0,1
最高,3,0.6,4,2,1,1,0,0
構造,3,0.6,4,1,0,1,0,2
渡る,3,0.6,4,1,2,0,0,1
理念,3,0.6,4,1,0,2,0,1
立つ,3,0.6,4,0,0,1,2,1
経済,3,0.6,4,1,1,0,2,0
自律,3,0.6,4,0,1,2,0,1
負う,3,0.6,4,0,1,2,0,1
軸,3,0.6,4,0,1,2,1,0
通り,3,0.6,4,0,0,1,2,1
進む,3,0.6,4,1,2,0,1,0
集中,3,0.6,4,0,1,2,0,1
高い,3,0.6,4,0,2,1,0,1
utokyo,3,0.6,3,1,0,1,1,0
モデル-model,3,0.6,3,1,0,1,0,1
中堅,3,0.6,3,0,1,1,1,0
作り,3,0.6,3,0,1,1,1,0
候補,3,0.6,3,0,1,1,0,1
共有,3,0.6,3,0,0,1,1,1
分析,3,0.6,3,0,1,0,1,1
合わせる,3,0.6,3,1,1,0,0,1
含める,3,0.6,3,0,1,0,1,1
固定,3,0.6,3,0,1,1,1,0
国内,3,0.6,3,0,1,0,1,1
変動,3,0.6,3,0,1,1,0,1
奉仕,3,0.6,3,0,0,1,1,1
実務,3,0.6,3,1,0,1,0,1
常,3,0.6,3,0,1,1,1,0
政策,3,0.6,3,1,1,0,1,0
歴史,3,0.6,3,0,1,1,0,1
民主,3,0.6,3,0,1,0,1,1
気候,3,0.6,3,0,1,1,0,1
特性,3,0.6,3,0,1,1,0,1
生成,3,0.6,3,0,1,1,1,0
留める,3,0.6,3,0,1,1,0,1
結集,3,0.6,3,1,0,1,1,0
設備,3,0.6,3,1,0,0,1,1
際,3,0.6,3,0,1,0,1,1
高齢,3,0.6,3,1,1,0,0,1
ガバナンス-governance,2,0.4,22,0,0,4,0,18
プロセス-process,2,0.4,20,0,1,0,0,19
問題,2,0.4,15,0,0,1,0,14
utd,2,0.4,11,2,0,0,0,9
ユニット-unit,2,0.4,11,2,0,0,0,9
人類,2,0.4,11,0,0,5,6,0
法人,2,0.4,11,0,3,0,0,8
法,2,0.4,10,0,0,2,0,8
現場,2,0.4,10,0,0,6,0,4
目標,2,0.4,10,0,0,3,0,7
意思,2,0.4,9,0,0,1,0,8
効率,2,0.4,8,0,1,0,0,7
学知,2,0.4,8,5,0,0,0,3
施設,2,0.4,8,0,4,0,0,4
産,2,0.4,8,5,0,3,0,0
管理,2,0.4,8,0,1,0,0,7
見る,2,0.4,8,0,5,0,0,3
観点,2,0.4,8,0,3,0,0,5
還元,2,0.4,8,0,4,4,0,0
長期,2,0.4,8,0,3,5,0,0
領域,2,0.4,8,0,0,4,0,4
体,2,0.4,7,0,0,0,1,6
像,2,0.4,7,0,5,0,2,0
尊重,2,0.4,7,1,0,6,0,0
of,2,0.4,6,1,0,0,5,0
サポート-support,2,0.4,6,2,4,0,0,0
リーダー-leader,2,0.4,6,0,0,3,3,0
取り組む,2,0.4,6,0,0,3,0,3
外部,2,0.4,6,0,4,2,0,0
所与,2,0.4,6,0,0,0,5,1
比率,2,0.4,6,0,5,0,0,1
潜在,2,0.4,6,0,0,1,5,0
確立,2,0.4,6,0,0,4,0,2
米国,2,0.4,6,0,3,0,3,0
認識,2,0.4,6,0,1,0,0,5
開発,2,0.4,6,0,0,0,2,4
トップ-top,2,0.4,5,0,0,0,4,1
一人一人,2,0.4,5,1,0,4,0,0
中長期,2,0.4,5,0,3,0,2,0
以上,2,0.4,5,0,1,0,0,4
伝達,2,0.4,5,1,0,0,4,0
出る,2,0.4,5,0,4,0,1,0
分担,2,0.4,5,0,2,0,0,3
危機,2,0.4,5,0,2,0,0,3
同時,2,0.4,5,0,0,2,3,0
国立,2,0.4,5,0,2,0,0,3
変える,2,0.4,5,0,2,0,3,0
多い,2,0.4,5,0,2,0,3,0
対立,2,0.4,5,0,2,0,0,3
教職員,2,0.4,5,3,0,0,0,2
方針,2,0.4,5,0,0,0,1,4
時代,2,0.4,5,0,1,4,0,0
本来,2,0.4,5,0,0,2,0,3
権限,2,0.4,5,0,3,0,0,2
発揮,2,0.4,5,1,0,4,0,0
発生,2,0.4,5,0,0,0,2,3
自ら,2,0.4,5,2,0,3,0,0
要する,2,0.4,5,0,0,3,0,2
設置,2,0.4,5,3,0,0,0,2
the,2,0.4,4,0,1,0,3,0
wings,2,0.4,4,3,0,0,0,1
キャリア-career,2,0.4,4,0,2,0,0,2
キャンパス-campus,2,0.4,4,0,0,3,1,0
先導,2,0.4,4,0,0,2,0,2
喫緊,2,0.4,4,0,0,1,0,3
境界,2,0.4,4,0,0,2,2,0
増す,2,0.4,4,0,3,1,0,0
変更,2,0.4,4,0,0,1,0,3
学び,2,0.4,4,0,1,3,0,0
学外,2,0.4,4,0,0,0,3,1
安全,2,0.4,4,0,0,2,0,2
対話,2,0.4,4,1,0,3,0,0
広げる,2,0.4,4,0,0,1,0,3
必須,2,0.4,4,0,3,0,1,0
応ずる,2,0.4,4,0,3,1,0,0
戦略,2,0.4,4,0,3,1,0,0
担当,2,0.4,4,0,1,0,0,3
指摘,2,0.4,4,0,0,0,1,3
授業,2,0.4,4,0,1,0,0,3
探究,2,0.4,4,1,0,3,0,0
施策,2,0.4,4,0,3,0,1,0
時間,2,0.4,4,0,1,3,0,0
牽引,2,0.4,4,0,0,0,1,3
知財,2,0.4,4,0,1,3,0,0
策定,2,0.4,4,0,3,0,0,1
継承,2,0.4,4,0,0,1,3,0
繋げる,2,0.4,4,3,0,1,0,0
育てる,2,0.4,4,0,0,2,0,2
自然,2,0.4,4,1,0,0,0,3
自身,2,0.4,4,0,2,2,0,0
若手,2,0.4,4,1,0,3,0,0
質,2,0.4,4,0,0,1,0,3
遺産,2,0.4,4,0,0,1,3,0
限る,2,0.4,4,0,0,1,3,0
面,2,0.4,4,0,2,0,0,2
dx,2,0.4,3,2,0,1,0,0
スタートアップ-start-up,2,0.4,3,0,0,2,1,0
ステークホルダー-stakeholder,2,0.4,3,0,1,0,0,2
ダブル-double,2,0.4,3,2,0,0,0,1
ディグリー-degree,2,0.4,3,2,0,0,0,1
プラットホーム-platform,2,0.4,3,1,2,0,0,0
一貫,2,0.4,3,1,0,0,0,2
中心,2,0.4,3,0,1,0,0,2
中核,2,0.4,3,0,2,1,0,0
主義,2,0.4,3,0,2,0,1,0
事業,2,0.4,3,0,0,1,0,2
交付,2,0.4,3,1,2,0,0,0
人間,2,0.4,3,0,2,1,0,0
今,2,0.4,3,0,0,2,1,0
仕組み,2,0.4,3,0,1,2,0,0
付ける,2,0.4,3,1,0,0,2,0
伴う,2,0.4,3,0,0,1,0,2
余地,2,0.4,3,0,2,0,0,1
使う,2,0.4,3,0,0,2,1,0
修士,2,0.4,3,2,0,0,0,1
具体,2,0.4,3,0,0,0,1,2
内,2,0.4,3,0,1,0,2,0
初代,2,0.4,3,0,1,0,2,0
別,2,0.4,3,0,0,0,2,1
削ぐ,2,0.4,3,0,0,0,1,2
前提,2,0.4,3,0,2,1,0,0
努力,2,0.4,3,0,1,0,2,0
参画,2,0.4,3,2,0,0,0,1
反映,2,0.4,3,0,0,0,1,2
問い,2,0.4,3,2,0,0,1,0
基本,2,0.4,3,0,0,1,0,2
学修,2,0.4,3,0,2,0,0,1
安定,2,0.4,3,1,0,2,0,0
工学,2,0.4,3,1,0,2,0,0
後期,2,0.4,3,0,2,0,1,0
情勢,2,0.4,3,0,1,0,2,0
意味,2,0.4,3,0,0,0,1,2
所属,2,0.4,3,2,0,0,0,1
抱える,2,0.4,3,2,1,0,0,0
指標,2,0.4,3,0,0,0,1,2
提供,2,0.4,3,1,0,0,2,0
政治,2,0.4,3,0,2,0,0,1
数,2,0.4,3,0,2,0,1,0
整理,2,0.4,3,0,0,1,0,2
根拠,2,0.4,3,0,0,2,1,0
検討,2,0.4,3,0,2,0,0,1
機構,2,0.4,3,0,0,0,2,1
欧米,2,0.4,3,0,2,0,1,0
民間,2,0.4,3,1,2,0,0,0
獲得,2,0.4,3,0,1,2,0,0
用いる,2,0.4,3,0,0,0,2,1
申請,2,0.4,3,0,2,0,1,0
目指す,2,0.4,3,0,2,1,0,0
真価,2,0.4,3,0,0,2,0,1
知る,2,0.4,3,2,0,0,1,0
継続,2,0.4,3,0,0,1,0,2
繰り返す,2,0.4,3,0,1,0,2,0
自分,2,0.4,3,0,1,0,2,0
裁量,2,0.4,3,0,1,2,0,0
要請,2,0.4,3,0,1,0,0,2
言語,2,0.4,3,0,0,2,0,1
説く,2,0.4,3,0,0,0,1,2
説明,2,0.4,3,0,0,2,0,1
負担,2,0.4,3,0,2,0,0,1
身,2,0.4,3,1,0,0,2,0
選択,2,0.4,3,0,1,0,0,2
避ける,2,0.4,3,0,0,0,1,2
重ねる,2,0.4,3,0,0,1,0,2
重視,2,0.4,3,0,0,2,0,1
鍛える,2,0.4,3,1,0,2,0,0
顕在,2,0.4,3,0,2,0,1,0
college,2,0.4,2,1,0,0,1,0
design,2,0.4,2,1,0,0,1,0
global,2,0.4,2,0,1,0,1,0
i,2,0.4,2,1,1,0,0,0
research,2,0.4,2,0,1,0,1,0
world,2,0.4,2,1,0,0,1,0
アイディア-idea,2,0.4,2,0,0,1,1,0
アカデミア-academia,2,0.4,2,0,0,1,1,0
インテリジェンス-intelligence,2,0.4,2,1,0,1,0,0
インパクト-impact,2,0.4,2,1,0,1,0,0
データ-data,2,0.4,2,1,0,1,0,0
ネットワーク-network,2,0.4,2,0,0,0,1,1
プレゼンス-presence,2,0.4,2,0,0,0,1,1
マネージメント-management,2,0.4,2,1,0,0,1,0
ランキング-ranking,2,0.4,2,0,1,0,0,1
リカレント-recurrent,2,0.4,2,0,1,0,1,0
不安,2,0.4,2,0,0,1,1,0
与える,2,0.4,2,1,0,0,1,0
事実,2,0.4,2,0,1,1,0,0
人口,2,0.4,2,0,1,0,0,1
付属,2,0.4,2,1,0,0,1,0
代表,2,0.4,2,0,0,1,1,0
低下,2,0.4,2,0,1,0,0,1
体系,2,0.4,2,1,0,0,1,0
作り込む,2,0.4,2,0,0,0,1,1
保つ,2,0.4,2,0,0,0,1,1
個人,2,0.4,2,0,0,1,0,1
個性,2,0.4,2,0,0,1,0,1
倫理,2,0.4,2,0,0,1,1,0
働く,2,0.4,2,0,1,1,0,0
先進,2,0.4,2,0,1,0,1,0
入れる,2,0.4,2,0,1,0,1,0
入試,2,0.4,2,1,1,0,0,0
切り開く,2,0.4,2,1,0,1,0,0
刺激,2,0.4,2,0,1,1,0,0
削減,2,0.4,2,0,1,0,0,1
前期,2,0.4,2,0,1,0,1,0
加わる,2,0.4,2,0,1,0,0,1
労働,2,0.4,2,0,1,0,1,0
医学,2,0.4,2,1,1,0,0,0
厳しい,2,0.4,2,0,0,1,0,1
取り組み,2,0.4,2,0,1,0,0,1
取り除く,2,0.4,2,0,0,1,1,0
取れる,2,0.4,2,0,1,0,1,0
可視,2,0.4,2,1,0,0,1,0
合う,2,0.4,2,0,0,1,0,1
同僚,2,0.4,2,0,1,0,1,0
問い直す,2,0.4,2,0,0,1,0,1
国内外,2,0.4,2,0,0,0,1,1
国家,2,0.4,2,0,1,0,0,1
国民,2,0.4,2,1,0,0,1,0
地域,2,0.4,2,0,0,1,0,1
地政,2,0.4,2,1,0,1,0,0
基金,2,0.4,2,1,0,0,1,0
大型,2,0.4,2,1,0,1,0,0
失う,2,0.4,2,0,0,1,0,1
好奇,2,0.4,2,1,0,1,0,0
委員,2,0.4,2,0,0,0,1,1
学習,2,0.4,2,0,0,1,1,0
定義,2,0.4,2,0,1,0,1,0
実装,2,0.4,2,0,1,0,0,1
対象,2,0.4,2,0,1,0,0,1
幅,2,0.4,2,0,1,0,0,1
強み,2,0.4,2,0,1,0,0,1
当てる,2,0.4,2,0,1,0,1,0
待つ,2,0.4,2,0,1,0,1,0
徹底,2,0.4,2,0,1,1,0,0
忘れる,2,0.4,2,0,1,0,1,0
応用,2,0.4,2,1,0,0,1,0
思想,2,0.4,2,0,1,1,0,0
患者,2,0.4,2,1,0,0,1,0
手段,2,0.4,2,1,0,0,0,1
手続き,2,0.4,2,0,0,1,0,1
抑,2,0.4,2,0,1,0,0,1
拠点,2,0.4,2,1,0,0,1,0
指導,2,0.4,2,0,0,0,1,1
挑戦,2,0.4,2,1,0,1,0,0
捕らえる,2,0.4,2,0,0,1,0,1
採用,2,0.4,2,0,1,0,0,1
提案,2,0.4,2,1,0,0,0,1
損なう,2,0.4,2,0,0,1,0,1
教授,2,0.4,2,1,1,0,0,0
文理,2,0.4,2,1,0,1,0,0
方法,2,0.4,2,1,0,0,0,1
最終,2,0.4,2,0,0,1,0,1
未来,2,0.4,2,1,0,1,0,0
未知,2,0.4,2,1,0,1,0,0
格差,2,0.4,2,1,0,1,0,0
梶,2,0.4,2,0,1,0,1,0
概念,2,0.4,2,0,1,0,1,0
機会,2,0.4,2,0,1,1,0,0
決断,2,0.4,2,0,0,1,0,1
洞察,2,0.4,2,1,0,0,1,0
派遣,2,0.4,2,1,1,0,0,0
減少,2,0.4,2,0,1,0,0,1
源泉,2,0.4,2,1,0,1,0,0
準備,2,0.4,2,0,0,0,1,1
理由,2,0.4,2,0,1,0,1,0
生ずる,2,0.4,2,0,0,1,0,1
生まれる,2,0.4,2,0,1,0,0,1
発表,2,0.4,2,0,0,0,1,1
監視,2,0.4,2,0,0,1,0,1
科長,2,0.4,2,0,0,1,0,1
移行,2,0.4,2,0,1,1,0,0
積極,2,0.4,2,1,0,0,1,0
立てる,2,0.4,2,1,0,0,0,1
立場,2,0.4,2,0,0,1,1,0
答える,2,0.4,2,0,1,0,0,1
緊張,2,0.4,2,1,0,1,0,0
置く,2,0.4,2,0,0,0,1,1
考慮,2,0.4,2,0,1,0,1,0
自立,2,0.4,2,0,1,1,0,0
至る,2,0.4,2,0,1,0,0,1
表面,2,0.4,2,0,1,0,0,1
衰退,2,0.4,2,0,1,0,1,0
複雑,2,0.4,2,1,1,0,0,0
要素,2,0.4,2,0,1,0,0,1
見出だす,2,0.4,2,1,0,1,0,0
解,2,0.4,2,0,0,1,0,1
訳,2,0.4,2,0,1,0,1,0
説得,2,0.4,2,0,1,0,1,0
調整,2,0.4,2,0,1,0,0,1
講ずる,2,0.4,2,0,0,1,1,0
負託,2,0.4,2,1,0,0,1,0
費用,2,0.4,2,0,1,0,0,1
距離,2,0.4,2,0,0,0,1,1
踏まえる,2,0.4,2,1,0,1,0,0
輩出,2,0.4,2,1,0,1,0,0
迎える,2,0.4,2,0,0,1,0,1
逆,2,0.4,2,0,1,0,0,1
過程,2,0.4,2,0,0,1,0,1
道筋,2,0.4,2,0,0,1,0,1
違い,2,0.4,2,0,0,0,1,1
邁進,2,0.4,2,0,0,1,1,0
部門,2,0.4,2,0,0,0,1,1
長ける,2,0.4,2,0,1,1,0,0
間接,2,0.4,2,0,0,0,1,1
雇用,2,0.4,2,0,1,0,0,1
養う,2,0.4,2,1,1,0,0,0
高まる,2,0.4,2,0,1,0,0,1
コンセプト-concept,1,0.2,9,0,0,0,9,0
シナジー-synergy,1,0.2,7,0,0,0,0,7
生む,1,0.2,6,0,0,0,0,6
計画,1,0.2,6,0,0,0,0,6
メーキング-making,1,0.2,5,0,0,0,5,0
例,1,0.2,5,0,0,0,0,5
思う,1,0.2,5,0,5,0,0,0
程度,1,0.2,5,0,5,0,0,0
認定,1,0.2,5,0,0,0,0,5
選考,1,0.2,5,0,0,0,0,5
障害,1,0.2,5,0,5,0,0,0
個々,1,0.2,4,0,0,0,0,4
共同,1,0.2,4,4,0,0,0,0
助成,1,0.2,4,0,4,0,0,0
助言,1,0.2,4,0,0,0,4,0
受け入れる,1,0.2,4,0,4,0,0,0
増える,1,0.2,4,0,0,0,0,4
学際,1,0.2,4,0,0,0,0,4
宣言,1,0.2,4,0,0,0,4,0
新設,1,0.2,4,4,0,0,0,0
牽制,1,0.2,4,0,0,0,0,4
状態,1,0.2,4,0,4,0,0,0
省庁,1,0.2,4,0,0,0,4,0
社,1,0.2,4,0,0,0,0,4
科類,1,0.2,4,0,4,0,0,0
gx,1,0.2,3,3,0,0,0,0
ジェンダー-gender,1,0.2,3,0,3,0,0,0
テーマ-theme,1,0.2,3,0,0,0,0,3
リード-lead,1,0.2,3,0,0,0,3,0
事項,1,0.2,3,0,3,0,0,0
代謝,1,0.2,3,0,3,0,0,0
協創,1,0.2,3,0,0,3,0,0
協力,1,0.2,3,0,0,0,0,3
博士,1,0.2,3,3,0,0,0,0
厚生,1,0.2,3,0,0,0,3,0
合議,1,0.2,3,0,0,0,0,3
名,1,0.2,3,0,3,0,0,0
変わる,1,0.2,3,0,3,0,0,0
安心,1,0.2,3,0,0,3,0,0
憲章,1,0.2,3,0,0,0,3,0
所,1,0.2,3,0,3,0,0,0
抜本,1,0.2,3,0,3,0,0,0
整合,1,0.2,3,0,0,0,0,3
新陳,1,0.2,3,0,3,0,0,0
期待,1,0.2,3,0,3,0,0,0
本質,1,0.2,3,0,0,3,0,0
根本,1,0.2,3,0,0,0,0,3
標語,1,0.2,3,0,0,0,0,3
残す,1,0.2,3,0,0,0,0,3
無し,1,0.2,3,0,0,0,0,3
特定,1,0.2,3,0,0,0,0,3
留意,1,0.2,3,0,0,0,0,3
究極,1,0.2,3,0,0,0,0,3
考え,1,0.2,3,0,3,0,0,0
育む,1,0.2,3,0,0,0,0,3
英語,1,0.2,3,0,0,0,0,3
見直し,1,0.2,3,0,3,0,0,0
資産,1,0.2,3,3,0,0,0,0
質問,1,0.2,3,0,0,0,0,3
部署,1,0.2,3,0,0,0,0,3
鑑みる,1,0.2,3,0,0,0,0,3
集まる,1,0.2,3,0,0,0,3,0
難しい,1,0.2,3,0,0,0,0,3
項,1,0.2,3,0,0,0,0,3
endowment,1,0.2,2,0,2,0,0,0
japan,1,0.2,2,0,0,0,2,0
kerr,1,0.2,2,0,2,0,0,0
science,1,0.2,2,0,0,0,2,0
インフラ-infrastructure,1,0.2,2,0,0,0,0,2
エリート-elite,1,0.2,2,0,0,0,2,0
クラス-class,1,0.2,2,0,0,0,2,0
グループ-group,1,0.2,2,0,0,0,0,2
コンテンツ-contents,1,0.2,2,0,2,0,0,0
サイエンス-science,1,0.2,2,2,0,0,0,0
チャレンジング-challenging,1,0.2,2,0,0,0,0,2
ドア-door,1,0.2,2,2,0,0,0,0
パス-pass,1,0.2,2,0,2,0,0,0
プロ-pro,1,0.2,2,0,2,0,0,0
ボスト,1,0.2,2,0,2,0,0,0
ポートフォリオ-portfolio,1,0.2,2,0,2,0,0,0
リオ-rio,1,0.2,2,0,0,0,2,0
リソース-resource,1,0.2,2,0,0,2,0,0
一律,1,0.2,2,0,0,2,0,0
両面,1,0.2,2,2,0,0,0,0
事前,1,0.2,2,0,0,0,2,0
交換,1,0.2,2,0,0,0,0,2
交流,1,0.2,2,0,0,0,2,0
人員,1,0.2,2,0,0,0,0,2
今回,1,0.2,2,0,2,0,0,0
任務,1,0.2,2,0,0,0,0,2
伏流,1,0.2,2,0,0,0,2,0
低い,1,0.2,2,0,2,0,0,0
側面,1,0.2,2,0,0,0,2,0
備える,1,0.2,2,0,0,2,0,0
傾向,1,0.2,2,0,0,0,2,0
優先,1,0.2,2,0,0,0,0,2
元,1,0.2,2,0,0,0,2,0
共通,1,0.2,2,0,0,0,0,2
再編,1,0.2,2,0,0,0,2,0
処遇,1,0.2,2,0,2,0,0,0
初期,1,0.2,2,0,0,0,0,2
利用,1,0.2,2,0,0,0,0,2
医療,1,0.2,2,2,0,0,0,0
協働,1,0.2,2,0,0,2,0,0
単位,1,0.2,2,0,0,0,0,2
原則,1,0.2,2,0,0,0,2,0
原子,1,0.2,2,0,0,0,2,0
友人,1,0.2,2,0,2,0,0,0
双方,1,0.2,2,0,2,0,0,0
取り入れる,1,0.2,2,0,2,0,0,0
取り合い,1,0.2,2,0,0,0,0,2
受ける,1,0.2,2,0,0,0,0,2
向かう,1,0.2,2,0,2,0,0,0
周年,1,0.2,2,0,0,0,2,0
呼び込む,1,0.2,2,0,0,2,0,0
回転,1,0.2,2,2,0,0,0,0
困難,1,0.2,2,0,0,0,0,2
地震,1,0.2,2,0,0,0,2,0
増大,1,0.2,2,0,0,0,0,2
増強,1,0.2,2,0,0,0,0,2
多面,1,0.2,2,0,0,0,0,2
夫,1,0.2,2,0,2,0,0,0
女性,1,0.2,2,0,2,0,0,0
存在,1,0.2,2,0,0,0,2,0
学力,1,0.2,2,0,0,2,0,0
実行,1,0.2,2,0,0,2,0,0
実践,1,0.2,2,2,0,0,0,0
尖る,1,0.2,2,0,0,0,0,2
屈指,1,0.2,2,2,0,0,0,0
工夫,1,0.2,2,0,0,0,2,0
市民,1,0.2,2,0,0,0,2,0
年度,1,0.2,2,0,2,0,0,0
幾,1,0.2,2,0,2,0,0,0
度,1,0.2,2,0,0,0,2,0
引き付ける,1,0.2,2,0,0,0,0,2
当たる,1,0.2,2,0,0,0,0,2
後,1,0.2,2,0,0,0,0,2
従う,1,0.2,2,0,0,0,2,0
心,1,0.2,2,0,0,0,2,0
息,1,0.2,2,2,0,0,0,0
揺らぐ,1,0.2,2,0,0,0,2,0
数値,1,0.2,2,0,0,0,0,2
文部,1,0.2,2,0,0,0,2,0
旨い,1,0.2,2,0,0,0,2,0
最新,1,0.2,2,0,0,0,2,0
来日,1,0.2,2,0,0,0,2,0
案件,1,0.2,2,0,0,0,0,2
横断,1,0.2,2,0,0,0,0,2
次代,1,0.2,2,0,0,2,0,0
津波,1,0.2,2,0,0,0,2,0
活力,1,0.2,2,0,0,0,0,2
流れ,1,0.2,2,0,2,0,0,0
熟す,1,0.2,2,0,0,2,0,0
父,1,0.2,2,0,2,0,0,0
特徴,1,0.2,2,0,0,0,0,2
理事,1,0.2,2,0,2,0,0,0
疑問,1,0.2,2,0,2,0,0,0
監察,1,0.2,2,0,0,0,0,2
相反,1,0.2,2,0,0,0,0,2
科研,1,0.2,2,0,2,0,0,0
組み合わせる,1,0.2,2,2,0,0,0,0
結果,1,0.2,2,0,0,2,0,0
統合,1,0.2,2,0,0,0,0,2
職位,1,0.2,2,0,2,0,0,0
職場,1,0.2,2,0,2,0,0,0
自信,1,0.2,2,0,0,2,0,0
装置,1,0.2,2,0,0,0,2,0
補う,1,0.2,2,0,2,0,0,0
複数,1,0.2,2,0,2,0,0,0
規定,1,0.2,2,0,2,0,0,0
設定,1,0.2,2,0,0,0,0,2
課,1,0.2,2,0,0,0,2,0
諸種,1,0.2,2,0,0,0,0,2
警戒,1,0.2,2,0,0,0,2,0
貢献,1,0.2,2,0,0,2,0,0
責務,1,0.2,2,0,0,2,0,0
質量,1,0.2,2,0,0,0,0,2
送り出す,1,0.2,2,0,0,2,0,0
遣る,1,0.2,2,0,2,0,0,0
醸成,1,0.2,2,0,0,0,0,2
閉じる,1,0.2,2,0,0,0,2,0
開拓,1,0.2,2,2,0,0,0,0
関与,1,0.2,2,0,2,0,0,0
集う,1,0.2,2,0,0,2,0,0
響き合う,1,0.2,2,0,0,2,0,0
頂く,1,0.2,2,0,0,0,0,2
駆動,1,0.2,2,0,0,0,2,0
魅力,1,0.2,2,0,0,0,0,2
agency,1,0.2,1,0,0,0,1,0
asean,1,0.2,1,1,0,0,0,0
berkeley,1,0.2,1,0,1,0,0,0
clark,1,0.2,1,0,1,0,0,0
comon,1,0.2,1,0,0,0,1,0
council,1,0.2,1,0,0,0,1,0
de,1,0.2,1,0,1,0,0,0
dean,1,0.2,1,1,0,0,0,0
dei,1,0.2,1,1,0,0,0,0
dialogue,1,0.2,1,1,0,0,0,0
ebpm,1,0.2,1,0,0,0,0,1
enterprise,1,0.2,1,0,0,1,0,0
for,1,0.2,1,0,0,0,1,0
funding,1,0.2,1,0,0,0,1,0
graduate,1,0.2,1,1,0,0,0,0
ii,1,0.2,1,1,0,0,0,0
iii,1,0.2,1,1,0,0,0,0
infrastructure,1,0.2,1,0,0,0,1,0
innovative,1,0.2,1,1,0,0,0,0
integrate,1,0.2,1,0,1,0,0,0
iv,1,0.2,1,1,0,0,0,0
leading,1,0.2,1,1,0,0,0,0
liberate,1,0.2,1,0,0,0,1,0
off,1,0.2,1,0,1,0,0,0
one,1,0.2,1,0,0,0,1,0
open,1,0.2,1,1,0,0,0,0
payout,1,0.2,1,0,1,0,0,0
peak,1,0.2,1,0,0,0,1,0
pi,1,0.2,1,0,0,0,1,0
plus,1,0.2,1,1,0,0,0,0
president,1,0.2,1,1,0,0,0,0
program,1,0.2,1,1,0,0,0,0
promotion,1,0.2,1,0,0,0,1,0
qs,1,0.2,1,0,1,0,0,0
rfp,1,0.2,1,0,1,0,0,0
rri,1,0.2,1,0,0,0,1,0
sdgs,1,0.2,1,1,0,0,0,0
society,1,0.2,1,0,0,0,1,0
solution,1,0.2,1,0,0,0,1,0
spin,1,0.2,1,0,1,0,0,0
spring,1,0.2,1,1,0,0,0,0
sts,1,0.2,1,0,0,0,1,0
study,1,0.2,1,1,0,0,0,0
top,1,0.2,1,0,0,0,1,0
uc,1,0.2,1,0,1,0,0,0
universities,1,0.2,1,0,0,0,1,0
v,1,0.2,1,1,0,0,0,0
vi,1,0.2,1,1,0,0,0,0
vice,1,0.2,1,1,0,0,0,0
vii,1,0.2,1,1,0,0,0,0
viii,1,0.2,1,1,0,0,0,0
ずれる,1,0.2,1,0,0,0,1,0
アジア-asia,1,0.2,1,0,1,0,0,0
アジェンダ-agenda,1,0.2,1,0,0,0,1,0
アップ-up,1,0.2,1,0,0,0,0,1
アップデート-update,1,0.2,1,0,1,0,0,0
アドミッション-admission,1,0.2,1,1,0,0,0,0
アファーマティブ-affirmative,1,0.2,1,0,1,0,0,0
アポイントメント-appointment,1,0.2,1,1,0,0,0,0
アメリカ-america,1,0.2,1,0,1,0,0,0
アントレプレナー-entrepreneur,1,0.2,1,1,0,0,0,0
インクルーシブ-inclusive,1,0.2,1,0,1,0,0,0
インクルージョン,1,0.2,1,0,1,0,0,0
インターンシップ-internship,1,0.2,1,1,0,0,0,0
インテグリティー,1,0.2,1,0,0,1,0,0
インド-india,1,0.2,1,1,0,0,0,0
インフレ-inflation,1,0.2,1,0,1,0,0,0
エネルギー-energy,1,0.2,1,0,1,0,0,0
エンジニア-engineer,1,0.2,1,1,0,0,0,0
オウシュウ-外国,1,0.2,1,0,0,0,1,0
オックスフォード-oxford,1,0.2,1,0,0,0,1,0
オペラ-opera,1,0.2,1,0,1,0,0,0
カリキュラム-curriculum,1,0.2,1,0,0,0,0,1
カンノ,1,0.2,1,0,1,0,0,0
キュウ,1,0.2,1,0,0,0,1,0
キョウト,1,0.2,1,0,0,0,1,0
クロース-cloth,1,0.2,1,1,0,0,0,0
コスト-cost,1,0.2,1,0,0,0,0,1
コマバ,1,0.2,1,0,0,0,1,0
コンピューティング-computing,1,0.2,1,1,0,0,0,0
サイクル-cycle,1,0.2,1,0,0,0,0,1
サイド-side,1,0.2,1,0,1,0,0,0
サウス-south,1,0.2,1,1,0,0,0,0
サブ-sub,1,0.2,1,0,0,0,0,1
シゲル,1,0.2,1,0,0,0,1,0
シップ-ship,1,0.2,1,1,0,0,0,0
シニア-senior,1,0.2,1,0,0,1,0,0
シミュレーション-simulation,1,0.2,1,0,0,0,0,1
ジャーナル-journal,1,0.2,1,0,0,0,0,1
スタイル-style,1,0.2,1,0,1,0,0,0
スタンス-stance,1,0.2,1,0,0,0,0,1
スピード-speed,1,0.2,1,0,1,0,0,0
スペース-space,1,0.2,1,0,1,0,0,0
セキュリティー-security,1,0.2,1,1,0,0,0,0
セレモニー-ceremony,1,0.2,1,0,1,0,0,0
センター-center,1,0.2,1,0,0,0,0,1
ソメヤ,1,0.2,1,0,0,1,0,0
タイワン,1,0.2,1,1,0,0,0,0
タグ-tag,1,0.2,1,0,1,0,0,0
ダウン-down,1,0.2,1,0,0,0,0,1
チェック-check,1,0.2,1,0,0,0,0,1
チャージ-charge,1,0.2,1,0,1,0,0,0
チーム-team,1,0.2,1,0,0,1,0,0
テック-technical,1,0.2,1,1,0,0,0,0
ディスカッション-discussion,1,0.2,1,0,1,0,0,0
ディープ-deep,1,0.2,1,1,0,0,0,0
データーベース-database,1,0.2,1,0,1,0,0,0
トヤマ,1,0.2,1,0,0,0,1,0
ナンバラ,1,0.2,1,0,0,0,1,0
ニューマン-newman,1,0.2,1,0,0,0,1,0
ニーズ-needs,1,0.2,1,0,1,0,0,0
ノーベル-nobel,1,0.2,1,0,1,0,0,0
ハシモト,1,0.2,1,0,0,0,1,0
ハラスメント-harassment,1,0.2,1,0,0,0,0,1
バックグラウンド-background,1,0.2,1,0,0,0,0,1
バランス-balance,1,0.2,1,0,1,0,0,0
バリア-barrier,1,0.2,1,1,0,0,0,0
パンデミック-pandemic,1,0.2,1,0,0,0,0,1
パートナー-partner,1,0.2,1,0,0,0,1,0
ヒデキ,1,0.2,1,0,0,0,1,0
ピーク-peak,1,0.2,1,0,0,0,0,1
フォーラム-forum,1,0.2,1,0,0,0,1,0
フカホリ,1,0.2,1,0,1,0,0,0
フットボール-football,1,0.2,1,0,1,0,0,0
フリー-free,1,0.2,1,1,0,0,0,0
プライオリティー-priority,1,0.2,1,0,1,0,0,0
プラス-plus,1,0.2,1,0,1,0,0,0
プレステージ-prestige,1,0.2,1,0,0,0,1,0
プロボスト,1,0.2,1,0,1,0,0,0
ヘンリー-henry,1,0.2,1,0,0,0,1,0
ベース-base,1,0.2,1,0,1,0,0,0
ボトム-bottom,1,0.2,1,0,0,0,0,1
ポスト-post(郵便),1,0.2,1,0,0,0,0,1
マテリアル-material,1,0.2,1,1,0,0,0,0
マネージ-manage,1,0.2,1,0,1,0,0,0
ミッション-mission,1,0.2,1,1,0,0,0,0
ミナマタ,1,0.2,1,0,0,0,1,0
メジャー-major,1,0.2,1,0,0,0,0,1
メディア-media,1,0.2,1,0,1,0,0,0
メンバー-member,1,0.2,1,0,0,0,1,0
モニタリング-monitoring,1,0.2,1,0,1,0,0,0
ユカワ,1,0.2,1,0,0,0,1,0
ライフ-life,1,0.2,1,1,0,0,0,0
ラーニング-learning,1,0.2,1,0,1,0,0,0
リオデジャネイロ,1,0.2,1,0,0,0,1,0
リクルート-recruit,1,0.2,1,1,0,0,0,0
リサーチ-research,1,0.2,1,1,0,0,0,0
リチャードソン-richardson,1,0.2,1,0,0,0,1,0
レベル-level,1,0.2,1,0,0,0,1,0
一丸,1,0.2,1,0,0,1,0,0
一員,1,0.2,1,1,0,0,0,0
一定,1,0.2,1,0,0,0,0,1
一目,1,0.2,1,0,1,0,0,0
一般,1,0.2,1,0,1,0,0,0
一部,1,0.2,1,0,1,0,0,0
万,1,0.2,1,1,0,0,0,0
上がる,1,0.2,1,0,1,0,0,0
上位,1,0.2,1,0,0,1,0,0
上記,1,0.2,1,0,0,0,0,1
上述,1,0.2,1,0,0,0,1,0
下,1,0.2,1,0,0,0,0,1
下す,1,0.2,1,0,0,1,0,0
下線,1,0.2,1,0,1,0,0,0
不幸,1,0.2,1,0,1,0,0,0
不断,1,0.2,1,0,1,0,0,0
不祥,1,0.2,1,0,0,0,1,0
不足,1,0.2,1,0,1,0,0,0
世,1,0.2,1,0,0,1,0,0
両方,1,0.2,1,0,1,0,0,0
中枢,1,0.2,1,0,0,0,1,0
主体,1,0.2,1,0,0,0,1,0
主催,1,0.2,1,0,0,0,1,0
主務,1,0.2,1,0,1,0,0,0
主導,1,0.2,1,0,0,1,0,0
乗せる,1,0.2,1,1,0,0,0,0
乱用,1,0.2,1,0,0,0,0,1
争い,1,0.2,1,0,0,0,0,1
事態,1,0.2,1,0,1,0,0,0
事故,1,0.2,1,0,0,0,1,0
互い,1,0.2,1,0,0,1,0,0
交える,1,0.2,1,0,0,0,1,0
交差,1,0.2,1,0,0,0,0,1
交渉,1,0.2,1,0,1,0,0,0
交通,1,0.2,1,0,0,0,1,0
享受,1,0.2,1,0,0,1,0,0
人々,1,0.2,1,0,0,1,0,0
人件,1,0.2,1,0,0,0,1,0
人前,1,0.2,1,0,1,0,0,0
介入,1,0.2,1,0,1,0,0,0
介護,1,0.2,1,0,0,1,0,0
他人事,1,0.2,1,0,0,0,1,0
他方,1,0.2,1,0,0,0,0,1
他者,1,0.2,1,0,0,0,1,0
付け加わる,1,0.2,1,0,1,0,0,0
代,1,0.2,1,0,0,0,1,0
代替,1,0.2,1,0,0,1,0,0
以前,1,0.2,1,0,0,0,0,1
以後,1,0.2,1,0,0,0,0,1
仲間,1,0.2,1,0,1,0,0,0
件,1,0.2,1,0,1,0,0,0
任せる,1,0.2,1,0,0,0,0,1
任用,1,0.2,1,0,0,0,0,1
企画,1,0.2,1,0,0,0,0,1
会合,1,0.2,1,0,0,0,1,0
会社,1,0.2,1,0,0,0,0,1
伝わる,1,0.2,1,0,0,0,1,0
伝説,1,0.2,1,0,0,0,0,1
伸び悩み,1,0.2,1,1,0,0,0,0
位置,1,0.2,1,0,1,0,0,0
低減,1,0.2,1,0,0,1,0,0
体験,1,0.2,1,0,0,1,0,0
余り,1,0.2,1,0,1,0,0,0
作り出す,1,0.2,1,0,0,1,0,0
使い分け,1,0.2,1,0,0,0,0,1
使用,1,0.2,1,0,1,0,0,0
依存,1,0.2,1,0,1,0,0,0
侭,1,0.2,1,0,1,0,0,0
促す,1,0.2,1,0,0,1,0,0
保守,1,0.2,1,0,1,0,0,0
保有,1,0.2,1,0,0,1,0,0
保障,1,0.2,1,0,0,0,0,1
信ずる,1,0.2,1,0,0,1,0,0
修繕,1,0.2,1,1,0,0,0,0
個,1,0.2,1,0,0,0,0,1
偏る,1,0.2,1,0,1,0,0,0
傾ける,1,0.2,1,0,0,1,0,0
元気,1,0.2,1,0,0,1,0,0
充当,1,0.2,1,0,1,0,0,0
先,1,0.2,1,0,0,0,0,1
先行き,1,0.2,1,0,1,0,0,0
先陣,1,0.2,1,0,0,0,1,0
先頭,1,0.2,1,0,0,1,0,0
先駆,1,0.2,1,0,1,0,0,0
入る,1,0.2,1,0,1,0,0,0
入学,1,0.2,1,0,0,0,1,0
全員,1,0.2,1,0,1,0,0,0
公僕,1,0.2,1,0,1,0,0,0
公害,1,0.2,1,0,0,0,1,0
公明,1,0.2,1,0,0,1,0,0
公正,1,0.2,1,0,0,1,0,0
公衆,1,0.2,1,0,1,0,0,0
公表,1,0.2,1,0,0,0,1,0
共創,1,0.2,1,1,0,0,0,0
共存,1,0.2,1,0,0,0,1,0
共著,1,0.2,1,0,0,0,0,1
具,1,0.2,1,0,1,0,0,0
内容,1,0.2,1,0,1,0,0,0
内閣,1,0.2,1,0,0,0,1,0
凝り固まる,1,0.2,1,0,0,0,1,0
出席,1,0.2,1,0,1,0,0,0
出身,1,0.2,1,0,1,0,0,0
分かる,1,0.2,1,0,0,0,0,1
分かれる,1,0.2,1,0,1,0,0,0
分割,1,0.2,1,0,0,0,0,1
分立,1,0.2,1,0,0,0,0,1
分解,1,0.2,1,0,1,0,0,0
切り崩す,1,0.2,1,0,0,0,1,0
切り捨てる,1,0.2,1,0,0,0,1,0
利く,1,0.2,1,0,0,1,0,0
利する,1,0.2,1,0,1,0,0,0
制約,1,0.2,1,0,0,1,0,0
前回,1,0.2,1,0,0,0,0,1
前項,1,0.2,1,0,0,0,0,1
割,1,0.2,1,0,1,0,0,0
割合,1,0.2,1,0,0,0,0,1
力強い,1,0.2,1,0,0,0,0,1
努める,1,0.2,1,0,0,1,0,0
労力,1,0.2,1,0,0,0,1,0
動き,1,0.2,1,0,1,0,0,0
動向,1,0.2,1,0,0,0,0,1
動員,1,0.2,1,0,0,0,0,1
動物,1,0.2,1,0,0,0,1,0
勘案,1,0.2,1,0,1,0,0,0
勧める,1,0.2,1,0,0,0,1,0
包摂,1,0.2,1,0,0,1,0,0
区分,1,0.2,1,0,0,1,0,0
区別,1,0.2,1,0,0,0,0,1
半,1,0.2,1,1,0,0,0,0
半分,1,0.2,1,0,0,0,1,0
半数,1,0.2,1,0,0,0,0,1
卒業,1,0.2,1,0,1,0,0,0
協議,1,0.2,1,0,0,0,0,1
即する,1,0.2,1,0,0,0,0,1
卿,1,0.2,1,0,0,0,1,0
原因,1,0.2,1,0,0,0,1,0
原理,1,0.2,1,0,0,0,1,0
厭う,1,0.2,1,0,1,0,0,0
参考,1,0.2,1,0,0,0,1,0
反対,1,0.2,1,0,0,0,0,1
収支,1,0.2,1,0,1,0,0,0
収束,1,0.2,1,0,0,0,0,1
収益,1,0.2,1,0,0,0,0,1
収集,1,0.2,1,0,0,0,0,1
取り去る,1,0.2,1,1,0,0,0,0
取り戻す,1,0.2,1,0,0,1,0,0
取り返す,1,0.2,1,0,0,0,1,0
受け入れ,1,0.2,1,0,1,0,0,0
受け取る,1,0.2,1,0,1,0,0,0
受容,1,0.2,1,0,0,1,0,0
受益,1,0.2,1,0,0,0,0,1
受託,1,0.2,1,0,0,0,1,0
受賞,1,0.2,1,0,1,0,0,0
古典,1,0.2,1,0,0,0,1,0
史実,1,0.2,1,0,0,0,1,0
各国,1,0.2,1,0,0,0,0,1
合意,1,0.2,1,0,0,1,0,0
合致,1,0.2,1,0,0,0,0,1
向き合う,1,0.2,1,0,1,0,0,0
呉れる,1,0.2,1,0,0,0,1,0
品格,1,0.2,1,0,1,0,0,0
唱える,1,0.2,1,0,0,0,0,1
営み,1,0.2,1,0,0,0,1,0
営業,1,0.2,1,0,0,0,1,0
噛み砕く,1,0.2,1,0,0,0,1,0
回復,1,0.2,1,0,0,1,0,0
団体,1,0.2,1,0,1,0,0,0
困る,1,0.2,1,0,1,0,0,0
図式,1,0.2,1,0,0,0,0,1
国土,1,0.2,1,0,0,0,1,0
国籍,1,0.2,1,0,0,0,0,1
国連,1,0.2,1,0,0,0,1,0
土地,1,0.2,1,1,0,0,0,0
在学,1,0.2,1,0,0,0,1,0
地下,1,0.2,1,0,0,0,1,0
地位,1,0.2,1,1,0,0,0,0
地方,1,0.2,1,0,1,0,0,0
埋める,1,0.2,1,0,0,1,0,0
埋め込む,1,0.2,1,0,0,0,1,0
埋もれる,1,0.2,1,0,1,0,0,0
培う,1,0.2,1,0,0,1,0,0
堅持,1,0.2,1,1,0,0,0,0
場面,1,0.2,1,0,0,0,1,0
増加,1,0.2,1,0,1,0,0,0
声,1,0.2,1,0,1,0,0,0
外,1,0.2,1,0,1,0,0,0
外交,1,0.2,1,0,1,0,0,0
外国,1,0.2,1,0,0,0,0,1
多元,1,0.2,1,0,0,1,0,0
多岐,1,0.2,1,1,0,0,0,0
多額,1,0.2,1,0,1,0,0,0
夢,1,0.2,1,0,0,1,0,0
太字,1,0.2,1,0,0,1,0,0
失敗,1,0.2,1,0,0,0,1,0
契機,1,0.2,1,0,0,0,0,1
奨学,1,0.2,1,0,1,0,0,0
好機,1,0.2,1,0,0,0,0,1
如何,1,0.2,1,0,0,0,0,1
妨害,1,0.2,1,0,0,0,0,1
始める,1,0.2,1,0,0,0,1,0
姿勢,1,0.2,1,0,0,0,0,1
子育て,1,0.2,1,0,0,1,0,0
存続,1,0.2,1,0,0,0,1,0
学士,1,0.2,1,1,0,0,0,0
学業,1,0.2,1,1,0,0,0,0
学者,1,0.2,1,0,1,0,0,0
学識,1,0.2,1,1,0,0,0,0
学費,1,0.2,1,0,0,0,1,0
宇宙,1,0.2,1,1,0,0,0,0
守る,1,0.2,1,0,0,1,0,0
守護,1,0.2,1,0,0,0,1,0
完結,1,0.2,1,0,1,0,0,0
定まる,1,0.2,1,0,0,1,0,0
定員,1,0.2,1,0,0,0,0,1
定着,1,0.2,1,0,0,0,0,1
実,1,0.2,1,0,0,0,1,0
実感,1,0.2,1,0,0,1,0,0
実態,1,0.2,1,0,0,0,0,1
実施,1,0.2,1,0,1,0,0,0
実績,1,0.2,1,0,0,0,1,0
実質,1,0.2,1,0,0,0,0,1
実際,1,0.2,1,0,0,0,1,0
宿題,1,0.2,1,0,0,0,0,1
寄せ集める,1,0.2,1,0,0,0,0,1
審議,1,0.2,1,0,0,0,1,0
対,1,0.2,1,1,0,0,0,0
対策,1,0.2,1,0,0,0,1,0
導き出す,1,0.2,1,0,0,1,0,0
導く,1,0.2,1,0,0,0,1,0
導体,1,0.2,1,1,0,0,0,0
導入,1,0.2,1,0,0,0,0,1
小さい,1,0.2,1,0,1,0,0,0
小手,1,0.2,1,0,0,0,0,1
少ない,1,0.2,1,0,0,0,0,1
少子,1,0.2,1,1,0,0,0,0
局所,1,0.2,1,0,0,0,0,1
履修,1,0.2,1,0,0,0,1,0
差,1,0.2,1,0,1,0,0,0
差分,1,0.2,1,0,0,0,0,1
差別,1,0.2,1,0,1,0,0,0
常識,1,0.2,1,0,0,1,0,0
干渉,1,0.2,1,1,0,0,0,0
平等,1,0.2,1,0,1,0,0,0
広がり,1,0.2,1,0,1,0,0,0
広がる,1,0.2,1,0,0,0,0,1
広報,1,0.2,1,0,1,0,0,0
底力,1,0.2,1,0,0,0,1,0
府,1,0.2,1,0,0,0,1,0
廃止,1,0.2,1,0,0,0,0,1
建物,1,0.2,1,1,0,0,0,0
建設,1,0.2,1,0,0,0,0,1
弁護,1,0.2,1,0,0,1,0,0
式,1,0.2,1,0,0,0,1,0
式辞,1,0.2,1,0,0,0,1,0
引き上げる,1,0.2,1,0,1,0,0,0
引き出す,1,0.2,1,0,0,1,0,0
引き受ける,1,0.2,1,0,0,1,0,0
引き継ぐ,1,0.2,1,0,0,0,1,0
引用,1,0.2,1,0,1,0,0,0
弱体,1,0.2,1,1,0,0,0,0
弱点,1,0.2,1,0,0,0,0,1
強める,1,0.2,1,0,1,0,0,0
強靭,1,0.2,1,0,0,0,0,1
当,1,0.2,1,0,0,0,0,1
当て嵌める,1,0.2,1,0,0,1,0,0
当時,1,0.2,1,0,0,0,1,0
当該,1,0.2,1,0,0,0,0,1
形式,1,0.2,1,0,0,1,0,0
役,1,0.2,1,0,1,0,0,0
役員,1,0.2,1,0,0,0,0,1
往還,1,0.2,1,0,0,1,0,0
待遇,1,0.2,1,0,0,1,0,0
後押し,1,0.2,1,1,0,0,0,0
後退,1,0.2,1,0,1,0,0,0
従事,1,0.2,1,0,1,0,0,0
従来,1,0.2,1,0,1,0,0,0
得意,1,0.2,1,0,0,1,0,0
怠る,1,0.2,1,0,1,0,0,0
性格,1,0.2,1,0,0,0,0,1
性質,1,0.2,1,0,0,0,0,1
恐れ,1,0.2,1,0,0,0,1,0
恒常,1,0.2,1,0,0,0,0,1
恵まれる,1,0.2,1,0,0,0,1,0
悔しい,1,0.2,1,0,0,1,0,0
悪化,1,0.2,1,0,1,0,0,0
惜しむ,1,0.2,1,0,1,0,0,0
想定,1,0.2,1,0,1,0,0,0
意義,1,0.2,1,1,0,0,0,0
愛着,1,0.2,1,0,1,0,0,0
感ずる,1,0.2,1,0,1,0,0,0
態度,1,0.2,1,0,0,0,1,0
成否,1,0.2,1,0,0,1,0,0
戦後,1,0.2,1,0,0,0,1,0
所在,1,0.2,1,0,1,0,0,0
所掌,1,0.2,1,0,0,0,0,1
手助け,1,0.2,1,0,0,0,1,0
手法,1,0.2,1,0,0,1,0,0
才能,1,0.2,1,0,0,1,0,0
打つ,1,0.2,1,0,1,0,0,0
批判,1,0.2,1,0,0,0,1,0
批評,1,0.2,1,0,0,0,1,0
承知,1,0.2,1,0,1,0,0,0
把握,1,0.2,1,0,0,0,0,1
抑制,1,0.2,1,0,0,0,0,1
投げ掛ける,1,0.2,1,0,0,0,1,0
投下,1,0.2,1,0,1,0,0,0
投入,1,0.2,1,0,0,0,0,1
抜きん出る,1,0.2,1,0,1,0,0,0
抜く,1,0.2,1,0,0,1,0,0
披露,1,0.2,1,0,1,0,0,0
抱え込む,1,0.2,1,0,0,1,0,0
抱く,1,0.2,1,0,0,1,0,0
押さえる,1,0.2,1,0,0,0,0,1
押し付ける,1,0.2,1,0,0,0,1,0
担い手,1,0.2,1,0,0,0,1,0
指定,1,0.2,1,0,0,0,1,0
指針,1,0.2,1,0,0,0,1,0
振り回す,1,0.2,1,0,0,1,0,0
振興,1,0.2,1,0,0,0,1,0
捕らわれる,1,0.2,1,0,0,1,0,0
据える,1,0.2,1,0,0,1,0,0
掛かる,1,0.2,1,0,0,1,0,0
掛ける,1,0.2,1,0,0,0,0,1
採択,1,0.2,1,0,1,0,0,0
採算,1,0.2,1,0,0,0,1,0
探る,1,0.2,1,0,0,1,0,0
接ぎ木,1,0.2,1,0,0,0,0,1
接続,1,0.2,1,1,0,0,0,0
接触,1,0.2,1,0,1,0,0,0
措置,1,0.2,1,0,0,1,0,0
揺るぎない,1,0.2,1,0,0,1,0,0
搭載,1,0.2,1,1,0,0,0,0
携わる,1,0.2,1,0,1,0,0,0
支え合う,1,0.2,1,0,0,0,1,0
支配,1,0.2,1,0,0,0,0,1
支障,1,0.2,1,0,0,0,0,1
改修,1,0.2,1,0,0,0,0,1
改定,1,0.2,1,0,0,0,1,0
改築,1,0.2,1,1,0,0,0,0
攻撃,1,0.2,1,0,0,1,0,0
政,1,0.2,1,0,0,0,0,1
数字,1,0.2,1,0,1,0,0,0
文章,1,0.2,1,0,1,0,0,0
文系,1,0.2,1,0,0,1,0,0
方,1,0.2,1,0,1,0,0,0
旅費,1,0.2,1,0,0,0,1,0
既得,1,0.2,1,0,1,0,0,0
日々,1,0.2,1,0,0,1,0,0
日程,1,0.2,1,0,0,0,0,1
日頃,1,0.2,1,0,0,0,1,0
早い,1,0.2,1,0,0,1,0,0
早期,1,0.2,1,0,0,1,0,0
明るい,1,0.2,1,0,0,1,0,0
昨年,1,0.2,1,0,1,0,0,0
時点,1,0.2,1,0,0,0,1,0
晒す,1,0.2,1,0,0,1,0,0
普及,1,0.2,1,0,0,0,0,1
普通,1,0.2,1,0,0,0,1,0
最善,1,0.2,1,0,0,0,1,0
有する,1,0.2,1,0,1,0,0,0
有意,1,0.2,1,0,1,0,0,0
有機,1,0.2,1,1,0,0,0,0
有識,1,0.2,1,0,0,0,0,1
本末,1,0.2,1,0,1,0,0,0
東,1,0.2,1,0,0,0,1,0
枠組み,1,0.2,1,0,1,0,0,0
核心,1,0.2,1,0,0,0,0,1
極論,1,0.2,1,0,1,0,0,0
標準,1,0.2,1,0,0,0,0,1
模索,1,0.2,1,0,0,0,1,0
権益,1,0.2,1,0,1,0,0,0
横,1,0.2,1,0,0,0,0,1
機,1,0.2,1,0,1,0,0,0
次第,1,0.2,1,0,0,0,0,1
歌う,1,0.2,1,0,0,0,1,0
止める,1,0.2,1,0,1,0,0,0
正しい,1,0.2,1,0,0,1,0,0
正直,1,0.2,1,0,1,0,0,0
正解,1,0.2,1,0,0,1,0,0
歪み,1,0.2,1,0,1,0,0,0
殆ど,1,0.2,1,0,1,0,0,0
残る,1,0.2,1,0,0,0,1,0
段階,1,0.2,1,0,0,1,0,0
毎年,1,0.2,1,0,1,0,0,0
比べる,1,0.2,1,0,1,0,0,0
比喩,1,0.2,1,0,0,0,1,0
比較,1,0.2,1,0,0,0,1,0
気,1,0.2,1,0,1,0,0,0
決まる,1,0.2,1,0,1,0,0,0
法学,1,0.2,1,1,0,0,0,0
法曹,1,0.2,1,0,1,0,0,0
波及,1,0.2,1,0,0,0,1,0
注意,1,0.2,1,0,0,0,0,1
活性,1,0.2,1,0,0,0,0,1
流行,1,0.2,1,0,0,1,0,0
海洋,1,0.2,1,1,0,0,0,0
涵養,1,0.2,1,1,0,0,0,0
深まる,1,0.2,1,0,1,0,0,0
深める,1,0.2,1,0,0,0,0,1
済む,1,0.2,1,0,0,0,1,0
減らす,1,0.2,1,0,0,0,0,1
減る,1,0.2,1,0,0,0,0,1
測る,1,0.2,1,0,0,0,0,1
満たす,1,0.2,1,0,1,0,0,0
源,1,0.2,1,0,0,0,1,0
溝,1,0.2,1,0,0,1,0,0
滞在,1,0.2,1,0,0,0,1,0
演説,1,0.2,1,0,1,0,0,0
漸進,1,0.2,1,0,0,0,0,1
激しい,1,0.2,1,0,0,0,0,1
激動,1,0.2,1,0,0,0,1,0
災害,1,0.2,1,0,0,0,1,0
無くす,1,0.2,1,0,0,0,0,1
照らす,1,0.2,1,0,0,0,0,1
熟議,1,0.2,1,0,1,0,0,0
爪,1,0.2,1,0,0,0,1,0
物質,1,0.2,1,0,0,0,1,0
特化,1,0.2,1,0,0,0,0,1
独任,1,0.2,1,0,0,0,0,1
独立,1,0.2,1,0,0,1,0,0
現われる,1,0.2,1,0,0,0,0,1
理想,1,0.2,1,0,0,1,0,0
理知,1,0.2,1,0,0,1,0,0
理系,1,0.2,1,0,0,1,0,0
生活,1,0.2,1,0,0,0,0,1
生物,1,0.2,1,0,1,0,0,0
用語,1,0.2,1,0,0,0,0,1
由来,1,0.2,1,0,0,0,0,1
申し上げる,1,0.2,1,0,1,0,0,0
男女,1,0.2,1,1,0,0,0,0
疲弊,1,0.2,1,0,1,0,0,0
病院,1,0.2,1,1,0,0,0,0
痛い痛い,1,0.2,1,0,0,0,1,0
痛感,1,0.2,1,0,0,0,1,0
発想,1,0.2,1,1,0,0,0,0
発掘,1,0.2,1,1,0,0,0,0
発見,1,0.2,1,0,0,0,0,1
登用,1,0.2,1,0,0,1,0,0
益,1,0.2,1,0,1,0,0,0
目,1,0.2,1,0,0,1,0,0
目前,1,0.2,1,0,0,0,0,1
直す,1,0.2,1,0,0,0,1,0
直接,1,0.2,1,0,0,0,0,1
直視,1,0.2,1,0,0,1,0,0
直面,1,0.2,1,0,0,1,0,0
相対,1,0.2,1,0,0,0,1,0
相応,1,0.2,1,0,0,0,0,1
相応しい,1,0.2,1,0,1,0,0,0
県,1,0.2,1,0,0,0,1,0
真理,1,0.2,1,1,0,0,0,0
知れる,1,0.2,1,0,1,0,0,0
研修,1,0.2,1,0,0,0,0,1
示唆,1,0.2,1,0,0,0,1,0
秩序,1,0.2,1,0,0,0,1,0
称する,1,0.2,1,0,0,0,0,1
移す,1,0.2,1,0,0,0,0,1
移民,1,0.2,1,0,1,0,0,0
種,1,0.2,1,0,0,0,1,0
積み重ねる,1,0.2,1,0,0,0,0,1
積層,1,0.2,1,0,0,0,1,0
究明,1,0.2,1,0,0,0,1,0
立国,1,0.2,1,0,0,0,1,0
筈,1,0.2,1,0,0,0,1,0
策,1,0.2,1,0,1,0,0,0
管轄,1,0.2,1,0,0,0,1,0
範,1,0.2,1,0,0,0,1,0
粘り強い,1,0.2,1,0,0,1,0,0
精度,1,0.2,1,0,0,0,1,0
精神,1,0.2,1,1,0,0,0,0
納得,1,0.2,1,0,1,0,0,0
紛れ,1,0.2,1,0,0,0,1,0
紛争,1,0.2,1,1,0,0,0,0
終了,1,0.2,1,0,0,1,0,0
組み合わせ,1,0.2,1,0,0,0,0,1
組み替え,1,0.2,1,0,0,0,0,1
組む,1,0.2,1,0,1,0,0,0
経つ,1,0.2,1,0,0,0,1,0
経常,1,0.2,1,0,1,0,0,0
経緯,1,0.2,1,0,1,0,0,0
経費,1,0.2,1,0,0,0,1,0
結び付ける,1,0.2,1,0,0,1,0,0
給付,1,0.2,1,0,1,0,0,0
統一,1,0.2,1,0,0,0,0,1
統制,1,0.2,1,0,0,1,0,0
統計,1,0.2,1,1,0,0,0,0
絶える,1,0.2,1,0,0,1,0,0
継ぎ足す,1,0.2,1,0,0,0,0,1
緊迫,1,0.2,1,0,0,0,1,0
編成,1,0.2,1,0,0,0,0,1
縦割り,1,0.2,1,0,0,0,0,1
縦横,1,0.2,1,0,0,0,0,1
縮小,1,0.2,1,0,0,0,0,1
繋がり,1,0.2,1,0,0,0,1,0
繰り,1,0.2,1,0,1,0,0,0
繰り入れる,1,0.2,1,0,1,0,0,0
習得,1,0.2,1,0,0,0,1,0
老朽,1,0.2,1,0,0,0,0,1
耳,1,0.2,1,0,0,1,0,0
聞く,1,0.2,1,0,0,0,1,0
職業,1,0.2,1,0,1,0,0,0
背負う,1,0.2,1,0,1,0,0,0
脆弱,1,0.2,1,0,1,0,0,0
腰,1,0.2,1,0,0,1,0,0
自体,1,0.2,1,0,0,0,1,0
自助,1,0.2,1,0,1,0,0,0
自己,1,0.2,1,0,0,0,0,1
自治,1,0.2,1,0,1,0,0,0
自給,1,0.2,1,0,1,0,0,0
興味,1,0.2,1,0,1,0,0,0
若干,1,0.2,1,0,1,0,0,0
英知,1,0.2,1,0,0,1,0,0
落ちる,1,0.2,1,0,0,0,1,0
著作,1,0.2,1,0,0,0,1,0
薬学,1,0.2,1,1,0,0,0,0
融合,1,0.2,1,0,0,1,0,0
行動,1,0.2,1,0,0,0,1,0
衝突,1,0.2,1,0,1,0,0,0
裂く,1,0.2,1,0,0,0,1,0
裾野,1,0.2,1,0,1,0,0,0
複合,1,0.2,1,0,0,1,0,0
要,1,0.2,1,0,0,0,1,0
要求,1,0.2,1,0,1,0,0,0
見える,1,0.2,1,0,0,0,1,0
見なす,1,0.2,1,0,0,0,1,0
見地,1,0.2,1,0,0,0,1,0
見失う,1,0.2,1,0,0,0,1,0
見定め,1,0.2,1,0,0,0,1,0
見定める,1,0.2,1,0,0,0,0,1
見抜く,1,0.2,1,0,0,1,0,0
見据える,1,0.2,1,0,0,1,0,0
見極め,1,0.2,1,0,1,0,0,0
見直す,1,0.2,1,0,1,0,0,0
見解,1,0.2,1,0,0,0,1,0
見越す,1,0.2,1,0,1,0,0,0
見込み,1,0.2,1,0,0,0,1,0
見通し,1,0.2,1,0,0,1,0,0
見通す,1,0.2,1,0,1,0,0,0
規制,1,0.2,1,0,0,0,0,1
視座,1,0.2,1,0,0,0,1,0
覚える,1,0.2,1,0,0,1,0,0
角度,1,0.2,1,0,0,0,1,0
解放,1,0.2,1,0,0,0,1,0
解法,1,0.2,1,0,0,0,1,0
言い合う,1,0.2,1,0,0,0,0,1
記す,1,0.2,1,0,0,0,1,0
記述,1,0.2,1,0,0,0,0,1
設ける,1,0.2,1,0,0,0,0,1
設立,1,0.2,1,0,0,1,0,0
許容,1,0.2,1,0,1,0,0,0
訳す,1,0.2,1,0,0,0,1,0
評議,1,0.2,1,0,1,0,0,0
試み,1,0.2,1,0,0,1,0,0
詰める,1,0.2,1,0,0,0,0,1
誇り,1,0.2,1,0,0,1,0,0
誇る,1,0.2,1,1,0,0,0,0
誠実,1,0.2,1,0,0,1,0,0
論文,1,0.2,1,0,0,0,0,1
論理,1,0.2,1,0,0,1,0,0
諮る,1,0.2,1,0,1,0,0,0
諸国,1,0.2,1,1,0,0,0,0
財団,1,0.2,1,0,1,0,0,0
費消,1,0.2,1,0,1,0,0,0
賄う,1,0.2,1,0,1,0,0,0
資する,1,0.2,1,0,0,0,0,1
資料,1,0.2,1,0,0,0,1,0
資質,1,0.2,1,0,1,0,0,0
賞,1,0.2,1,0,1,0,0,0
走る,1,0.2,1,0,0,0,0,1
起こす,1,0.2,1,0,0,0,1,0
起点,1,0.2,1,1,0,0,0,0
足元,1,0.2,1,0,1,0,0,0
跨がる,1,0.2,1,0,1,0,0,0
軌道,1,0.2,1,1,0,0,0,0
軍事,1,0.2,1,0,1,0,0,0
転ずる,1,0.2,1,0,0,1,0,0
転倒,1,0.2,1,0,1,0,0,0
転換,1,0.2,1,0,0,0,0,1
軽減,1,0.2,1,0,0,0,0,1
輸出,1,0.2,1,0,0,0,0,1
輻湊,1,0.2,1,0,0,0,0,1
農学,1,0.2,1,1,0,0,0,0
迎え入れる,1,0.2,1,0,0,1,0,0
近く,1,0.2,1,0,0,0,1,0
近付く,1,0.2,1,0,1,0,0,0
近代,1,0.2,1,0,0,0,0,1
近年,1,0.2,1,0,1,0,0,0
近辺,1,0.2,1,0,1,0,0,0
追い付く,1,0.2,1,0,0,0,0,1
追う,1,0.2,1,0,1,0,0,0
追加,1,0.2,1,0,0,0,0,1
退職,1,0.2,1,0,1,0,0,0
途上,1,0.2,1,0,1,0,0,0
通す,1,0.2,1,0,0,0,1,0
通常,1,0.2,1,0,0,0,1,0
造詣,1,0.2,1,0,1,0,0,0
連れる,1,0.2,1,0,0,0,0,1
連結,1,0.2,1,1,0,0,0,0
進展,1,0.2,1,0,1,0,0,0
進度,1,0.2,1,0,0,0,0,1
進捗,1,0.2,1,0,0,0,0,1
進歩,1,0.2,1,0,1,0,0,0
逼迫,1,0.2,1,0,0,0,1,0
遂げる,1,0.2,1,0,1,0,0,0
遅れる,1,0.2,1,0,1,0,0,0
過ぎる,1,0.2,1,0,1,0,0,0
過去,1,0.2,1,0,1,0,0,0
道標,1,0.2,1,0,0,0,0,1
達成,1,0.2,1,1,0,0,0,0
選び取る,1,0.2,1,0,0,1,0,0
選挙,1,0.2,1,0,1,0,0,0
部分,1,0.2,1,0,0,0,0,1
配する,1,0.2,1,0,1,0,0,0
配慮,1,0.2,1,0,0,1,0,0
配置,1,0.2,1,0,1,0,0,0
量子,1,0.2,1,1,0,0,0,0
長年,1,0.2,1,0,0,0,1,0
長足,1,0.2,1,0,1,0,0,0
閉じ籠もる,1,0.2,1,0,1,0,0,0
開催,1,0.2,1,0,0,0,1,0
関連,1,0.2,1,1,0,0,0,0
防ぐ,1,0.2,1,0,1,0,0,0
阻害,1,0.2,1,0,0,0,0,1
阿る,1,0.2,1,0,0,1,0,0
限界,1,0.2,1,0,0,0,0,1
陣,1,0.2,1,0,1,0,0,0
陥る,1,0.2,1,0,1,0,0,0
集める,1,0.2,1,0,0,0,1,0
集団,1,0.2,1,0,1,0,0,0
震災,1,0.2,1,0,0,0,1,0
革新,1,0.2,1,0,0,1,0,0
韓国,1,0.2,1,1,0,0,0,0
頃,1,0.2,1,0,0,0,0,1
項目,1,0.2,1,0,0,1,0,0
順位,1,0.2,1,0,0,0,0,1
頭,1,0.2,1,0,0,0,1,0
風土,1,0.2,1,1,0,0,0,0
風通し,1,0.2,1,0,0,0,0,1
飛び回る,1,0.2,1,0,1,0,0,0
飛行,1,0.2,1,0,1,0,0,0
食事,1,0.2,1,0,1,0,0,0
食料,1,0.2,1,0,1,0,0,0
齎す,1,0.2,1,0,0,1,0,0
