candidate_id,candidate_name,term,target_count,rest_count,prior_count,log_odds,variance,z_score,candidate_count,term_column,prior_strength,rank,direction,rank_within_direction
fujigaki,藤垣裕子,日本,22,14,0.5242463958060288,1.7781760939466942,0.11324698990185894,5.283983266100683,5,analysis_term_no_stopwords,100.0,1,positive,1
fujigaki,藤垣裕子,力,24,18,0.6116207951070336,1.6195329470540702,0.094361084560661,5.27221758790658,4,analysis_term_no_stopwords,100.0,2,positive,2
fujigaki,藤垣裕子,考える,26,35,0.888306392893549,1.0498351669948214,0.06505511765483378,4.116047549549937,4,analysis_term_no_stopwords,100.0,3,positive,3
fujigaki,藤垣裕子,年,10,5,0.218435998252512,2.0046718139344035,0.28949063068921954,3.725855674279596,3,analysis_term_no_stopwords,100.0,4,positive,4
fujigaki,藤垣裕子,有る,73,174,3.596912771224698,0.5064851256270857,0.01868608497030893,3.705164854780241,5,analysis_term_no_stopwords,100.0,5,positive,5
fujigaki,藤垣裕子,壁,7,2,0.1310615989515072,2.5389735167875402,0.6094812675750356,3.252205574274671,3,analysis_term_no_stopwords,100.0,6,positive,6
fujigaki,藤垣裕子,学術,14,20,0.4951215960390273,0.9864696773868733,0.117780826828788,2.8743949476997783,5,analysis_term_no_stopwords,100.0,7,positive,7
fujigaki,藤垣裕子,科学,11,14,0.36405999708752,1.0975407905775763,0.15761491938724853,2.7645344603487447,5,analysis_term_no_stopwords,100.0,8,positive,8
fujigaki,藤垣裕子,of,5,1,0.08737439930100481,2.8729317528797207,1.116211493732578,2.719268327292137,2,analysis_term_no_stopwords,100.0,9,positive,9
fujigaki,藤垣裕子,所与,5,1,0.08737439930100481,2.8729317528797207,1.116211493732578,2.719268327292137,2,analysis_term_no_stopwords,100.0,10,positive,10
fujigaki,藤垣裕子,潜在,5,1,0.08737439930100481,2.8729317528797207,1.116211493732578,2.719268327292137,2,analysis_term_no_stopwords,100.0,11,positive,11
fujigaki,藤垣裕子,中,9,10,0.2766855977865152,1.2287559369439665,0.2051047588211422,2.7131747129216457,3,analysis_term_no_stopwords,100.0,12,positive,12
fujigaki,藤垣裕子,環境,13,20,0.4805591961555264,0.9139284007505335,0.12300769079451718,2.6058297658262823,4,analysis_term_no_stopwords,100.0,13,positive,13
fujigaki,藤垣裕子,情報,5,3,0.1164991990680064,1.8253522742398323,0.5163189927398726,2.540315398985083,3,analysis_term_no_stopwords,100.0,14,positive,14
fujigaki,藤垣裕子,人類,6,5,0.16018639871850882,1.5070672098190547,0.35612419935678963,2.5254098951300525,2,analysis_term_no_stopwords,100.0,15,positive,15
fujigaki,藤垣裕子,トップ-top,4,1,0.072811999417504,2.663302200306524,1.1776603742911287,2.4542026276660747,2,analysis_term_no_stopwords,100.0,16,positive,16
fujigaki,藤垣裕子,伝達,4,1,0.072811999417504,2.663302200306524,1.1776603742911287,2.4542026276660747,2,analysis_term_no_stopwords,100.0,17,positive,17
fujigaki,藤垣裕子,行政,4,2,0.08737439930100481,2.001075711808686,0.7237265767230489,2.35221091101097,3,analysis_term_no_stopwords,100.0,18,positive,18
fujigaki,藤垣裕子,コミュニケーション-communication,5,4,0.1310615989515072,1.546198380835074,0.436959971086087,2.3390762919990182,4,analysis_term_no_stopwords,100.0,19,positive,19
fujigaki,藤垣裕子,能力,5,4,0.1310615989515072,1.546198380835074,0.436959971086087,2.3390762919990182,4,analysis_term_no_stopwords,100.0,20,positive,20
fujigaki,藤垣裕子,課題,1,41,0.6116207951070336,-1.9308376337909925,0.6445251069985883,-2.4050595560960346,5,analysis_term_no_stopwords,100.0,1571,negative,1
fujigaki,藤垣裕子,部局,1,40,0.5970583952235329,-1.915057545174184,0.6507835073809235,-2.3739062257827372,5,analysis_term_no_stopwords,100.0,1570,negative,2
fujigaki,藤垣裕子,専門,1,32,0.4805591961555264,-1.7663631017858235,0.7062081252974713,-2.1019076410735766,5,analysis_term_no_stopwords,100.0,1569,negative,3
fujigaki,藤垣裕子,因る,2,36,0.5533711955730304,-1.339509010108407,0.41899635899520354,-2.0693812734341375,5,analysis_term_no_stopwords,100.0,1568,negative,4
fujigaki,藤垣裕子,トウキョウ,14,100,1.6601135867190913,-0.5515731245789453,0.07369319685142149,-2.0318394981035492,5,analysis_term_no_stopwords,100.0,1567,negative,5
fujigaki,藤垣裕子,行う,1,26,0.39318479685452157,-1.6186179880920974,0.7556684371720359,-1.8619959028868482,5,analysis_term_no_stopwords,100.0,1566,negative,6
fujigaki,藤垣裕子,ガバナンス-governance,0,22,0.32037279743701763,-2.9208661970680856,3.166165755444498,-1.641514937217187,2,analysis_term_no_stopwords,100.0,1565,negative,7
fujigaki,藤垣裕子,人材,1,21,0.32037279743701763,-1.4579904630488176,0.8042653567477273,-1.625754639822728,5,analysis_term_no_stopwords,100.0,1563,negative,8
fujigaki,藤垣裕子,教員,1,21,0.32037279743701763,-1.4579904630488176,0.8042653567477273,-1.625754639822728,5,analysis_term_no_stopwords,100.0,1564,negative,9
fujigaki,藤垣裕子,強化,0,21,0.3058103975535168,-2.9206936546050617,3.3169355533228075,-1.6036791780124218,4,analysis_term_no_stopwords,100.0,1562,negative,10
fujigaki,藤垣裕子,本部,2,26,0.40774719673802245,-1.0713875450256793,0.45319367036154223,-1.59149279042607,5,analysis_term_no_stopwords,100.0,1561,negative,11
fujigaki,藤垣裕子,為る,89,421,7.426823940585408,-0.1771771851516868,0.012704679197583325,-1.571903735612537,5,analysis_term_no_stopwords,100.0,1560,negative,12
fujigaki,藤垣裕子,プロセス-process,0,20,0.291247997670016,-2.9205211452984594,3.482782330988948,-1.5649381890589238,2,analysis_term_no_stopwords,100.0,1559,negative,13
fujigaki,藤垣裕子,社会,9,63,1.0484927916120577,-0.5302567004075183,0.11513058218963296,-1.5627547032976636,5,analysis_term_no_stopwords,100.0,1558,negative,14
fujigaki,藤垣裕子,関係,1,17,0.2621231979030144,-1.291270993941115,0.8502459815859333,-1.4003774263929774,4,analysis_term_no_stopwords,100.0,1557,negative,15
fujigaki,藤垣裕子,職員,0,16,0.2329983981360128,-2.9198314393939144,4.353477913736185,-1.3993927119753726,3,analysis_term_no_stopwords,100.0,1555,negative,16
fujigaki,藤垣裕子,進める,0,16,0.2329983981360128,-2.9198314393939144,4.353477913736185,-1.3993927119753726,4,analysis_term_no_stopwords,100.0,1556,negative,17
fujigaki,藤垣裕子,問題,0,15,0.218435998252512,-2.919659095687715,4.6437097746519305,-1.3548761904792197,2,analysis_term_no_stopwords,100.0,1554,negative,18
fujigaki,藤垣裕子,全体,1,16,0.24756079801951364,-1.2421318226235796,0.8631118416129144,-1.337008446031759,4,analysis_term_no_stopwords,100.0,1553,negative,19
fujigaki,藤垣裕子,ai,0,14,0.20387359836901123,-2.9194867850653035,4.975403329984211,-1.3088575048154851,4,analysis_term_no_stopwords,100.0,1550,negative,20
ohkoshi,大越慎一,創造,8,8,0.2329983981360128,2.0296156473830687,0.24292486203480967,4.117919192670461,5,analysis_term_no_stopwords,100.0,1,positive,1
ohkoshi,大越慎一,部,6,5,0.16018639871850882,2.204714521207265,0.35612419935678963,3.694465536452246,4,analysis_term_no_stopwords,100.0,2,positive,2
ohkoshi,大越慎一,学知,5,3,0.1164991990680064,2.522397373871754,0.5163189927398726,3.510382615801889,2,analysis_term_no_stopwords,100.0,3,positive,3
ohkoshi,大越慎一,産,5,3,0.1164991990680064,2.522397373871754,0.5163189927398726,3.510382615801889,2,analysis_term_no_stopwords,100.0,4,positive,4
ohkoshi,大越慎一,価値,6,7,0.18931119848551042,1.8775186039889435,0.3006642510902535,3.424075657837783,3,analysis_term_no_stopwords,100.0,5,positive,5
ohkoshi,大越慎一,技術,6,7,0.18931119848551042,1.8775186039889435,0.3006642510902535,3.424075657837783,4,analysis_term_no_stopwords,100.0,6,positive,6
ohkoshi,大越慎一,構築,6,7,0.18931119848551042,1.8775186039889435,0.3006642510902535,3.424075657837783,4,analysis_term_no_stopwords,100.0,7,positive,7
ohkoshi,大越慎一,世界,12,32,0.6407455948740353,1.0824532316337807,0.10974581270963647,3.267496731791023,5,analysis_term_no_stopwords,100.0,8,positive,8
ohkoshi,大越慎一,寄付,4,4,0.1164991990680064,2.025260911939302,0.48584972406961935,2.905561020332838,4,analysis_term_no_stopwords,100.0,9,positive,9
ohkoshi,大越慎一,育成,4,4,0.1164991990680064,2.025260911939302,0.48584972406961935,2.905561020332838,4,analysis_term_no_stopwords,100.0,10,positive,10
ohkoshi,大越慎一,wings,3,1,0.0582495995340032,3.085692523552905,1.2719410826774145,2.7360192634220692,2,analysis_term_no_stopwords,100.0,11,positive,11
ohkoshi,大越慎一,繋げる,3,1,0.0582495995340032,3.085692523552905,1.2719410826774145,2.7360192634220692,2,analysis_term_no_stopwords,100.0,12,positive,12
ohkoshi,大越慎一,教職員,3,2,0.072811999417504,2.4180080266875112,0.8078712333557673,2.690212994668612,2,analysis_term_no_stopwords,100.0,13,positive,13
ohkoshi,大越慎一,設置,3,2,0.072811999417504,2.4180080266875112,0.8078712333557673,2.690212994668612,2,analysis_term_no_stopwords,100.0,14,positive,14
ohkoshi,大越慎一,支援,5,9,0.20387359836901123,1.4555458821734124,0.3008144504230519,2.653851101901822,5,analysis_term_no_stopwords,100.0,15,positive,15
ohkoshi,大越慎一,運用,3,3,0.08737439930100481,2.0241760799904904,0.6477996320928259,2.514941804130354,3,analysis_term_no_stopwords,100.0,16,positive,16
ohkoshi,大越慎一,因る,9,29,0.5533711955730304,0.8984987536454065,0.13851217833910695,2.4142014105989587,5,analysis_term_no_stopwords,100.0,17,positive,17
ohkoshi,大越慎一,充実,4,7,0.16018639871850882,1.4818496588775876,0.38003501348388946,2.403766835767411,4,analysis_term_no_stopwords,100.0,18,positive,18
ohkoshi,大越慎一,加える,4,7,0.16018639871850882,1.4818496588775876,0.38003501348388946,2.403766835767411,5,analysis_term_no_stopwords,100.0,19,positive,19
ohkoshi,大越慎一,基盤,5,11,0.2329983981360128,1.2616054665177767,0.28011845855063044,2.3837060470175593,4,analysis_term_no_stopwords,100.0,20,positive,20
ohkoshi,大越慎一,事,7,145,2.2134847822921215,-0.7629561693348847,0.11532942206782949,-2.246619536953369,5,analysis_term_no_stopwords,100.0,1571,negative,1
ohkoshi,大越慎一,出来る,0,45,0.655307994757536,-2.2293897898625508,1.5479032582173105,-1.7919013663385486,4,analysis_term_no_stopwords,100.0,1570,negative,2
ohkoshi,大越慎一,言う,1,50,0.7426823940585409,-1.35646674664582,0.5935353021497884,-1.7607020673884612,5,analysis_term_no_stopwords,100.0,1569,negative,3
ohkoshi,大越慎一,居る,6,105,1.6164263870685889,-0.6259807837475995,0.14067458808711072,-1.6689878513438696,5,analysis_term_no_stopwords,100.0,1568,negative,4
ohkoshi,大越慎一,環境,0,33,0.4805591961555264,-2.227637706589478,2.1107771702963323,-1.53328669211529,4,analysis_term_no_stopwords,100.0,1567,negative,5
ohkoshi,大越慎一,成る,5,85,1.310615989515072,-0.6010569286948764,0.17004919631718668,-1.4575662914621588,5,analysis_term_no_stopwords,100.0,1566,negative,6
ohkoshi,大越慎一,つく,1,38,0.5679335954565312,-1.1860340674372303,0.6637103873085242,-1.4558205870287042,5,analysis_term_no_stopwords,100.0,1565,negative,7
ohkoshi,大越慎一,有る,19,228,3.596912771224698,-0.31637133457855793,0.0485716796676493,-1.4355078291769305,5,analysis_term_no_stopwords,100.0,1564,negative,8
ohkoshi,大越慎一,必要,4,68,1.0484927916120577,-0.5997923897369306,0.21256149539648334,-1.3009441504549115,5,analysis_term_no_stopwords,100.0,1563,negative,9
ohkoshi,大越慎一,ガバナンス-governance,0,22,0.32037279743701763,-2.2260349716339833,3.166165755444498,-1.2510226111599745,2,analysis_term_no_stopwords,100.0,1561,negative,10
ohkoshi,大越慎一,行く,0,22,0.32037279743701763,-2.2260349716339833,3.166165755444498,-1.2510226111599745,4,analysis_term_no_stopwords,100.0,1562,negative,11
ohkoshi,大越慎一,プロセス-process,0,20,0.291247997670016,-2.2257439077173276,3.482782330988948,-1.192647293740491,2,analysis_term_no_stopwords,100.0,1560,negative,12
ohkoshi,大越慎一,中,0,19,0.2766855977865152,-2.225598415210385,3.666086664198893,-1.1623728028043065,3,analysis_term_no_stopwords,100.0,1559,negative,13
ohkoshi,大越慎一,総長,1,28,0.42230959662152323,-0.9768055321280489,0.7382654352164335,-1.1368465357300115,5,analysis_term_no_stopwords,100.0,1558,negative,14
ohkoshi,大越慎一,関係,0,18,0.2621231979030144,-2.2254529489928094,3.8697581455432752,-1.1312966607832515,4,analysis_term_no_stopwords,100.0,1557,negative,15
ohkoshi,大越慎一,構成,1,27,0.40774719673802245,-0.9506025151177901,0.7468408494940891,-1.0999803496968827,5,analysis_term_no_stopwords,100.0,1556,negative,16
ohkoshi,大越慎一,全体,0,17,0.24756079801951364,-2.225307509055936,4.097390977634056,-1.0993508841080486,4,analysis_term_no_stopwords,100.0,1554,negative,17
ohkoshi,大越慎一,対応,0,17,0.24756079801951364,-2.225307509055936,4.097390977634056,-1.0993508841080486,4,analysis_term_no_stopwords,100.0,1555,negative,18
ohkoshi,大越慎一,職員,0,16,0.2329983981360128,-2.2251620953911084,4.353477913736185,-1.0664573225845293,3,analysis_term_no_stopwords,100.0,1553,negative,19
ohkoshi,大越慎一,上,0,15,0.218435998252512,-2.225016707989667,4.6437097746519305,-1.032525395011424,4,analysis_term_no_stopwords,100.0,1550,negative,20
someya,染谷隆夫,構成,13,15,0.40774719673802245,1.4485030446585823,0.13948615997291253,3.8784112080660083,5,analysis_term_no_stopwords,100.0,1,positive,1
someya,染谷隆夫,整える,8,7,0.218435998252512,1.7143482599236197,0.2602118170601669,3.3607448613820616,3,analysis_term_no_stopwords,100.0,2,positive,2
someya,染谷隆夫,投資,7,5,0.17474879860200962,1.9108632606256224,0.3326237974021906,3.3132404269418987,4,analysis_term_no_stopwords,100.0,3,positive,3
someya,染谷隆夫,通ずる,6,3,0.1310615989515072,2.255562401593224,0.48248438448203257,3.247231233670699,4,analysis_term_no_stopwords,100.0,4,positive,4
someya,染谷隆夫,尊重,6,1,0.10193679918450561,3.2954256912028956,1.0713754542282286,3.1837626021904692,2,analysis_term_no_stopwords,100.0,5,positive,5
someya,染谷隆夫,現場,6,4,0.145623998835008,1.9770924114936017,0.40393561667788364,3.110791438287217,2,analysis_term_no_stopwords,100.0,6,positive,6
someya,染谷隆夫,環境,12,21,0.4805591961555264,1.042749050564149,0.12667833782796314,2.929736926430432,4,analysis_term_no_stopwords,100.0,7,positive,7
someya,染谷隆夫,成長,5,3,0.1164991990680064,2.0784854254696548,0.5163189927398726,2.892597011218278,3,analysis_term_no_stopwords,100.0,8,positive,8
someya,染谷隆夫,長期,5,3,0.1164991990680064,2.0784854254696548,0.5163189927398726,2.892597011218278,2,analysis_term_no_stopwords,100.0,9,positive,9
someya,染谷隆夫,人材,9,13,0.32037279743701763,1.2273901978982549,0.18236481964276033,2.8741678021518164,5,analysis_term_no_stopwords,100.0,10,positive,10
someya,染谷隆夫,社会,21,51,1.0484927916120577,0.7295787312768969,0.06456742630962904,2.871213102233638,5,analysis_term_no_stopwords,100.0,11,positive,11
someya,染谷隆夫,担う,6,6,0.17474879860200962,1.583083049736719,0.32389981604641294,2.7816235093218866,5,analysis_term_no_stopwords,100.0,12,positive,12
someya,染谷隆夫,実現,5,4,0.1310615989515072,1.799342284263754,0.436959971086087,2.72203032319799,3,analysis_term_no_stopwords,100.0,13,positive,13
someya,染谷隆夫,築く,5,4,0.1310615989515072,1.799342284263754,0.436959971086087,2.72203032319799,4,analysis_term_no_stopwords,100.0,14,positive,14
someya,染谷隆夫,一人一人,4,1,0.072811999417504,2.916257380627356,1.1776603742911287,2.687297943756634,2,analysis_term_no_stopwords,100.0,15,positive,15
someya,染谷隆夫,時代,4,1,0.072811999417504,2.916257380627356,1.1776603742911287,2.687297943756634,2,analysis_term_no_stopwords,100.0,16,positive,16
someya,染谷隆夫,発揮,4,1,0.072811999417504,2.916257380627356,1.1776603742911287,2.687297943756634,2,analysis_term_no_stopwords,100.0,17,positive,17
someya,染谷隆夫,最大,4,2,0.08737439930100481,2.254041634716261,0.7237265767230489,2.649565579035668,3,analysis_term_no_stopwords,100.0,18,positive,18
someya,染谷隆夫,確保,4,2,0.08737439930100481,2.254041634716261,0.7237265767230489,2.649565579035668,3,analysis_term_no_stopwords,100.0,19,positive,19
someya,染谷隆夫,確立,4,2,0.08737439930100481,2.254041634716261,0.7237265767230489,2.649565579035668,2,analysis_term_no_stopwords,100.0,20,positive,20
someya,染谷隆夫,有る,24,223,3.596912771224698,-0.5427886063271146,0.04064906005960535,-2.6921885258314107,5,analysis_term_no_stopwords,100.0,1571,negative,1
someya,染谷隆夫,考える,0,61,0.888306392893549,-2.6746404754193964,1.1418958462258844,-2.5029499532487054,4,analysis_term_no_stopwords,100.0,1570,negative,2
someya,染谷隆夫,言う,1,50,0.7426823940585409,-1.7995837458182624,0.5935353021497884,-2.3358706208875493,5,analysis_term_no_stopwords,100.0,1569,negative,3
someya,染谷隆夫,成る,7,83,1.310615989515072,-0.7455522637239653,0.13218892651882252,-2.050598122049912,5,analysis_term_no_stopwords,100.0,1568,negative,4
someya,染谷隆夫,つく,1,38,0.5679335954565312,-1.6289554251136122,0.6637103873085242,-1.9994930232963135,5,analysis_term_no_stopwords,100.0,1567,negative,5
someya,染谷隆夫,日本,1,35,0.5242463958060288,-1.5745215565744868,0.6842116967184239,-1.90350211525429,5,analysis_term_no_stopwords,100.0,1566,negative,6
someya,染谷隆夫,為,5,64,1.0048055919615553,-0.809061886869948,0.1819167628813328,-1.8969041353378857,5,analysis_term_no_stopwords,100.0,1565,negative,7
someya,染谷隆夫,国際,4,55,0.8591815931265472,-0.8685000768938034,0.22369813207525902,-1.836279062662178,5,analysis_term_no_stopwords,100.0,1564,negative,8
someya,染谷隆夫,必要,6,66,1.0484927916120577,-0.6792472076547593,0.15678888107982897,-1.7154190605121566,5,analysis_term_no_stopwords,100.0,1563,negative,9
someya,染谷隆夫,行う,1,26,0.39318479685452157,-1.3658615748729606,0.7556684371720359,-1.5712346427842392,5,analysis_term_no_stopwords,100.0,1562,negative,10
someya,染谷隆夫,科学,1,24,0.36405999708752,-1.3066679523391622,0.7741496458788958,-1.4850900210345033,5,analysis_term_no_stopwords,100.0,1561,negative,11
someya,染谷隆夫,居る,12,99,1.6164263870685889,-0.42701205058184666,0.08337944343371895,-1.4788040638598328,5,analysis_term_no_stopwords,100.0,1560,negative,12
someya,染谷隆夫,プロセス-process,0,20,0.291247997670016,-2.6679851118658853,3.482782330988948,-1.4296187501059456,2,analysis_term_no_stopwords,100.0,1559,negative,13
someya,染谷隆夫,中,0,19,0.2766855977865152,-2.667823419904029,3.666086664198893,-1.3933355473241025,3,analysis_term_no_stopwords,100.0,1558,negative,14
someya,染谷隆夫,卓越,1,21,0.32037279743701763,-1.2052880500385257,0.8042653567477273,-1.3439749362800955,5,analysis_term_no_stopwords,100.0,1555,negative,15
someya,染谷隆夫,教員,1,21,0.32037279743701763,-1.2052880500385257,0.8042653567477273,-1.3439749362800955,5,analysis_term_no_stopwords,100.0,1556,negative,16
someya,染谷隆夫,行く,1,21,0.32037279743701763,-1.2052880500385257,0.8042653567477273,-1.3439749362800955,4,analysis_term_no_stopwords,100.0,1557,negative,17
someya,染谷隆夫,点,0,16,0.2329983981360128,-2.6673385242066248,4.353477913736185,-1.2783799916616778,4,analysis_term_no_stopwords,100.0,1554,negative,18
someya,染谷隆夫,物,2,27,0.42230959662152323,-0.8503067207273007,0.4492958036484656,-1.2685553770960143,5,analysis_term_no_stopwords,100.0,1552,negative,19
someya,染谷隆夫,連携,2,27,0.42230959662152323,-0.8503067207273007,0.4492958036484656,-1.2685553770960143,5,analysis_term_no_stopwords,100.0,1553,negative,20
sugano,菅野暁,経営,18,11,0.42230959662152323,1.643445676775774,0.14182997877269546,4.363865276235234,5,analysis_term_no_stopwords,100.0,1,positive,1
sugano,菅野暁,職員,13,3,0.2329983981360128,2.5731828880237604,0.3848790546937198,4.1477112633699385,3,analysis_term_no_stopwords,100.0,2,positive,2
sugano,菅野暁,行く,14,8,0.32037279743701763,1.706556423886715,0.19001750674194473,3.914928585707087,4,analysis_term_no_stopwords,100.0,3,positive,3
sugano,菅野暁,つく,18,21,0.5679335954565312,1.013874184177209,0.10022141703008451,3.2026080834417745,5,analysis_term_no_stopwords,100.0,4,positive,4
sugano,菅野暁,来る,8,5,0.18931119848551042,1.6167422591380225,0.31481419436118663,2.881466915396553,3,analysis_term_no_stopwords,100.0,5,positive,5
sugano,菅野暁,学長,7,4,0.16018639871850882,1.7030698040422019,0.38003501348388946,2.762616767111411,3,analysis_term_no_stopwords,100.0,6,positive,6
sugano,菅野暁,述べる,8,6,0.20387359836901123,1.4397657335396152,0.28308325368198306,2.706043314078718,3,analysis_term_no_stopwords,100.0,7,positive,7
sugano,菅野暁,関する,6,3,0.1310615989515072,1.831670039223038,0.48248438448203257,2.6369725603435294,3,analysis_term_no_stopwords,100.0,8,positive,8
sugano,菅野暁,考える,23,38,0.888306392893549,0.6762874893825108,0.06757615672872243,2.6015645692255283,4,analysis_term_no_stopwords,100.0,9,positive,9
sugano,菅野暁,比率,5,1,0.08737439930100481,2.702431163380605,1.116211493732578,2.5578872390206,2,analysis_term_no_stopwords,100.0,10,positive,10
sugano,菅野暁,於く,15,21,0.5242463958060288,0.8350586899259742,0.11087459913406353,2.5078466025756994,5,analysis_term_no_stopwords,100.0,11,positive,11
sugano,菅野暁,像,5,2,0.10193679918450561,2.046016171654035,0.6717556933851794,2.496337978934886,2,analysis_term_no_stopwords,100.0,12,positive,12
sugano,菅野暁,強化,10,11,0.3058103975535168,1.0680235216968441,0.18548273562091006,2.4798708933870883,4,analysis_term_no_stopwords,100.0,13,positive,13
sugano,菅野暁,行う,12,15,0.39318479685452157,0.944334850308973,0.14565332369536232,2.474376701744435,5,analysis_term_no_stopwords,100.0,14,positive,14
sugano,菅野暁,良い,6,4,0.145623998835008,1.5531809978419862,0.40393561667788364,2.4438018790164597,4,analysis_term_no_stopwords,100.0,15,positive,15
sugano,菅野暁,教員,10,12,0.32037279743701763,0.9833176515548203,0.17806209967839481,2.330279905439929,5,analysis_term_no_stopwords,100.0,16,positive,16
sugano,菅野暁,見る,5,3,0.1164991990680064,1.6548351047008873,0.5163189927398726,2.3030092101007895,2,analysis_term_no_stopwords,100.0,17,positive,17
sugano,菅野暁,出る,4,1,0.072811999417504,2.4928868172833853,1.1776603742911287,2.2971667941951406,2,analysis_term_no_stopwords,100.0,18,positive,18
sugano,菅野暁,サポート-support,4,2,0.08737439930100481,1.8306520416976388,0.7237265767230489,2.1518824506912915,2,analysis_term_no_stopwords,100.0,19,positive,19
sugano,菅野暁,外部,4,2,0.08737439930100481,1.8306520416976388,0.7237265767230489,2.1518824506912915,2,analysis_term_no_stopwords,100.0,20,positive,20
sugano,菅野暁,力,0,42,0.6116207951070336,-3.0947413671357786,1.6584677766614038,-2.403094454528724,4,analysis_term_no_stopwords,100.0,1571,negative,1
sugano,菅野暁,世界,3,41,0.6407455948740353,-1.2858866151088586,0.2986839530709776,-2.35286348857001,5,analysis_term_no_stopwords,100.0,1570,negative,2
sugano,菅野暁,日本,3,33,0.5242463958060288,-1.100146930683123,0.31357776215965794,-1.964617748717259,5,analysis_term_no_stopwords,100.0,1569,negative,3
sugano,菅野暁,知,0,28,0.40774719673802245,-3.0922023086293358,2.4877016649921053,-1.9605085997020157,4,analysis_term_no_stopwords,100.0,1568,negative,4
sugano,菅野暁,学術,3,31,0.4951215960390273,-1.045646624508323,0.3178640276361824,-1.854659757932649,5,analysis_term_no_stopwords,100.0,1567,negative,5
sugano,菅野暁,制度,2,26,0.40774719673802245,-1.2418407360607384,0.45319367036154223,-1.8446925087697363,5,analysis_term_no_stopwords,100.0,1565,negative,6
sugano,菅野暁,構成,2,26,0.40774719673802245,-1.2418407360607384,0.45319367036154223,-1.8446925087697363,5,analysis_term_no_stopwords,100.0,1566,negative,7
sugano,菅野暁,為る,102,408,7.426823940585408,-0.1909491707502693,0.011545689944030676,-1.7770834873533286,5,analysis_term_no_stopwords,100.0,1564,negative,8
sugano,菅野暁,ガバナンス-governance,0,22,0.32037279743701763,-3.0911162981309452,3.166165755444498,-1.737194802401681,2,analysis_term_no_stopwords,100.0,1563,negative,9
sugano,菅野暁,プロセス-process,1,19,0.291247997670016,-1.5502487609908195,0.8262815478542148,-1.7054436161227182,2,analysis_term_no_stopwords,100.0,1562,negative,10
sugano,菅野暁,組織,4,33,0.5388087956895297,-0.8469845618048941,0.25013833030115684,-1.6935006634894765,5,analysis_term_no_stopwords,100.0,1561,negative,11
sugano,菅野暁,学生,3,28,0.45143439638852484,-0.9560473448542846,0.32488222316211735,-1.6773219313970626,5,analysis_term_no_stopwords,100.0,1560,negative,12
sugano,菅野暁,科学,2,23,0.36405999708752,-1.137150393697845,0.4658018891331961,-1.6661622223038974,5,analysis_term_no_stopwords,100.0,1559,negative,13
sugano,菅野暁,部局,5,36,0.5970583952235329,-0.7246175239665584,0.20598987953913325,-1.5965623769049768,5,analysis_term_no_stopwords,100.0,1558,negative,14
sugano,菅野暁,基盤,0,16,0.2329983981360128,-3.0900315778337877,4.353477913736185,-1.4809648294943887,4,analysis_term_no_stopwords,100.0,1556,negative,15
sugano,菅野暁,評価,0,16,0.2329983981360128,-3.0900315778337877,4.353477913736185,-1.4809648294943887,4,analysis_term_no_stopwords,100.0,1557,negative,16
sugano,菅野暁,創造,1,15,0.2329983981360128,-1.3594986853719826,0.8766780193716307,-1.4519736436047803,5,analysis_term_no_stopwords,100.0,1555,negative,17
sugano,菅野暁,環境,4,29,0.4805591961555264,-0.7302043019739397,0.25710708660559933,-1.4400824695374677,4,analysis_term_no_stopwords,100.0,1554,negative,18
sugano,菅野暁,問題,0,15,0.218435998252512,-3.089850916347607,4.6437097746519305,-1.4338541937560312,2,analysis_term_no_stopwords,100.0,1552,negative,19
sugano,菅野暁,整える,0,15,0.218435998252512,-3.089850916347607,4.6437097746519305,-1.4338541937560312,3,analysis_term_no_stopwords,100.0,1553,negative,20
yamamoto,山本隆司,ガバナンス-governance,18,4,0.32037279743701763,2.273534520214316,0.28604554944454574,4.250930016569167,2,analysis_term_no_stopwords,100.0,1,positive,1
yamamoto,山本隆司,部局,25,16,0.5970583952235329,1.2630127963139257,0.09931862980236886,4.00767403591688,5,analysis_term_no_stopwords,100.0,2,positive,2
yamamoto,山本隆司,プロセス-process,19,1,0.291247997670016,3.5339760098725446,0.8262815478542148,3.887761098235549,2,analysis_term_no_stopwords,100.0,3,positive,3
yamamoto,山本隆司,成る,43,47,1.310615989515072,0.7456395424347351,0.04326733945115452,3.584667148934357,5,analysis_term_no_stopwords,100.0,4,positive,4
yamamoto,山本隆司,問題,14,1,0.218435998252512,3.284551893297742,0.891055497432357,3.479555361927618,2,analysis_term_no_stopwords,100.0,5,positive,5
yamamoto,山本隆司,課題,23,19,0.6116207951070336,1.0138308427488312,0.09334220314410005,3.3183827380855653,5,analysis_term_no_stopwords,100.0,6,positive,6
yamamoto,山本隆司,utd,9,2,0.16018639871850882,2.2697049741284854,0.5720910988890915,3.000798362051818,2,analysis_term_no_stopwords,100.0,7,positive,7
yamamoto,山本隆司,ユニット-unit,9,2,0.16018639871850882,2.2697049741284854,0.5720910988890915,3.000798362051818,2,analysis_term_no_stopwords,100.0,8,positive,8
yamamoto,山本隆司,法,8,2,0.145623998835008,2.1586145469411218,0.5888301871455643,2.8130669358999993,2,analysis_term_no_stopwords,100.0,9,positive,9
yamamoto,山本隆司,意思,8,1,0.1310615989515072,2.7972989629690446,1.0071103157010803,2.787406844518038,2,analysis_term_no_stopwords,100.0,10,positive,10
yamamoto,山本隆司,為る,180,330,7.426823940585408,0.25284665597295763,0.008299021124189414,2.7755162810160794,5,analysis_term_no_stopwords,100.0,11,positive,11
yamamoto,山本隆司,組織,19,18,0.5388087956895297,0.8790644688826719,0.10512109104425726,2.7112889038026684,5,analysis_term_no_stopwords,100.0,12,positive,12
yamamoto,山本隆司,場合,8,3,0.16018639871850882,1.7730000567581596,0.4389832508385459,2.675991775727168,3,analysis_term_no_stopwords,100.0,13,positive,13
yamamoto,山本隆司,法人,8,3,0.16018639871850882,1.7730000567581596,0.4389832508385459,2.675991775727168,2,analysis_term_no_stopwords,100.0,14,positive,14
yamamoto,山本隆司,関係,11,7,0.2621231979030144,1.2637435714115677,0.22649397980371788,2.655404139155547,4,analysis_term_no_stopwords,100.0,15,positive,15
yamamoto,山本隆司,効率,7,1,0.1164991990680064,2.676513353921444,1.0361752397066966,2.629376695642685,2,analysis_term_no_stopwords,100.0,16,positive,16
yamamoto,山本隆司,管理,7,1,0.1164991990680064,2.676513353921444,1.0361752397066966,2.629376695642685,2,analysis_term_no_stopwords,100.0,17,positive,17
yamamoto,山本隆司,人,7,2,0.1310615989515072,2.0319353490893066,0.6094812675750356,2.6027335161948315,3,analysis_term_no_stopwords,100.0,18,positive,18
yamamoto,山本隆司,言う,24,27,0.7426823940585409,0.7126368984811622,0.07646153098532621,2.577192212804999,5,analysis_term_no_stopwords,100.0,19,positive,19
yamamoto,山本隆司,状況,9,5,0.20387359836901123,1.3946538354005389,0.3008144504230519,2.5428285450697765,3,analysis_term_no_stopwords,100.0,20,positive,20
yamamoto,山本隆司,力,2,40,0.6116207951070336,-1.929960478695195,0.4075274752405406,-3.0232215090242867,4,analysis_term_no_stopwords,100.0,1571,negative,1
yamamoto,山本隆司,考える,7,54,0.888306392893549,-1.1262835578307113,0.14498874058201017,-2.9578803709944643,4,analysis_term_no_stopwords,100.0,1570,negative,2
yamamoto,山本隆司,経営,2,27,0.42230959662152323,-1.6098944077165926,0.4492958036484656,-2.4017688649089806,5,analysis_term_no_stopwords,100.0,1569,negative,3
yamamoto,山本隆司,世界,6,38,0.6407455948740353,-0.9446852691675369,0.1764649184526744,-2.2488368722223475,5,analysis_term_no_stopwords,100.0,1568,negative,4
yamamoto,山本隆司,行く,1,21,0.32037279743701763,-1.9642693035308207,0.8042653567477273,-2.190288630145632,4,analysis_term_no_stopwords,100.0,1567,negative,5
yamamoto,山本隆司,環境,4,29,0.4805591961555264,-1.0667090974225513,0.25710708660559933,-2.103725035776596,4,analysis_term_no_stopwords,100.0,1566,negative,6
yamamoto,山本隆司,人材,2,20,0.32037279743701763,-1.3517482598966692,0.480176927151431,-1.9507210712738845,5,analysis_term_no_stopwords,100.0,1565,negative,7
yamamoto,山本隆司,創造,1,15,0.2329983981360128,-1.6953309959287193,0.8766780193716307,-1.81064972681545,5,analysis_term_no_stopwords,100.0,1564,negative,8
yamamoto,山本隆司,年,1,14,0.218435998252512,-1.6380866742091431,0.891055497432357,-1.7353396919005293,3,analysis_term_no_stopwords,100.0,1563,negative,9
yamamoto,山本隆司,構成,4,24,0.40774719673802245,-0.8932573001493713,0.26784386355705714,-1.7259798598651506,5,analysis_term_no_stopwords,100.0,1562,negative,10
yamamoto,山本隆司,中,2,17,0.2766855977865152,-1.207887115369509,0.4971164730053798,-1.713157418864959,3,analysis_term_no_stopwords,100.0,1561,negative,11
yamamoto,山本隆司,於く,6,30,0.5242463958060288,-0.7249867504793874,0.18603524895542967,-1.680863512432155,5,analysis_term_no_stopwords,100.0,1560,negative,12
yamamoto,山本隆司,支援,1,13,0.20387359836901123,-1.5758806475464402,0.9063873407230845,-1.6552607102446653,5,analysis_term_no_stopwords,100.0,1559,negative,13
yamamoto,山本隆司,整える,0,15,0.218435998252512,-3.4255528120788794,4.6437097746519305,-1.5896376228203426,3,analysis_term_no_stopwords,100.0,1558,negative,14
yamamoto,山本隆司,学内,1,12,0.18931119848551042,-1.5078993814304607,0.9228619136853367,-1.5696542544197056,5,analysis_term_no_stopwords,100.0,1556,negative,15
yamamoto,山本隆司,来る,1,12,0.18931119848551042,-1.5078993814304607,0.9228619136853367,-1.5696542544197056,3,analysis_term_no_stopwords,100.0,1557,negative,16
yamamoto,山本隆司,価値,0,13,0.18931119848551042,-3.425151671229588,5.35812666305992,-1.4796987931011498,3,analysis_term_no_stopwords,100.0,1553,negative,17
yamamoto,山本隆司,構築,0,13,0.18931119848551042,-3.425151671229588,5.35812666305992,-1.4796987931011498,4,analysis_term_no_stopwords,100.0,1554,negative,18
yamamoto,山本隆司,海外,0,13,0.18931119848551042,-3.425151671229588,5.35812666305992,-1.4796987931011498,4,analysis_term_no_stopwords,100.0,1555,negative,19
yamamoto,山本隆司,担う,1,11,0.17474879860200962,-1.4331161241995662,0.9407332864789737,-1.477570210857736,5,analysis_term_no_stopwords,100.0,1551,negative,20
